ISO-10303-21;
HEADER;
/* Generated by software containing ST-Developer
 * from STEP Tools, Inc. (www.steptools.com) 
 */
/* OPTION: using custom renumber hook */

FILE_DESCRIPTION(
/* description */ ('STEP AP242 Edition 2',
'CAx-IF Rec.Pracs.---Representation and Presentation of Product Manufa
cturing Information (PMI)---4.0---2014-10-13',
'CAx-IF Rec.Pracs.---3D Tessellated Geometry---0.4---2014-09-14','2;1',
'CAx-IF Rec.Pracs.---User Defined Attributes---1.5---2016-08-15'),
/* implementation_level */ '2;1');

FILE_NAME(
/* name */ 'Part Studio 1',
/* time_stamp */ '2026-05-21T00:14:33Z',
/* author */ (''),
/* organization */ (''),
/* preprocessor_version */ 'ST-DEVELOPER v20',
/* originating_system */ 'ONSHAPE BY PTC INC, 1.215',
/* authorisation */ '  ');

FILE_SCHEMA (('AP242_MANAGED_MODEL_BASED_3D_ENGINEERING_MIM_LF { 1 0 10303 442 3 1 4 }'));
ENDSEC;

DATA;
#10=B_SPLINE_SURFACE_WITH_KNOTS('',3,1,((#16065,#16066),(#16067,#16068),
(#16069,#16070),(#16071,#16072)),.SURF_OF_LINEAR_EXTRUSION.,.F.,.F.,.F.,
(4,4),(2,2),(0.,1.),(0.,1.),.PIECEWISE_BEZIER_KNOTS.);
#11=B_SPLINE_SURFACE_WITH_KNOTS('',3,1,((#16080,#16081),(#16082,#16083),
(#16084,#16085),(#16086,#16087)),.SURF_OF_LINEAR_EXTRUSION.,.F.,.F.,.F.,
(4,4),(2,2),(0.,1.),(0.,1.),.PIECEWISE_BEZIER_KNOTS.);
#12=B_SPLINE_SURFACE_WITH_KNOTS('',3,1,((#16097,#16098),(#16099,#16100),
(#16101,#16102),(#16103,#16104)),.SURF_OF_LINEAR_EXTRUSION.,.F.,.F.,.F.,
(4,4),(2,2),(0.,1.),(0.,1.),.PIECEWISE_BEZIER_KNOTS.);
#13=B_SPLINE_SURFACE_WITH_KNOTS('',3,1,((#16110,#16111),(#16112,#16113),
(#16114,#16115),(#16116,#16117)),.SURF_OF_LINEAR_EXTRUSION.,.F.,.F.,.F.,
(4,4),(2,2),(0.,1.),(0.,1.),.PIECEWISE_BEZIER_KNOTS.);
#14=B_SPLINE_SURFACE_WITH_KNOTS('',3,1,((#16123,#16124),(#16125,#16126),
(#16127,#16128),(#16129,#16130)),.SURF_OF_LINEAR_EXTRUSION.,.F.,.F.,.F.,
(4,4),(2,2),(0.,1.),(0.,1.),.PIECEWISE_BEZIER_KNOTS.);
#15=B_SPLINE_SURFACE_WITH_KNOTS('',3,1,((#16136,#16137),(#16138,#16139),
(#16140,#16141),(#16142,#16143)),.SURF_OF_LINEAR_EXTRUSION.,.F.,.F.,.F.,
(4,4),(2,2),(0.,1.),(0.,1.),.PIECEWISE_BEZIER_KNOTS.);
#16=B_SPLINE_SURFACE_WITH_KNOTS('',3,1,((#16161,#16162),(#16163,#16164),
(#16165,#16166),(#16167,#16168)),.SURF_OF_LINEAR_EXTRUSION.,.F.,.F.,.F.,
(4,4),(2,2),(0.,1.),(0.,1.),.PIECEWISE_BEZIER_KNOTS.);
#17=B_SPLINE_SURFACE_WITH_KNOTS('',3,1,((#16178,#16179),(#16180,#16181),
(#16182,#16183),(#16184,#16185)),.SURF_OF_LINEAR_EXTRUSION.,.F.,.F.,.F.,
(4,4),(2,2),(0.,1.),(0.,1.),.PIECEWISE_BEZIER_KNOTS.);
#18=B_SPLINE_SURFACE_WITH_KNOTS('',3,1,((#16191,#16192),(#16193,#16194),
(#16195,#16196),(#16197,#16198)),.SURF_OF_LINEAR_EXTRUSION.,.F.,.F.,.F.,
(4,4),(2,2),(0.,1.),(0.,1.),.PIECEWISE_BEZIER_KNOTS.);
#19=B_SPLINE_SURFACE_WITH_KNOTS('',3,1,((#16204,#16205),(#16206,#16207),
(#16208,#16209),(#16210,#16211)),.SURF_OF_LINEAR_EXTRUSION.,.F.,.F.,.F.,
(4,4),(2,2),(0.,1.),(0.,1.),.PIECEWISE_BEZIER_KNOTS.);
#20=B_SPLINE_SURFACE_WITH_KNOTS('',3,1,((#16216,#16217),(#16218,#16219),
(#16220,#16221),(#16222,#16223)),.SURF_OF_LINEAR_EXTRUSION.,.F.,.F.,.F.,
(4,4),(2,2),(0.,1.),(0.,1.),.PIECEWISE_BEZIER_KNOTS.);
#21=B_SPLINE_SURFACE_WITH_KNOTS('',3,1,((#16235,#16236),(#16237,#16238),
(#16239,#16240),(#16241,#16242)),.SURF_OF_LINEAR_EXTRUSION.,.F.,.F.,.F.,
(4,4),(2,2),(0.,1.),(0.,1.),.PIECEWISE_BEZIER_KNOTS.);
#22=B_SPLINE_SURFACE_WITH_KNOTS('',3,1,((#16295,#16296),(#16297,#16298),
(#16299,#16300),(#16301,#16302)),.SURF_OF_LINEAR_EXTRUSION.,.F.,.F.,.F.,
(4,4),(2,2),(0.,1.),(0.,1.),.PIECEWISE_BEZIER_KNOTS.);
#23=B_SPLINE_SURFACE_WITH_KNOTS('',3,1,((#16310,#16311),(#16312,#16313),
(#16314,#16315),(#16316,#16317)),.SURF_OF_LINEAR_EXTRUSION.,.F.,.F.,.F.,
(4,4),(2,2),(0.,1.),(0.,1.),.PIECEWISE_BEZIER_KNOTS.);
#24=B_SPLINE_SURFACE_WITH_KNOTS('',3,1,((#16327,#16328),(#16329,#16330),
(#16331,#16332),(#16333,#16334)),.SURF_OF_LINEAR_EXTRUSION.,.F.,.F.,.F.,
(4,4),(2,2),(0.,1.),(0.,1.),.PIECEWISE_BEZIER_KNOTS.);
#25=B_SPLINE_SURFACE_WITH_KNOTS('',3,1,((#16340,#16341),(#16342,#16343),
(#16344,#16345),(#16346,#16347)),.SURF_OF_LINEAR_EXTRUSION.,.F.,.F.,.F.,
(4,4),(2,2),(0.,1.),(0.,1.),.PIECEWISE_BEZIER_KNOTS.);
#26=B_SPLINE_SURFACE_WITH_KNOTS('',3,1,((#16353,#16354),(#16355,#16356),
(#16357,#16358),(#16359,#16360)),.SURF_OF_LINEAR_EXTRUSION.,.F.,.F.,.F.,
(4,4),(2,2),(0.,1.),(0.,1.),.PIECEWISE_BEZIER_KNOTS.);
#27=B_SPLINE_SURFACE_WITH_KNOTS('',3,1,((#16366,#16367),(#16368,#16369),
(#16370,#16371),(#16372,#16373)),.SURF_OF_LINEAR_EXTRUSION.,.F.,.F.,.F.,
(4,4),(2,2),(0.,1.),(0.,1.),.PIECEWISE_BEZIER_KNOTS.);
#28=B_SPLINE_SURFACE_WITH_KNOTS('',3,1,((#16391,#16392),(#16393,#16394),
(#16395,#16396),(#16397,#16398)),.SURF_OF_LINEAR_EXTRUSION.,.F.,.F.,.F.,
(4,4),(2,2),(0.,1.),(0.,1.),.PIECEWISE_BEZIER_KNOTS.);
#29=B_SPLINE_SURFACE_WITH_KNOTS('',3,1,((#16408,#16409),(#16410,#16411),
(#16412,#16413),(#16414,#16415)),.SURF_OF_LINEAR_EXTRUSION.,.F.,.F.,.F.,
(4,4),(2,2),(0.,1.),(0.,1.),.PIECEWISE_BEZIER_KNOTS.);
#30=B_SPLINE_SURFACE_WITH_KNOTS('',3,1,((#16421,#16422),(#16423,#16424),
(#16425,#16426),(#16427,#16428)),.SURF_OF_LINEAR_EXTRUSION.,.F.,.F.,.F.,
(4,4),(2,2),(0.,1.),(0.,1.),.PIECEWISE_BEZIER_KNOTS.);
#31=B_SPLINE_SURFACE_WITH_KNOTS('',3,1,((#16434,#16435),(#16436,#16437),
(#16438,#16439),(#16440,#16441)),.SURF_OF_LINEAR_EXTRUSION.,.F.,.F.,.F.,
(4,4),(2,2),(0.,1.),(0.,1.),.PIECEWISE_BEZIER_KNOTS.);
#32=B_SPLINE_SURFACE_WITH_KNOTS('',3,1,((#16477,#16478),(#16479,#16480),
(#16481,#16482),(#16483,#16484)),.SURF_OF_LINEAR_EXTRUSION.,.F.,.F.,.F.,
(4,4),(2,2),(0.,1.),(0.,1.),.PIECEWISE_BEZIER_KNOTS.);
#33=B_SPLINE_SURFACE_WITH_KNOTS('',3,1,((#16490,#16491),(#16492,#16493),
(#16494,#16495),(#16496,#16497)),.SURF_OF_LINEAR_EXTRUSION.,.F.,.F.,.F.,
(4,4),(2,2),(0.,1.),(0.,1.),.PIECEWISE_BEZIER_KNOTS.);
#34=B_SPLINE_SURFACE_WITH_KNOTS('',3,1,((#16503,#16504),(#16505,#16506),
(#16507,#16508),(#16509,#16510)),.SURF_OF_LINEAR_EXTRUSION.,.F.,.F.,.F.,
(4,4),(2,2),(0.,1.),(0.,1.),.PIECEWISE_BEZIER_KNOTS.);
#35=B_SPLINE_SURFACE_WITH_KNOTS('',3,1,((#16544,#16545),(#16546,#16547),
(#16548,#16549),(#16550,#16551)),.SURF_OF_LINEAR_EXTRUSION.,.F.,.F.,.F.,
(4,4),(2,2),(0.,1.),(0.,1.),.PIECEWISE_BEZIER_KNOTS.);
#36=B_SPLINE_SURFACE_WITH_KNOTS('',3,1,((#16557,#16558),(#16559,#16560),
(#16561,#16562),(#16563,#16564)),.SURF_OF_LINEAR_EXTRUSION.,.F.,.F.,.F.,
(4,4),(2,2),(0.,1.),(0.,1.),.PIECEWISE_BEZIER_KNOTS.);
#37=B_SPLINE_SURFACE_WITH_KNOTS('',3,1,((#16570,#16571),(#16572,#16573),
(#16574,#16575),(#16576,#16577)),.SURF_OF_LINEAR_EXTRUSION.,.F.,.F.,.F.,
(4,4),(2,2),(0.,1.),(0.,1.),.PIECEWISE_BEZIER_KNOTS.);
#38=B_SPLINE_SURFACE_WITH_KNOTS('',3,1,((#16583,#16584),(#16585,#16586),
(#16587,#16588),(#16589,#16590)),.SURF_OF_LINEAR_EXTRUSION.,.F.,.F.,.F.,
(4,4),(2,2),(0.,1.),(0.,1.),.PIECEWISE_BEZIER_KNOTS.);
#39=B_SPLINE_SURFACE_WITH_KNOTS('',3,1,((#16595,#16596),(#16597,#16598),
(#16599,#16600),(#16601,#16602)),.SURF_OF_LINEAR_EXTRUSION.,.F.,.F.,.F.,
(4,4),(2,2),(0.,1.),(0.,1.),.PIECEWISE_BEZIER_KNOTS.);
#40=B_SPLINE_SURFACE_WITH_KNOTS('',3,1,((#16615,#16616),(#16617,#16618),
(#16619,#16620),(#16621,#16622)),.SURF_OF_LINEAR_EXTRUSION.,.F.,.F.,.F.,
(4,4),(2,2),(0.,1.),(0.,1.),.PIECEWISE_BEZIER_KNOTS.);
#41=B_SPLINE_SURFACE_WITH_KNOTS('',3,1,((#16632,#16633),(#16634,#16635),
(#16636,#16637),(#16638,#16639)),.SURF_OF_LINEAR_EXTRUSION.,.F.,.F.,.F.,
(4,4),(2,2),(0.,1.),(0.,1.),.PIECEWISE_BEZIER_KNOTS.);
#42=B_SPLINE_SURFACE_WITH_KNOTS('',3,1,((#16649,#16650),(#16651,#16652),
(#16653,#16654),(#16655,#16656)),.SURF_OF_LINEAR_EXTRUSION.,.F.,.F.,.F.,
(4,4),(2,2),(0.,1.),(0.,1.),.PIECEWISE_BEZIER_KNOTS.);
#43=B_SPLINE_SURFACE_WITH_KNOTS('',3,1,((#16666,#16667),(#16668,#16669),
(#16670,#16671),(#16672,#16673)),.SURF_OF_LINEAR_EXTRUSION.,.F.,.F.,.F.,
(4,4),(2,2),(0.,1.),(0.,1.),.PIECEWISE_BEZIER_KNOTS.);
#44=B_SPLINE_SURFACE_WITH_KNOTS('',3,1,((#16709,#16710),(#16711,#16712),
(#16713,#16714),(#16715,#16716)),.SURF_OF_LINEAR_EXTRUSION.,.F.,.F.,.F.,
(4,4),(2,2),(0.,1.),(0.,1.),.PIECEWISE_BEZIER_KNOTS.);
#45=B_SPLINE_SURFACE_WITH_KNOTS('',3,1,((#16722,#16723),(#16724,#16725),
(#16726,#16727),(#16728,#16729)),.SURF_OF_LINEAR_EXTRUSION.,.F.,.F.,.F.,
(4,4),(2,2),(0.,1.),(0.,1.),.PIECEWISE_BEZIER_KNOTS.);
#46=B_SPLINE_SURFACE_WITH_KNOTS('',3,1,((#16747,#16748),(#16749,#16750),
(#16751,#16752),(#16753,#16754)),.SURF_OF_LINEAR_EXTRUSION.,.F.,.F.,.F.,
(4,4),(2,2),(0.,1.),(0.,1.),.PIECEWISE_BEZIER_KNOTS.);
#47=B_SPLINE_SURFACE_WITH_KNOTS('',3,1,((#16760,#16761),(#16762,#16763),
(#16764,#16765),(#16766,#16767)),.SURF_OF_LINEAR_EXTRUSION.,.F.,.F.,.F.,
(4,4),(2,2),(0.,1.),(0.,1.),.PIECEWISE_BEZIER_KNOTS.);
#48=B_SPLINE_SURFACE_WITH_KNOTS('',3,1,((#16773,#16774),(#16775,#16776),
(#16777,#16778),(#16779,#16780)),.SURF_OF_LINEAR_EXTRUSION.,.F.,.F.,.F.,
(4,4),(2,2),(0.,1.),(0.,1.),.PIECEWISE_BEZIER_KNOTS.);
#49=B_SPLINE_SURFACE_WITH_KNOTS('',3,1,((#16794,#16795),(#16796,#16797),
(#16798,#16799),(#16800,#16801)),.SURF_OF_LINEAR_EXTRUSION.,.F.,.F.,.F.,
(4,4),(2,2),(0.,1.),(0.,1.),.PIECEWISE_BEZIER_KNOTS.);
#50=B_SPLINE_SURFACE_WITH_KNOTS('',3,1,((#16807,#16808),(#16809,#16810),
(#16811,#16812),(#16813,#16814)),.SURF_OF_LINEAR_EXTRUSION.,.F.,.F.,.F.,
(4,4),(2,2),(0.,1.),(0.,1.),.PIECEWISE_BEZIER_KNOTS.);
#51=B_SPLINE_SURFACE_WITH_KNOTS('',3,1,((#16820,#16821),(#16822,#16823),
(#16824,#16825),(#16826,#16827)),.SURF_OF_LINEAR_EXTRUSION.,.F.,.F.,.F.,
(4,4),(2,2),(0.,1.),(0.,1.),.PIECEWISE_BEZIER_KNOTS.);
#52=B_SPLINE_SURFACE_WITH_KNOTS('',3,1,((#16833,#16834),(#16835,#16836),
(#16837,#16838),(#16839,#16840)),.SURF_OF_LINEAR_EXTRUSION.,.F.,.F.,.F.,
(4,4),(2,2),(0.,1.),(0.,1.),.PIECEWISE_BEZIER_KNOTS.);
#53=B_SPLINE_SURFACE_WITH_KNOTS('',3,1,((#16846,#16847),(#16848,#16849),
(#16850,#16851),(#16852,#16853)),.SURF_OF_LINEAR_EXTRUSION.,.F.,.F.,.F.,
(4,4),(2,2),(0.,1.),(0.,1.),.PIECEWISE_BEZIER_KNOTS.);
#54=B_SPLINE_SURFACE_WITH_KNOTS('',3,1,((#16861,#16862),(#16863,#16864),
(#16865,#16866),(#16867,#16868)),.SURF_OF_LINEAR_EXTRUSION.,.F.,.F.,.F.,
(4,4),(2,2),(0.,1.),(0.,1.),.PIECEWISE_BEZIER_KNOTS.);
#55=B_SPLINE_SURFACE_WITH_KNOTS('',3,1,((#16876,#16877),(#16878,#16879),
(#16880,#16881),(#16882,#16883)),.SURF_OF_LINEAR_EXTRUSION.,.F.,.F.,.F.,
(4,4),(2,2),(0.,1.),(0.,1.),.PIECEWISE_BEZIER_KNOTS.);
#56=B_SPLINE_SURFACE_WITH_KNOTS('',3,1,((#16896,#16897),(#16898,#16899),
(#16900,#16901),(#16902,#16903)),.SURF_OF_LINEAR_EXTRUSION.,.F.,.F.,.F.,
(4,4),(2,2),(0.,1.),(0.,1.),.PIECEWISE_BEZIER_KNOTS.);
#57=B_SPLINE_SURFACE_WITH_KNOTS('',3,1,((#16913,#16914),(#16915,#16916),
(#16917,#16918),(#16919,#16920)),.SURF_OF_LINEAR_EXTRUSION.,.F.,.F.,.F.,
(4,4),(2,2),(0.,1.),(0.,1.),.PIECEWISE_BEZIER_KNOTS.);
#58=B_SPLINE_SURFACE_WITH_KNOTS('',3,1,((#16930,#16931),(#16932,#16933),
(#16934,#16935),(#16936,#16937)),.SURF_OF_LINEAR_EXTRUSION.,.F.,.F.,.F.,
(4,4),(2,2),(0.,1.),(0.,1.),.PIECEWISE_BEZIER_KNOTS.);
#59=B_SPLINE_SURFACE_WITH_KNOTS('',3,1,((#16947,#16948),(#16949,#16950),
(#16951,#16952),(#16953,#16954)),.SURF_OF_LINEAR_EXTRUSION.,.F.,.F.,.F.,
(4,4),(2,2),(0.,1.),(0.,1.),.PIECEWISE_BEZIER_KNOTS.);
#60=B_SPLINE_SURFACE_WITH_KNOTS('',3,1,((#16964,#16965),(#16966,#16967),
(#16968,#16969),(#16970,#16971)),.SURF_OF_LINEAR_EXTRUSION.,.F.,.F.,.F.,
(4,4),(2,2),(0.,1.),(0.,1.),.PIECEWISE_BEZIER_KNOTS.);
#61=B_SPLINE_SURFACE_WITH_KNOTS('',3,1,((#16981,#16982),(#16983,#16984),
(#16985,#16986),(#16987,#16988)),.SURF_OF_LINEAR_EXTRUSION.,.F.,.F.,.F.,
(4,4),(2,2),(0.,1.),(0.,1.),.PIECEWISE_BEZIER_KNOTS.);
#62=B_SPLINE_SURFACE_WITH_KNOTS('',3,1,((#16998,#16999),(#17000,#17001),
(#17002,#17003),(#17004,#17005)),.SURF_OF_LINEAR_EXTRUSION.,.F.,.F.,.F.,
(4,4),(2,2),(0.,1.),(0.,1.),.PIECEWISE_BEZIER_KNOTS.);
#63=B_SPLINE_SURFACE_WITH_KNOTS('',3,1,((#17013,#17014),(#17015,#17016),
(#17017,#17018),(#17019,#17020)),.SURF_OF_LINEAR_EXTRUSION.,.F.,.F.,.F.,
(4,4),(2,2),(0.,1.),(0.,1.),.PIECEWISE_BEZIER_KNOTS.);
#64=B_SPLINE_SURFACE_WITH_KNOTS('',3,1,((#17062,#17063),(#17064,#17065),
(#17066,#17067),(#17068,#17069)),.SURF_OF_LINEAR_EXTRUSION.,.F.,.F.,.F.,
(4,4),(2,2),(0.,1.),(0.,1.),.PIECEWISE_BEZIER_KNOTS.);
#65=B_SPLINE_SURFACE_WITH_KNOTS('',3,1,((#17075,#17076),(#17077,#17078),
(#17079,#17080),(#17081,#17082)),.SURF_OF_LINEAR_EXTRUSION.,.F.,.F.,.F.,
(4,4),(2,2),(0.,1.),(0.,1.),.PIECEWISE_BEZIER_KNOTS.);
#66=B_SPLINE_SURFACE_WITH_KNOTS('',3,1,((#17088,#17089),(#17090,#17091),
(#17092,#17093),(#17094,#17095)),.SURF_OF_LINEAR_EXTRUSION.,.F.,.F.,.F.,
(4,4),(2,2),(0.,1.),(0.,1.),.PIECEWISE_BEZIER_KNOTS.);
#67=B_SPLINE_SURFACE_WITH_KNOTS('',3,1,((#17101,#17102),(#17103,#17104),
(#17105,#17106),(#17107,#17108)),.SURF_OF_LINEAR_EXTRUSION.,.F.,.F.,.F.,
(4,4),(2,2),(0.,1.),(0.,1.),.PIECEWISE_BEZIER_KNOTS.);
#68=B_SPLINE_SURFACE_WITH_KNOTS('',3,1,((#17112,#17113),(#17114,#17115),
(#17116,#17117),(#17118,#17119)),.SURF_OF_LINEAR_EXTRUSION.,.F.,.F.,.F.,
(4,4),(2,2),(0.,1.),(0.,1.),.PIECEWISE_BEZIER_KNOTS.);
#69=B_SPLINE_CURVE_WITH_KNOTS('',2,(#15082,#15083,#15084),.UNSPECIFIED.,
 .F.,.F.,(3,3),(0.,1.),.PIECEWISE_BEZIER_KNOTS.);
#70=B_SPLINE_CURVE_WITH_KNOTS('',2,(#15086,#15087,#15088),.UNSPECIFIED.,
 .F.,.F.,(3,3),(0.,1.),.PIECEWISE_BEZIER_KNOTS.);
#71=B_SPLINE_CURVE_WITH_KNOTS('',2,(#15090,#15091,#15092),.UNSPECIFIED.,
 .F.,.F.,(3,3),(0.,1.),.PIECEWISE_BEZIER_KNOTS.);
#72=B_SPLINE_CURVE_WITH_KNOTS('',2,(#15094,#15095,#15096),.UNSPECIFIED.,
 .F.,.F.,(3,3),(0.,1.),.PIECEWISE_BEZIER_KNOTS.);
#73=B_SPLINE_CURVE_WITH_KNOTS('',2,(#15098,#15099,#15100),.UNSPECIFIED.,
 .F.,.F.,(3,3),(0.,1.),.PIECEWISE_BEZIER_KNOTS.);
#74=B_SPLINE_CURVE_WITH_KNOTS('',2,(#15106,#15107,#15108),.UNSPECIFIED.,
 .F.,.F.,(3,3),(0.,1.),.PIECEWISE_BEZIER_KNOTS.);
#75=B_SPLINE_CURVE_WITH_KNOTS('',2,(#15110,#15111,#15112),.UNSPECIFIED.,
 .F.,.F.,(3,3),(0.,1.),.PIECEWISE_BEZIER_KNOTS.);
#76=B_SPLINE_CURVE_WITH_KNOTS('',2,(#15114,#15115,#15116),.UNSPECIFIED.,
 .F.,.F.,(3,3),(0.,1.),.PIECEWISE_BEZIER_KNOTS.);
#77=B_SPLINE_CURVE_WITH_KNOTS('',2,(#15124,#15125,#15126),.UNSPECIFIED.,
 .F.,.F.,(3,3),(0.,1.),.PIECEWISE_BEZIER_KNOTS.);
#78=B_SPLINE_CURVE_WITH_KNOTS('',2,(#15128,#15129,#15130),.UNSPECIFIED.,
 .F.,.F.,(3,3),(0.,1.),.PIECEWISE_BEZIER_KNOTS.);
#79=B_SPLINE_CURVE_WITH_KNOTS('',2,(#15141,#15142,#15143),.UNSPECIFIED.,
 .F.,.F.,(3,3),(0.,1.),.PIECEWISE_BEZIER_KNOTS.);
#80=B_SPLINE_CURVE_WITH_KNOTS('',2,(#15146,#15147,#15148),.UNSPECIFIED.,
 .F.,.F.,(3,3),(0.,1.),.PIECEWISE_BEZIER_KNOTS.);
#81=B_SPLINE_CURVE_WITH_KNOTS('',2,(#15150,#15151,#15152),.UNSPECIFIED.,
 .F.,.F.,(3,3),(0.,1.),.PIECEWISE_BEZIER_KNOTS.);
#82=B_SPLINE_CURVE_WITH_KNOTS('',2,(#15154,#15155,#15156),.UNSPECIFIED.,
 .F.,.F.,(3,3),(0.,1.),.PIECEWISE_BEZIER_KNOTS.);
#83=B_SPLINE_CURVE_WITH_KNOTS('',2,(#15158,#15159,#15160),.UNSPECIFIED.,
 .F.,.F.,(3,3),(0.,1.),.PIECEWISE_BEZIER_KNOTS.);
#84=B_SPLINE_CURVE_WITH_KNOTS('',2,(#15164,#15165,#15166),.UNSPECIFIED.,
 .F.,.F.,(3,3),(0.,1.),.PIECEWISE_BEZIER_KNOTS.);
#85=B_SPLINE_CURVE_WITH_KNOTS('',2,(#15174,#15175,#15176),.UNSPECIFIED.,
 .F.,.F.,(3,3),(0.,1.),.PIECEWISE_BEZIER_KNOTS.);
#86=B_SPLINE_CURVE_WITH_KNOTS('',2,(#15178,#15179,#15180),.UNSPECIFIED.,
 .F.,.F.,(3,3),(0.,1.),.PIECEWISE_BEZIER_KNOTS.);
#87=B_SPLINE_CURVE_WITH_KNOTS('',2,(#15182,#15183,#15184),.UNSPECIFIED.,
 .F.,.F.,(3,3),(0.,1.),.PIECEWISE_BEZIER_KNOTS.);
#88=B_SPLINE_CURVE_WITH_KNOTS('',2,(#15186,#15187,#15188),.UNSPECIFIED.,
 .F.,.F.,(3,3),(0.,1.),.PIECEWISE_BEZIER_KNOTS.);
#89=B_SPLINE_CURVE_WITH_KNOTS('',2,(#15194,#15195,#15196),.UNSPECIFIED.,
 .F.,.F.,(3,3),(0.,1.),.PIECEWISE_BEZIER_KNOTS.);
#90=B_SPLINE_CURVE_WITH_KNOTS('',2,(#15222,#15223,#15224),.UNSPECIFIED.,
 .F.,.F.,(3,3),(0.,1.),.PIECEWISE_BEZIER_KNOTS.);
#91=B_SPLINE_CURVE_WITH_KNOTS('',2,(#15225,#15226,#15227),.UNSPECIFIED.,
 .F.,.F.,(3,3),(0.,1.),.PIECEWISE_BEZIER_KNOTS.);
#92=B_SPLINE_CURVE_WITH_KNOTS('',2,(#15230,#15231,#15232),.UNSPECIFIED.,
 .F.,.F.,(3,3),(0.,1.),.PIECEWISE_BEZIER_KNOTS.);
#93=B_SPLINE_CURVE_WITH_KNOTS('',2,(#15234,#15235,#15236),.UNSPECIFIED.,
 .F.,.F.,(3,3),(0.,1.),.PIECEWISE_BEZIER_KNOTS.);
#94=B_SPLINE_CURVE_WITH_KNOTS('',2,(#15238,#15239,#15240),.UNSPECIFIED.,
 .F.,.F.,(3,3),(0.,1.),.PIECEWISE_BEZIER_KNOTS.);
#95=B_SPLINE_CURVE_WITH_KNOTS('',2,(#15242,#15243,#15244),.UNSPECIFIED.,
 .F.,.F.,(3,3),(0.,1.),.PIECEWISE_BEZIER_KNOTS.);
#96=B_SPLINE_CURVE_WITH_KNOTS('',2,(#15248,#15249,#15250),.UNSPECIFIED.,
 .F.,.F.,(3,3),(0.,1.),.PIECEWISE_BEZIER_KNOTS.);
#97=B_SPLINE_CURVE_WITH_KNOTS('',2,(#15258,#15259,#15260),.UNSPECIFIED.,
 .F.,.F.,(3,3),(0.,1.),.PIECEWISE_BEZIER_KNOTS.);
#98=B_SPLINE_CURVE_WITH_KNOTS('',2,(#15262,#15263,#15264),.UNSPECIFIED.,
 .F.,.F.,(3,3),(0.,1.),.PIECEWISE_BEZIER_KNOTS.);
#99=B_SPLINE_CURVE_WITH_KNOTS('',2,(#15266,#15267,#15268),.UNSPECIFIED.,
 .F.,.F.,(3,3),(0.,1.),.PIECEWISE_BEZIER_KNOTS.);
#100=B_SPLINE_CURVE_WITH_KNOTS('',2,(#15270,#15271,#15272),
 .UNSPECIFIED.,.F.,.F.,(3,3),(0.,1.),.PIECEWISE_BEZIER_KNOTS.);
#101=B_SPLINE_CURVE_WITH_KNOTS('',2,(#15288,#15289,#15290),
 .UNSPECIFIED.,.F.,.F.,(3,3),(0.,1.),.PIECEWISE_BEZIER_KNOTS.);
#102=B_SPLINE_CURVE_WITH_KNOTS('',2,(#15292,#15293,#15294),
 .UNSPECIFIED.,.F.,.F.,(3,3),(0.,1.),.PIECEWISE_BEZIER_KNOTS.);
#103=B_SPLINE_CURVE_WITH_KNOTS('',2,(#15296,#15297,#15298),
 .UNSPECIFIED.,.F.,.F.,(3,3),(0.,1.),.PIECEWISE_BEZIER_KNOTS.);
#104=B_SPLINE_CURVE_WITH_KNOTS('',2,(#15300,#15301,#15302),
 .UNSPECIFIED.,.F.,.F.,(3,3),(0.,1.),.PIECEWISE_BEZIER_KNOTS.);
#105=B_SPLINE_CURVE_WITH_KNOTS('',2,(#15318,#15319,#15320),
 .UNSPECIFIED.,.F.,.F.,(3,3),(0.,1.),.PIECEWISE_BEZIER_KNOTS.);
#106=B_SPLINE_CURVE_WITH_KNOTS('',2,(#15322,#15323,#15324),
 .UNSPECIFIED.,.F.,.F.,(3,3),(0.,1.),.PIECEWISE_BEZIER_KNOTS.);
#107=B_SPLINE_CURVE_WITH_KNOTS('',2,(#15326,#15327,#15328),
 .UNSPECIFIED.,.F.,.F.,(3,3),(0.,1.),.PIECEWISE_BEZIER_KNOTS.);
#108=B_SPLINE_CURVE_WITH_KNOTS('',2,(#15331,#15332,#15333),
 .UNSPECIFIED.,.F.,.F.,(3,3),(0.,1.),.PIECEWISE_BEZIER_KNOTS.);
#109=B_SPLINE_CURVE_WITH_KNOTS('',2,(#15336,#15337,#15338),
 .UNSPECIFIED.,.F.,.F.,(3,3),(0.,1.),.PIECEWISE_BEZIER_KNOTS.);
#110=B_SPLINE_CURVE_WITH_KNOTS('',2,(#15340,#15341,#15342),
 .UNSPECIFIED.,.F.,.F.,(3,3),(0.,1.),.PIECEWISE_BEZIER_KNOTS.);
#111=B_SPLINE_CURVE_WITH_KNOTS('',2,(#15344,#15345,#15346),
 .UNSPECIFIED.,.F.,.F.,(3,3),(0.,1.),.PIECEWISE_BEZIER_KNOTS.);
#112=B_SPLINE_CURVE_WITH_KNOTS('',2,(#15348,#15349,#15350),
 .UNSPECIFIED.,.F.,.F.,(3,3),(0.,1.),.PIECEWISE_BEZIER_KNOTS.);
#113=B_SPLINE_CURVE_WITH_KNOTS('',2,(#15352,#15353,#15354),
 .UNSPECIFIED.,.F.,.F.,(3,3),(0.,1.),.PIECEWISE_BEZIER_KNOTS.);
#114=B_SPLINE_CURVE_WITH_KNOTS('',2,(#16075,#16076,#16077),
 .UNSPECIFIED.,.F.,.F.,(3,3),(0.,1.),.PIECEWISE_BEZIER_KNOTS.);
#115=B_SPLINE_CURVE_WITH_KNOTS('',2,(#16090,#16091,#16092),
 .UNSPECIFIED.,.F.,.F.,(3,3),(0.,1.),.PIECEWISE_BEZIER_KNOTS.);
#116=B_SPLINE_CURVE_WITH_KNOTS('',2,(#16107,#16108,#16109),
 .UNSPECIFIED.,.F.,.F.,(3,3),(0.,1.),.PIECEWISE_BEZIER_KNOTS.);
#117=B_SPLINE_CURVE_WITH_KNOTS('',2,(#16120,#16121,#16122),
 .UNSPECIFIED.,.F.,.F.,(3,3),(0.,1.),.PIECEWISE_BEZIER_KNOTS.);
#118=B_SPLINE_CURVE_WITH_KNOTS('',2,(#16133,#16134,#16135),
 .UNSPECIFIED.,.F.,.F.,(3,3),(0.,1.),.PIECEWISE_BEZIER_KNOTS.);
#119=B_SPLINE_CURVE_WITH_KNOTS('',2,(#16146,#16147,#16148),
 .UNSPECIFIED.,.F.,.F.,(3,3),(0.,1.),.PIECEWISE_BEZIER_KNOTS.);
#120=B_SPLINE_CURVE_WITH_KNOTS('',2,(#16171,#16172,#16173),
 .UNSPECIFIED.,.F.,.F.,(3,3),(0.,1.),.PIECEWISE_BEZIER_KNOTS.);
#121=B_SPLINE_CURVE_WITH_KNOTS('',2,(#16188,#16189,#16190),
 .UNSPECIFIED.,.F.,.F.,(3,3),(0.,1.),.PIECEWISE_BEZIER_KNOTS.);
#122=B_SPLINE_CURVE_WITH_KNOTS('',2,(#16201,#16202,#16203),
 .UNSPECIFIED.,.F.,.F.,(3,3),(0.,1.),.PIECEWISE_BEZIER_KNOTS.);
#123=B_SPLINE_CURVE_WITH_KNOTS('',2,(#16212,#16213,#16214),
 .UNSPECIFIED.,.F.,.F.,(3,3),(0.,1.),.PIECEWISE_BEZIER_KNOTS.);
#124=B_SPLINE_CURVE_WITH_KNOTS('',2,(#16226,#16227,#16228),
 .UNSPECIFIED.,.F.,.F.,(3,3),(0.,1.),.PIECEWISE_BEZIER_KNOTS.);
#125=B_SPLINE_CURVE_WITH_KNOTS('',2,(#16245,#16246,#16247),
 .UNSPECIFIED.,.F.,.F.,(3,3),(0.,1.),.PIECEWISE_BEZIER_KNOTS.);
#126=B_SPLINE_CURVE_WITH_KNOTS('',2,(#16305,#16306,#16307),
 .UNSPECIFIED.,.F.,.F.,(3,3),(0.,1.),.PIECEWISE_BEZIER_KNOTS.);
#127=B_SPLINE_CURVE_WITH_KNOTS('',2,(#16320,#16321,#16322),
 .UNSPECIFIED.,.F.,.F.,(3,3),(0.,1.),.PIECEWISE_BEZIER_KNOTS.);
#128=B_SPLINE_CURVE_WITH_KNOTS('',2,(#16337,#16338,#16339),
 .UNSPECIFIED.,.F.,.F.,(3,3),(0.,1.),.PIECEWISE_BEZIER_KNOTS.);
#129=B_SPLINE_CURVE_WITH_KNOTS('',2,(#16350,#16351,#16352),
 .UNSPECIFIED.,.F.,.F.,(3,3),(0.,1.),.PIECEWISE_BEZIER_KNOTS.);
#130=B_SPLINE_CURVE_WITH_KNOTS('',2,(#16363,#16364,#16365),
 .UNSPECIFIED.,.F.,.F.,(3,3),(0.,1.),.PIECEWISE_BEZIER_KNOTS.);
#131=B_SPLINE_CURVE_WITH_KNOTS('',2,(#16376,#16377,#16378),
 .UNSPECIFIED.,.F.,.F.,(3,3),(0.,1.),.PIECEWISE_BEZIER_KNOTS.);
#132=B_SPLINE_CURVE_WITH_KNOTS('',2,(#16401,#16402,#16403),
 .UNSPECIFIED.,.F.,.F.,(3,3),(0.,1.),.PIECEWISE_BEZIER_KNOTS.);
#133=B_SPLINE_CURVE_WITH_KNOTS('',2,(#16418,#16419,#16420),
 .UNSPECIFIED.,.F.,.F.,(3,3),(0.,1.),.PIECEWISE_BEZIER_KNOTS.);
#134=B_SPLINE_CURVE_WITH_KNOTS('',2,(#16431,#16432,#16433),
 .UNSPECIFIED.,.F.,.F.,(3,3),(0.,1.),.PIECEWISE_BEZIER_KNOTS.);
#135=B_SPLINE_CURVE_WITH_KNOTS('',2,(#16442,#16443,#16444),
 .UNSPECIFIED.,.F.,.F.,(3,3),(0.,1.),.PIECEWISE_BEZIER_KNOTS.);
#136=B_SPLINE_CURVE_WITH_KNOTS('',2,(#16487,#16488,#16489),
 .UNSPECIFIED.,.F.,.F.,(3,3),(0.,1.),.PIECEWISE_BEZIER_KNOTS.);
#137=B_SPLINE_CURVE_WITH_KNOTS('',2,(#16500,#16501,#16502),
 .UNSPECIFIED.,.F.,.F.,(3,3),(0.,1.),.PIECEWISE_BEZIER_KNOTS.);
#138=B_SPLINE_CURVE_WITH_KNOTS('',2,(#16513,#16514,#16515),
 .UNSPECIFIED.,.F.,.F.,(3,3),(0.,1.),.PIECEWISE_BEZIER_KNOTS.);
#139=B_SPLINE_CURVE_WITH_KNOTS('',2,(#16554,#16555,#16556),
 .UNSPECIFIED.,.F.,.F.,(3,3),(0.,1.),.PIECEWISE_BEZIER_KNOTS.);
#140=B_SPLINE_CURVE_WITH_KNOTS('',2,(#16567,#16568,#16569),
 .UNSPECIFIED.,.F.,.F.,(3,3),(0.,1.),.PIECEWISE_BEZIER_KNOTS.);
#141=B_SPLINE_CURVE_WITH_KNOTS('',2,(#16580,#16581,#16582),
 .UNSPECIFIED.,.F.,.F.,(3,3),(0.,1.),.PIECEWISE_BEZIER_KNOTS.);
#142=B_SPLINE_CURVE_WITH_KNOTS('',2,(#16591,#16592,#16593),
 .UNSPECIFIED.,.F.,.F.,(3,3),(0.,1.),.PIECEWISE_BEZIER_KNOTS.);
#143=B_SPLINE_CURVE_WITH_KNOTS('',2,(#16603,#16604,#16605),
 .UNSPECIFIED.,.F.,.F.,(3,3),(0.,1.),.PIECEWISE_BEZIER_KNOTS.);
#144=B_SPLINE_CURVE_WITH_KNOTS('',2,(#16610,#16611,#16612),
 .UNSPECIFIED.,.F.,.F.,(3,3),(0.,1.),.PIECEWISE_BEZIER_KNOTS.);
#145=B_SPLINE_CURVE_WITH_KNOTS('',2,(#16623,#16624,#16625),
 .UNSPECIFIED.,.F.,.F.,(3,3),(0.,1.),.PIECEWISE_BEZIER_KNOTS.);
#146=B_SPLINE_CURVE_WITH_KNOTS('',2,(#16629,#16630,#16631),
 .UNSPECIFIED.,.F.,.F.,(3,3),(0.,1.),.PIECEWISE_BEZIER_KNOTS.);
#147=B_SPLINE_CURVE_WITH_KNOTS('',2,(#16640,#16641,#16642),
 .UNSPECIFIED.,.F.,.F.,(3,3),(0.,1.),.PIECEWISE_BEZIER_KNOTS.);
#148=B_SPLINE_CURVE_WITH_KNOTS('',2,(#16646,#16647,#16648),
 .UNSPECIFIED.,.F.,.F.,(3,3),(0.,1.),.PIECEWISE_BEZIER_KNOTS.);
#149=B_SPLINE_CURVE_WITH_KNOTS('',2,(#16657,#16658,#16659),
 .UNSPECIFIED.,.F.,.F.,(3,3),(0.,1.),.PIECEWISE_BEZIER_KNOTS.);
#150=B_SPLINE_CURVE_WITH_KNOTS('',2,(#16663,#16664,#16665),
 .UNSPECIFIED.,.F.,.F.,(3,3),(0.,1.),.PIECEWISE_BEZIER_KNOTS.);
#151=B_SPLINE_CURVE_WITH_KNOTS('',2,(#16674,#16675,#16676),
 .UNSPECIFIED.,.F.,.F.,(3,3),(0.,1.),.PIECEWISE_BEZIER_KNOTS.);
#152=B_SPLINE_CURVE_WITH_KNOTS('',2,(#16680,#16681,#16682),
 .UNSPECIFIED.,.F.,.F.,(3,3),(0.,1.),.PIECEWISE_BEZIER_KNOTS.);
#153=B_SPLINE_CURVE_WITH_KNOTS('',2,(#16719,#16720,#16721),
 .UNSPECIFIED.,.F.,.F.,(3,3),(0.,1.),.PIECEWISE_BEZIER_KNOTS.);
#154=B_SPLINE_CURVE_WITH_KNOTS('',2,(#16732,#16733,#16734),
 .UNSPECIFIED.,.F.,.F.,(3,3),(0.,1.),.PIECEWISE_BEZIER_KNOTS.);
#155=B_SPLINE_CURVE_WITH_KNOTS('',2,(#16757,#16758,#16759),
 .UNSPECIFIED.,.F.,.F.,(3,3),(0.,1.),.PIECEWISE_BEZIER_KNOTS.);
#156=B_SPLINE_CURVE_WITH_KNOTS('',2,(#16770,#16771,#16772),
 .UNSPECIFIED.,.F.,.F.,(3,3),(0.,1.),.PIECEWISE_BEZIER_KNOTS.);
#157=B_SPLINE_CURVE_WITH_KNOTS('',2,(#16783,#16784,#16785),
 .UNSPECIFIED.,.F.,.F.,(3,3),(0.,1.),.PIECEWISE_BEZIER_KNOTS.);
#158=B_SPLINE_CURVE_WITH_KNOTS('',2,(#16804,#16805,#16806),
 .UNSPECIFIED.,.F.,.F.,(3,3),(0.,1.),.PIECEWISE_BEZIER_KNOTS.);
#159=B_SPLINE_CURVE_WITH_KNOTS('',2,(#16817,#16818,#16819),
 .UNSPECIFIED.,.F.,.F.,(3,3),(0.,1.),.PIECEWISE_BEZIER_KNOTS.);
#160=B_SPLINE_CURVE_WITH_KNOTS('',2,(#16830,#16831,#16832),
 .UNSPECIFIED.,.F.,.F.,(3,3),(0.,1.),.PIECEWISE_BEZIER_KNOTS.);
#161=B_SPLINE_CURVE_WITH_KNOTS('',2,(#16843,#16844,#16845),
 .UNSPECIFIED.,.F.,.F.,(3,3),(0.,1.),.PIECEWISE_BEZIER_KNOTS.);
#162=B_SPLINE_CURVE_WITH_KNOTS('',2,(#16856,#16857,#16858),
 .UNSPECIFIED.,.F.,.F.,(3,3),(0.,1.),.PIECEWISE_BEZIER_KNOTS.);
#163=B_SPLINE_CURVE_WITH_KNOTS('',2,(#16869,#16870,#16871),
 .UNSPECIFIED.,.F.,.F.,(3,3),(0.,1.),.PIECEWISE_BEZIER_KNOTS.);
#164=B_SPLINE_CURVE_WITH_KNOTS('',2,(#16872,#16873,#16874),
 .UNSPECIFIED.,.F.,.F.,(3,3),(0.,1.),.PIECEWISE_BEZIER_KNOTS.);
#165=B_SPLINE_CURVE_WITH_KNOTS('',2,(#16884,#16885,#16886),
 .UNSPECIFIED.,.F.,.F.,(3,3),(0.,1.),.PIECEWISE_BEZIER_KNOTS.);
#166=B_SPLINE_CURVE_WITH_KNOTS('',2,(#16891,#16892,#16893),
 .UNSPECIFIED.,.F.,.F.,(3,3),(0.,1.),.PIECEWISE_BEZIER_KNOTS.);
#167=B_SPLINE_CURVE_WITH_KNOTS('',2,(#16904,#16905,#16906),
 .UNSPECIFIED.,.F.,.F.,(3,3),(0.,1.),.PIECEWISE_BEZIER_KNOTS.);
#168=B_SPLINE_CURVE_WITH_KNOTS('',2,(#16910,#16911,#16912),
 .UNSPECIFIED.,.F.,.F.,(3,3),(0.,1.),.PIECEWISE_BEZIER_KNOTS.);
#169=B_SPLINE_CURVE_WITH_KNOTS('',2,(#16921,#16922,#16923),
 .UNSPECIFIED.,.F.,.F.,(3,3),(0.,1.),.PIECEWISE_BEZIER_KNOTS.);
#170=B_SPLINE_CURVE_WITH_KNOTS('',2,(#16927,#16928,#16929),
 .UNSPECIFIED.,.F.,.F.,(3,3),(0.,1.),.PIECEWISE_BEZIER_KNOTS.);
#171=B_SPLINE_CURVE_WITH_KNOTS('',2,(#16938,#16939,#16940),
 .UNSPECIFIED.,.F.,.F.,(3,3),(0.,1.),.PIECEWISE_BEZIER_KNOTS.);
#172=B_SPLINE_CURVE_WITH_KNOTS('',2,(#16944,#16945,#16946),
 .UNSPECIFIED.,.F.,.F.,(3,3),(0.,1.),.PIECEWISE_BEZIER_KNOTS.);
#173=B_SPLINE_CURVE_WITH_KNOTS('',2,(#16955,#16956,#16957),
 .UNSPECIFIED.,.F.,.F.,(3,3),(0.,1.),.PIECEWISE_BEZIER_KNOTS.);
#174=B_SPLINE_CURVE_WITH_KNOTS('',2,(#16961,#16962,#16963),
 .UNSPECIFIED.,.F.,.F.,(3,3),(0.,1.),.PIECEWISE_BEZIER_KNOTS.);
#175=B_SPLINE_CURVE_WITH_KNOTS('',2,(#16972,#16973,#16974),
 .UNSPECIFIED.,.F.,.F.,(3,3),(0.,1.),.PIECEWISE_BEZIER_KNOTS.);
#176=B_SPLINE_CURVE_WITH_KNOTS('',2,(#16978,#16979,#16980),
 .UNSPECIFIED.,.F.,.F.,(3,3),(0.,1.),.PIECEWISE_BEZIER_KNOTS.);
#177=B_SPLINE_CURVE_WITH_KNOTS('',2,(#16989,#16990,#16991),
 .UNSPECIFIED.,.F.,.F.,(3,3),(0.,1.),.PIECEWISE_BEZIER_KNOTS.);
#178=B_SPLINE_CURVE_WITH_KNOTS('',2,(#16995,#16996,#16997),
 .UNSPECIFIED.,.F.,.F.,(3,3),(0.,1.),.PIECEWISE_BEZIER_KNOTS.);
#179=B_SPLINE_CURVE_WITH_KNOTS('',2,(#17008,#17009,#17010),
 .UNSPECIFIED.,.F.,.F.,(3,3),(0.,1.),.PIECEWISE_BEZIER_KNOTS.);
#180=B_SPLINE_CURVE_WITH_KNOTS('',2,(#17023,#17024,#17025),
 .UNSPECIFIED.,.F.,.F.,(3,3),(0.,1.),.PIECEWISE_BEZIER_KNOTS.);
#181=B_SPLINE_CURVE_WITH_KNOTS('',2,(#17072,#17073,#17074),
 .UNSPECIFIED.,.F.,.F.,(3,3),(0.,1.),.PIECEWISE_BEZIER_KNOTS.);
#182=B_SPLINE_CURVE_WITH_KNOTS('',2,(#17085,#17086,#17087),
 .UNSPECIFIED.,.F.,.F.,(3,3),(0.,1.),.PIECEWISE_BEZIER_KNOTS.);
#183=B_SPLINE_CURVE_WITH_KNOTS('',2,(#17098,#17099,#17100),
 .UNSPECIFIED.,.F.,.F.,(3,3),(0.,1.),.PIECEWISE_BEZIER_KNOTS.);
#184=B_SPLINE_CURVE_WITH_KNOTS('',2,(#17109,#17110,#17111),
 .UNSPECIFIED.,.F.,.F.,(3,3),(0.,1.),.PIECEWISE_BEZIER_KNOTS.);
#185=B_SPLINE_CURVE_WITH_KNOTS('',2,(#17120,#17121,#17122),
 .UNSPECIFIED.,.F.,.F.,(3,3),(0.,1.),.PIECEWISE_BEZIER_KNOTS.);
#186=B_SPLINE_CURVE_WITH_KNOTS('',2,(#17123,#17124,#17125),
 .UNSPECIFIED.,.F.,.F.,(3,3),(0.,1.),.PIECEWISE_BEZIER_KNOTS.);
#187=LINE('',#14646,#716);
#188=LINE('',#14649,#717);
#189=LINE('',#14651,#718);
#190=LINE('',#14653,#719);
#191=LINE('',#14655,#720);
#192=LINE('',#14657,#721);
#193=LINE('',#14659,#722);
#194=LINE('',#14661,#723);
#195=LINE('',#14663,#724);
#196=LINE('',#14665,#725);
#197=LINE('',#14667,#726);
#198=LINE('',#14670,#727);
#199=LINE('',#14672,#728);
#200=LINE('',#14674,#729);
#201=LINE('',#14676,#730);
#202=LINE('',#14678,#731);
#203=LINE('',#14680,#732);
#204=LINE('',#14682,#733);
#205=LINE('',#14684,#734);
#206=LINE('',#14686,#735);
#207=LINE('',#14688,#736);
#208=LINE('',#14691,#737);
#209=LINE('',#14693,#738);
#210=LINE('',#14695,#739);
#211=LINE('',#14697,#740);
#212=LINE('',#14699,#741);
#213=LINE('',#14701,#742);
#214=LINE('',#14703,#743);
#215=LINE('',#14705,#744);
#216=LINE('',#14707,#745);
#217=LINE('',#14709,#746);
#218=LINE('',#14712,#747);
#219=LINE('',#14714,#748);
#220=LINE('',#14716,#749);
#221=LINE('',#14718,#750);
#222=LINE('',#14720,#751);
#223=LINE('',#14722,#752);
#224=LINE('',#14724,#753);
#225=LINE('',#14726,#754);
#226=LINE('',#14728,#755);
#227=LINE('',#14730,#756);
#228=LINE('',#14733,#757);
#229=LINE('',#14735,#758);
#230=LINE('',#14737,#759);
#231=LINE('',#14739,#760);
#232=LINE('',#14741,#761);
#233=LINE('',#14743,#762);
#234=LINE('',#14745,#763);
#235=LINE('',#14748,#764);
#236=LINE('',#14750,#765);
#237=LINE('',#14752,#766);
#238=LINE('',#14754,#767);
#239=LINE('',#14756,#768);
#240=LINE('',#14758,#769);
#241=LINE('',#14760,#770);
#242=LINE('',#14763,#771);
#243=LINE('',#14765,#772);
#244=LINE('',#14767,#773);
#245=LINE('',#14769,#774);
#246=LINE('',#14771,#775);
#247=LINE('',#14773,#776);
#248=LINE('',#14775,#777);
#249=LINE('',#14777,#778);
#250=LINE('',#14779,#779);
#251=LINE('',#14781,#780);
#252=LINE('',#14783,#781);
#253=LINE('',#14785,#782);
#254=LINE('',#14787,#783);
#255=LINE('',#14789,#784);
#256=LINE('',#14791,#785);
#257=LINE('',#14793,#786);
#258=LINE('',#14795,#787);
#259=LINE('',#14797,#788);
#260=LINE('',#14799,#789);
#261=LINE('',#14801,#790);
#262=LINE('',#14803,#791);
#263=LINE('',#14805,#792);
#264=LINE('',#14807,#793);
#265=LINE('',#14809,#794);
#266=LINE('',#14811,#795);
#267=LINE('',#14813,#796);
#268=LINE('',#14815,#797);
#269=LINE('',#14817,#798);
#270=LINE('',#14819,#799);
#271=LINE('',#14821,#800);
#272=LINE('',#14823,#801);
#273=LINE('',#14825,#802);
#274=LINE('',#14827,#803);
#275=LINE('',#14829,#804);
#276=LINE('',#14831,#805);
#277=LINE('',#14833,#806);
#278=LINE('',#14835,#807);
#279=LINE('',#14837,#808);
#280=LINE('',#14839,#809);
#281=LINE('',#14841,#810);
#282=LINE('',#14843,#811);
#283=LINE('',#14845,#812);
#284=LINE('',#14847,#813);
#285=LINE('',#14849,#814);
#286=LINE('',#14851,#815);
#287=LINE('',#14853,#816);
#288=LINE('',#14855,#817);
#289=LINE('',#14857,#818);
#290=LINE('',#14859,#819);
#291=LINE('',#14861,#820);
#292=LINE('',#14863,#821);
#293=LINE('',#14865,#822);
#294=LINE('',#14867,#823);
#295=LINE('',#14869,#824);
#296=LINE('',#14871,#825);
#297=LINE('',#14873,#826);
#298=LINE('',#14875,#827);
#299=LINE('',#14877,#828);
#300=LINE('',#14879,#829);
#301=LINE('',#14881,#830);
#302=LINE('',#14883,#831);
#303=LINE('',#14885,#832);
#304=LINE('',#14887,#833);
#305=LINE('',#14889,#834);
#306=LINE('',#14891,#835);
#307=LINE('',#14893,#836);
#308=LINE('',#14895,#837);
#309=LINE('',#14897,#838);
#310=LINE('',#14899,#839);
#311=LINE('',#14901,#840);
#312=LINE('',#14903,#841);
#313=LINE('',#14905,#842);
#314=LINE('',#14907,#843);
#315=LINE('',#14909,#844);
#316=LINE('',#14911,#845);
#317=LINE('',#14913,#846);
#318=LINE('',#14915,#847);
#319=LINE('',#14917,#848);
#320=LINE('',#14919,#849);
#321=LINE('',#14921,#850);
#322=LINE('',#14923,#851);
#323=LINE('',#14925,#852);
#324=LINE('',#14927,#853);
#325=LINE('',#14929,#854);
#326=LINE('',#14931,#855);
#327=LINE('',#14933,#856);
#328=LINE('',#14935,#857);
#329=LINE('',#14937,#858);
#330=LINE('',#14939,#859);
#331=LINE('',#14941,#860);
#332=LINE('',#14943,#861);
#333=LINE('',#14945,#862);
#334=LINE('',#14947,#863);
#335=LINE('',#14949,#864);
#336=LINE('',#14951,#865);
#337=LINE('',#14953,#866);
#338=LINE('',#14955,#867);
#339=LINE('',#14957,#868);
#340=LINE('',#14959,#869);
#341=LINE('',#14961,#870);
#342=LINE('',#14963,#871);
#343=LINE('',#14965,#872);
#344=LINE('',#14967,#873);
#345=LINE('',#14969,#874);
#346=LINE('',#14971,#875);
#347=LINE('',#14973,#876);
#348=LINE('',#14975,#877);
#349=LINE('',#14977,#878);
#350=LINE('',#14979,#879);
#351=LINE('',#14981,#880);
#352=LINE('',#14983,#881);
#353=LINE('',#14985,#882);
#354=LINE('',#14987,#883);
#355=LINE('',#14989,#884);
#356=LINE('',#14991,#885);
#357=LINE('',#14993,#886);
#358=LINE('',#14995,#887);
#359=LINE('',#14997,#888);
#360=LINE('',#14999,#889);
#361=LINE('',#15001,#890);
#362=LINE('',#15003,#891);
#363=LINE('',#15005,#892);
#364=LINE('',#15007,#893);
#365=LINE('',#15009,#894);
#366=LINE('',#15011,#895);
#367=LINE('',#15013,#896);
#368=LINE('',#15015,#897);
#369=LINE('',#15017,#898);
#370=LINE('',#15019,#899);
#371=LINE('',#15021,#900);
#372=LINE('',#15023,#901);
#373=LINE('',#15025,#902);
#374=LINE('',#15027,#903);
#375=LINE('',#15029,#904);
#376=LINE('',#15031,#905);
#377=LINE('',#15033,#906);
#378=LINE('',#15035,#907);
#379=LINE('',#15037,#908);
#380=LINE('',#15039,#909);
#381=LINE('',#15041,#910);
#382=LINE('',#15043,#911);
#383=LINE('',#15045,#912);
#384=LINE('',#15047,#913);
#385=LINE('',#15049,#914);
#386=LINE('',#15051,#915);
#387=LINE('',#15052,#916);
#388=LINE('',#15054,#917);
#389=LINE('',#15055,#918);
#390=LINE('',#15057,#919);
#391=LINE('',#15058,#920);
#392=LINE('',#15060,#921);
#393=LINE('',#15061,#922);
#394=LINE('',#15063,#923);
#395=LINE('',#15064,#924);
#396=LINE('',#15066,#925);
#397=LINE('',#15067,#926);
#398=LINE('',#15069,#927);
#399=LINE('',#15070,#928);
#400=LINE('',#15075,#929);
#401=LINE('',#15078,#930);
#402=LINE('',#15080,#931);
#403=LINE('',#15102,#932);
#404=LINE('',#15104,#933);
#405=LINE('',#15118,#934);
#406=LINE('',#15132,#935);
#407=LINE('',#15133,#936);
#408=LINE('',#15136,#937);
#409=LINE('',#15138,#938);
#410=LINE('',#15140,#939);
#411=LINE('',#15168,#940);
#412=LINE('',#15190,#941);
#413=LINE('',#15191,#942);
#414=LINE('',#15198,#943);
#415=LINE('',#15200,#944);
#416=LINE('',#15202,#945);
#417=LINE('',#15204,#946);
#418=LINE('',#15206,#947);
#419=LINE('',#15208,#948);
#420=LINE('',#15210,#949);
#421=LINE('',#15212,#950);
#422=LINE('',#15214,#951);
#423=LINE('',#15216,#952);
#424=LINE('',#15218,#953);
#425=LINE('',#15220,#954);
#426=LINE('',#15252,#955);
#427=LINE('',#15274,#956);
#428=LINE('',#15275,#957);
#429=LINE('',#15278,#958);
#430=LINE('',#15280,#959);
#431=LINE('',#15282,#960);
#432=LINE('',#15283,#961);
#433=LINE('',#15286,#962);
#434=LINE('',#15304,#963);
#435=LINE('',#15306,#964);
#436=LINE('',#15308,#965);
#437=LINE('',#15310,#966);
#438=LINE('',#15312,#967);
#439=LINE('',#15314,#968);
#440=LINE('',#15330,#969);
#441=LINE('',#15358,#970);
#442=LINE('',#15360,#971);
#443=LINE('',#15362,#972);
#444=LINE('',#15364,#973);
#445=LINE('',#15366,#974);
#446=LINE('',#15368,#975);
#447=LINE('',#15372,#976);
#448=LINE('',#15373,#977);
#449=LINE('',#15376,#978);
#450=LINE('',#15378,#979);
#451=LINE('',#15380,#980);
#452=LINE('',#15382,#981);
#453=LINE('',#15384,#982);
#454=LINE('',#15386,#983);
#455=LINE('',#15388,#984);
#456=LINE('',#15390,#985);
#457=LINE('',#15392,#986);
#458=LINE('',#15394,#987);
#459=LINE('',#15396,#988);
#460=LINE('',#15596,#989);
#461=LINE('',#15598,#990);
#462=LINE('',#15600,#991);
#463=LINE('',#15602,#992);
#464=LINE('',#15604,#993);
#465=LINE('',#15637,#994);
#466=LINE('',#15638,#995);
#467=LINE('',#15643,#996);
#468=LINE('',#15644,#997);
#469=LINE('',#15654,#998);
#470=LINE('',#15656,#999);
#471=LINE('',#15658,#1000);
#472=LINE('',#15660,#1001);
#473=LINE('',#15662,#1002);
#474=LINE('',#15663,#1003);
#475=LINE('',#15666,#1004);
#476=LINE('',#15668,#1005);
#477=LINE('',#15670,#1006);
#478=LINE('',#15672,#1007);
#479=LINE('',#15674,#1008);
#480=LINE('',#15886,#1009);
#481=LINE('',#15887,#1010);
#482=LINE('',#15889,#1011);
#483=LINE('',#15890,#1012);
#484=LINE('',#15892,#1013);
#485=LINE('',#15893,#1014);
#486=LINE('',#15895,#1015);
#487=LINE('',#15896,#1016);
#488=LINE('',#15898,#1017);
#489=LINE('',#15899,#1018);
#490=LINE('',#15903,#1019);
#491=LINE('',#15904,#1020);
#492=LINE('',#15906,#1021);
#493=LINE('',#15907,#1022);
#494=LINE('',#15910,#1023);
#495=LINE('',#15911,#1024);
#496=LINE('',#15913,#1025);
#497=LINE('',#15914,#1026);
#498=LINE('',#15916,#1027);
#499=LINE('',#15917,#1028);
#500=LINE('',#15919,#1029);
#501=LINE('',#15920,#1030);
#502=LINE('',#15922,#1031);
#503=LINE('',#15923,#1032);
#504=LINE('',#16015,#1033);
#505=LINE('',#16017,#1034);
#506=LINE('',#16019,#1035);
#507=LINE('',#16021,#1036);
#508=LINE('',#16023,#1037);
#509=LINE('',#16025,#1038);
#510=LINE('',#16027,#1039);
#511=LINE('',#16029,#1040);
#512=LINE('',#16031,#1041);
#513=LINE('',#16033,#1042);
#514=LINE('',#16035,#1043);
#515=LINE('',#16037,#1044);
#516=LINE('',#16039,#1045);
#517=LINE('',#16042,#1046);
#518=LINE('',#16044,#1047);
#519=LINE('',#16046,#1048);
#520=LINE('',#16073,#1049);
#521=LINE('',#16079,#1050);
#522=LINE('',#16088,#1051);
#523=LINE('',#16094,#1052);
#524=LINE('',#16096,#1053);
#525=LINE('',#16105,#1054);
#526=LINE('',#16118,#1055);
#527=LINE('',#16131,#1056);
#528=LINE('',#16144,#1057);
#529=LINE('',#16150,#1058);
#530=LINE('',#16154,#1059);
#531=LINE('',#16158,#1060);
#532=LINE('',#16160,#1061);
#533=LINE('',#16169,#1062);
#534=LINE('',#16175,#1063);
#535=LINE('',#16186,#1064);
#536=LINE('',#16199,#1065);
#537=LINE('',#16224,#1066);
#538=LINE('',#16230,#1067);
#539=LINE('',#16232,#1068);
#540=LINE('',#16234,#1069);
#541=LINE('',#16243,#1070);
#542=LINE('',#16249,#1071);
#543=LINE('',#16251,#1072);
#544=LINE('',#16253,#1073);
#545=LINE('',#16255,#1074);
#546=LINE('',#16257,#1075);
#547=LINE('',#16259,#1076);
#548=LINE('',#16261,#1077);
#549=LINE('',#16263,#1078);
#550=LINE('',#16265,#1079);
#551=LINE('',#16267,#1080);
#552=LINE('',#16269,#1081);
#553=LINE('',#16271,#1082);
#554=LINE('',#16273,#1083);
#555=LINE('',#16275,#1084);
#556=LINE('',#16277,#1085);
#557=LINE('',#16279,#1086);
#558=LINE('',#16281,#1087);
#559=LINE('',#16283,#1088);
#560=LINE('',#16285,#1089);
#561=LINE('',#16287,#1090);
#562=LINE('',#16289,#1091);
#563=LINE('',#16291,#1092);
#564=LINE('',#16293,#1093);
#565=LINE('',#16303,#1094);
#566=LINE('',#16309,#1095);
#567=LINE('',#16318,#1096);
#568=LINE('',#16324,#1097);
#569=LINE('',#16326,#1098);
#570=LINE('',#16335,#1099);
#571=LINE('',#16348,#1100);
#572=LINE('',#16361,#1101);
#573=LINE('',#16374,#1102);
#574=LINE('',#16380,#1103);
#575=LINE('',#16384,#1104);
#576=LINE('',#16388,#1105);
#577=LINE('',#16390,#1106);
#578=LINE('',#16399,#1107);
#579=LINE('',#16405,#1108);
#580=LINE('',#16416,#1109);
#581=LINE('',#16429,#1110);
#582=LINE('',#16447,#1111);
#583=LINE('',#16449,#1112);
#584=LINE('',#16451,#1113);
#585=LINE('',#16453,#1114);
#586=LINE('',#16455,#1115);
#587=LINE('',#16457,#1116);
#588=LINE('',#16459,#1117);
#589=LINE('',#16461,#1118);
#590=LINE('',#16464,#1119);
#591=LINE('',#16466,#1120);
#592=LINE('',#16468,#1121);
#593=LINE('',#16470,#1122);
#594=LINE('',#16472,#1123);
#595=LINE('',#16474,#1124);
#596=LINE('',#16476,#1125);
#597=LINE('',#16485,#1126);
#598=LINE('',#16498,#1127);
#599=LINE('',#16511,#1128);
#600=LINE('',#16517,#1129);
#601=LINE('',#16521,#1130);
#602=LINE('',#16523,#1131);
#603=LINE('',#16525,#1132);
#604=LINE('',#16527,#1133);
#605=LINE('',#16529,#1134);
#606=LINE('',#16531,#1135);
#607=LINE('',#16533,#1136);
#608=LINE('',#16535,#1137);
#609=LINE('',#16537,#1138);
#610=LINE('',#16539,#1139);
#611=LINE('',#16541,#1140);
#612=LINE('',#16543,#1141);
#613=LINE('',#16552,#1142);
#614=LINE('',#16565,#1143);
#615=LINE('',#16578,#1144);
#616=LINE('',#16608,#1145);
#617=LINE('',#16614,#1146);
#618=LINE('',#16627,#1147);
#619=LINE('',#16644,#1148);
#620=LINE('',#16661,#1149);
#621=LINE('',#16678,#1150);
#622=LINE('',#16684,#1151);
#623=LINE('',#16686,#1152);
#624=LINE('',#16688,#1153);
#625=LINE('',#16690,#1154);
#626=LINE('',#16692,#1155);
#627=LINE('',#16694,#1156);
#628=LINE('',#16696,#1157);
#629=LINE('',#16698,#1158);
#630=LINE('',#16700,#1159);
#631=LINE('',#16702,#1160);
#632=LINE('',#16704,#1161);
#633=LINE('',#16706,#1162);
#634=LINE('',#16708,#1163);
#635=LINE('',#16717,#1164);
#636=LINE('',#16730,#1165);
#637=LINE('',#16736,#1166);
#638=LINE('',#16740,#1167);
#639=LINE('',#16744,#1168);
#640=LINE('',#16746,#1169);
#641=LINE('',#16755,#1170);
#642=LINE('',#16768,#1171);
#643=LINE('',#16781,#1172);
#644=LINE('',#16787,#1173);
#645=LINE('',#16789,#1174);
#646=LINE('',#16791,#1175);
#647=LINE('',#16793,#1176);
#648=LINE('',#16802,#1177);
#649=LINE('',#16815,#1178);
#650=LINE('',#16828,#1179);
#651=LINE('',#16841,#1180);
#652=LINE('',#16854,#1181);
#653=LINE('',#16860,#1182);
#654=LINE('',#16889,#1183);
#655=LINE('',#16895,#1184);
#656=LINE('',#16908,#1185);
#657=LINE('',#16925,#1186);
#658=LINE('',#16942,#1187);
#659=LINE('',#16959,#1188);
#660=LINE('',#16976,#1189);
#661=LINE('',#16993,#1190);
#662=LINE('',#17006,#1191);
#663=LINE('',#17012,#1192);
#664=LINE('',#17021,#1193);
#665=LINE('',#17027,#1194);
#666=LINE('',#17029,#1195);
#667=LINE('',#17031,#1196);
#668=LINE('',#17035,#1197);
#669=LINE('',#17037,#1198);
#670=LINE('',#17039,#1199);
#671=LINE('',#17041,#1200);
#672=LINE('',#17043,#1201);
#673=LINE('',#17045,#1202);
#674=LINE('',#17047,#1203);
#675=LINE('',#17049,#1204);
#676=LINE('',#17051,#1205);
#677=LINE('',#17053,#1206);
#678=LINE('',#17055,#1207);
#679=LINE('',#17057,#1208);
#680=LINE('',#17059,#1209);
#681=LINE('',#17070,#1210);
#682=LINE('',#17083,#1211);
#683=LINE('',#17096,#1212);
#684=LINE('',#17128,#1213);
#685=LINE('',#17130,#1214);
#686=LINE('',#17132,#1215);
#687=LINE('',#17134,#1216);
#688=LINE('',#17136,#1217);
#689=LINE('',#17138,#1218);
#690=LINE('',#17140,#1219);
#691=LINE('',#17142,#1220);
#692=LINE('',#17144,#1221);
#693=LINE('',#17146,#1222);
#694=LINE('',#17148,#1223);
#695=LINE('',#17150,#1224);
#696=LINE('',#17152,#1225);
#697=LINE('',#17154,#1226);
#698=LINE('',#17156,#1227);
#699=LINE('',#17158,#1228);
#700=LINE('',#17160,#1229);
#701=LINE('',#17162,#1230);
#702=LINE('',#17164,#1231);
#703=LINE('',#17166,#1232);
#704=LINE('',#17168,#1233);
#705=LINE('',#17170,#1234);
#706=LINE('',#17172,#1235);
#707=LINE('',#17174,#1236);
#708=LINE('',#17179,#1237);
#709=LINE('',#17181,#1238);
#710=LINE('',#17183,#1239);
#711=LINE('',#17185,#1240);
#712=LINE('',#17187,#1241);
#713=LINE('',#17189,#1242);
#714=LINE('',#17191,#1243);
#715=LINE('',#17193,#1244);
#716=VECTOR('',#12323,1.);
#717=VECTOR('',#12324,1.);
#718=VECTOR('',#12325,1.);
#719=VECTOR('',#12326,1.);
#720=VECTOR('',#12329,1.);
#721=VECTOR('',#12330,1.);
#722=VECTOR('',#12331,1.);
#723=VECTOR('',#12334,1.);
#724=VECTOR('',#12335,1.);
#725=VECTOR('',#12336,1.);
#726=VECTOR('',#12339,1.);
#727=VECTOR('',#12340,1.);
#728=VECTOR('',#12341,1.);
#729=VECTOR('',#12342,1.);
#730=VECTOR('',#12345,1.);
#731=VECTOR('',#12346,1.);
#732=VECTOR('',#12347,1.);
#733=VECTOR('',#12350,1.);
#734=VECTOR('',#12351,1.);
#735=VECTOR('',#12352,1.);
#736=VECTOR('',#12355,1.);
#737=VECTOR('',#12356,1.);
#738=VECTOR('',#12357,1.);
#739=VECTOR('',#12358,1.);
#740=VECTOR('',#12361,1.);
#741=VECTOR('',#12362,1.);
#742=VECTOR('',#12363,1.);
#743=VECTOR('',#12366,1.);
#744=VECTOR('',#12367,1.);
#745=VECTOR('',#12368,1.);
#746=VECTOR('',#12371,1.);
#747=VECTOR('',#12372,1.);
#748=VECTOR('',#12373,1.);
#749=VECTOR('',#12374,1.);
#750=VECTOR('',#12377,1.);
#751=VECTOR('',#12378,1.);
#752=VECTOR('',#12379,1.);
#753=VECTOR('',#12382,1.);
#754=VECTOR('',#12383,1.);
#755=VECTOR('',#12384,1.);
#756=VECTOR('',#12387,1.);
#757=VECTOR('',#12388,1.);
#758=VECTOR('',#12389,1.);
#759=VECTOR('',#12390,1.);
#760=VECTOR('',#12393,1.);
#761=VECTOR('',#12394,1.);
#762=VECTOR('',#12395,1.);
#763=VECTOR('',#12398,1.);
#764=VECTOR('',#12399,1.);
#765=VECTOR('',#12400,1.);
#766=VECTOR('',#12401,1.);
#767=VECTOR('',#12404,1.);
#768=VECTOR('',#12405,1.);
#769=VECTOR('',#12406,1.);
#770=VECTOR('',#12409,1.);
#771=VECTOR('',#12410,1.);
#772=VECTOR('',#12411,1.);
#773=VECTOR('',#12412,1.);
#774=VECTOR('',#12415,1.);
#775=VECTOR('',#12416,1.);
#776=VECTOR('',#12417,1.);
#777=VECTOR('',#12420,1.);
#778=VECTOR('',#12421,1.);
#779=VECTOR('',#12422,1.);
#780=VECTOR('',#12425,1.);
#781=VECTOR('',#12426,1.);
#782=VECTOR('',#12427,1.);
#783=VECTOR('',#12430,1.);
#784=VECTOR('',#12431,1.);
#785=VECTOR('',#12432,1.);
#786=VECTOR('',#12435,1.);
#787=VECTOR('',#12436,1.);
#788=VECTOR('',#12437,1.);
#789=VECTOR('',#12440,1.);
#790=VECTOR('',#12441,1.);
#791=VECTOR('',#12442,1.);
#792=VECTOR('',#12445,1.);
#793=VECTOR('',#12446,1.);
#794=VECTOR('',#12447,1.);
#795=VECTOR('',#12450,1.);
#796=VECTOR('',#12451,1.);
#797=VECTOR('',#12452,1.);
#798=VECTOR('',#12455,1.);
#799=VECTOR('',#12456,1.);
#800=VECTOR('',#12457,1.);
#801=VECTOR('',#12460,1.);
#802=VECTOR('',#12461,1.);
#803=VECTOR('',#12462,1.);
#804=VECTOR('',#12465,1.);
#805=VECTOR('',#12466,1.);
#806=VECTOR('',#12467,1.);
#807=VECTOR('',#12470,1.);
#808=VECTOR('',#12471,1.);
#809=VECTOR('',#12472,1.);
#810=VECTOR('',#12475,1.);
#811=VECTOR('',#12476,1.);
#812=VECTOR('',#12477,1.);
#813=VECTOR('',#12480,1.);
#814=VECTOR('',#12481,1.);
#815=VECTOR('',#12482,1.);
#816=VECTOR('',#12485,1.);
#817=VECTOR('',#12486,1.);
#818=VECTOR('',#12487,1.);
#819=VECTOR('',#12490,1.);
#820=VECTOR('',#12491,1.);
#821=VECTOR('',#12492,1.);
#822=VECTOR('',#12495,1.);
#823=VECTOR('',#12496,1.);
#824=VECTOR('',#12497,1.);
#825=VECTOR('',#12500,1.);
#826=VECTOR('',#12501,1.);
#827=VECTOR('',#12502,1.);
#828=VECTOR('',#12505,1.);
#829=VECTOR('',#12506,1.);
#830=VECTOR('',#12507,1.);
#831=VECTOR('',#12510,1.);
#832=VECTOR('',#12511,1.);
#833=VECTOR('',#12512,1.);
#834=VECTOR('',#12515,1.);
#835=VECTOR('',#12516,1.);
#836=VECTOR('',#12517,1.);
#837=VECTOR('',#12520,1.);
#838=VECTOR('',#12521,1.);
#839=VECTOR('',#12522,1.);
#840=VECTOR('',#12525,1.);
#841=VECTOR('',#12526,1.);
#842=VECTOR('',#12527,1.);
#843=VECTOR('',#12530,1.);
#844=VECTOR('',#12531,1.);
#845=VECTOR('',#12532,1.);
#846=VECTOR('',#12535,1.);
#847=VECTOR('',#12536,1.);
#848=VECTOR('',#12537,1.);
#849=VECTOR('',#12540,1.);
#850=VECTOR('',#12541,1.);
#851=VECTOR('',#12542,1.);
#852=VECTOR('',#12545,1.);
#853=VECTOR('',#12546,1.);
#854=VECTOR('',#12547,1.);
#855=VECTOR('',#12550,1.);
#856=VECTOR('',#12551,1.);
#857=VECTOR('',#12552,1.);
#858=VECTOR('',#12555,1.);
#859=VECTOR('',#12556,1.);
#860=VECTOR('',#12557,1.);
#861=VECTOR('',#12560,1.);
#862=VECTOR('',#12561,1.);
#863=VECTOR('',#12562,1.);
#864=VECTOR('',#12565,1.);
#865=VECTOR('',#12566,1.);
#866=VECTOR('',#12567,1.);
#867=VECTOR('',#12570,1.);
#868=VECTOR('',#12571,1.);
#869=VECTOR('',#12572,1.);
#870=VECTOR('',#12575,1.);
#871=VECTOR('',#12576,1.);
#872=VECTOR('',#12577,1.);
#873=VECTOR('',#12580,1.);
#874=VECTOR('',#12581,1.);
#875=VECTOR('',#12582,1.);
#876=VECTOR('',#12585,1.);
#877=VECTOR('',#12586,1.);
#878=VECTOR('',#12587,1.);
#879=VECTOR('',#12590,1.);
#880=VECTOR('',#12591,1.);
#881=VECTOR('',#12592,1.);
#882=VECTOR('',#12595,1.);
#883=VECTOR('',#12596,1.);
#884=VECTOR('',#12597,1.);
#885=VECTOR('',#12600,1.);
#886=VECTOR('',#12601,1.);
#887=VECTOR('',#12602,1.);
#888=VECTOR('',#12605,1.);
#889=VECTOR('',#12606,1.);
#890=VECTOR('',#12607,1.);
#891=VECTOR('',#12610,1.);
#892=VECTOR('',#12611,1.);
#893=VECTOR('',#12612,1.);
#894=VECTOR('',#12615,1.);
#895=VECTOR('',#12616,1.);
#896=VECTOR('',#12617,1.);
#897=VECTOR('',#12620,1.);
#898=VECTOR('',#12621,1.);
#899=VECTOR('',#12622,1.);
#900=VECTOR('',#12625,1.);
#901=VECTOR('',#12626,1.);
#902=VECTOR('',#12627,1.);
#903=VECTOR('',#12630,1.);
#904=VECTOR('',#12631,1.);
#905=VECTOR('',#12632,1.);
#906=VECTOR('',#12635,1.);
#907=VECTOR('',#12636,1.);
#908=VECTOR('',#12637,1.);
#909=VECTOR('',#12640,1.);
#910=VECTOR('',#12641,1.);
#911=VECTOR('',#12642,1.);
#912=VECTOR('',#12645,1.);
#913=VECTOR('',#12646,1.);
#914=VECTOR('',#12647,1.);
#915=VECTOR('',#12650,1.);
#916=VECTOR('',#12651,1.);
#917=VECTOR('',#12654,1.);
#918=VECTOR('',#12655,1.);
#919=VECTOR('',#12658,1.);
#920=VECTOR('',#12659,1.);
#921=VECTOR('',#12662,1.);
#922=VECTOR('',#12663,1.);
#923=VECTOR('',#12666,1.);
#924=VECTOR('',#12667,1.);
#925=VECTOR('',#12670,1.);
#926=VECTOR('',#12671,1.);
#927=VECTOR('',#12674,1.);
#928=VECTOR('',#12675,1.);
#929=VECTOR('',#12684,1.);
#930=VECTOR('',#12685,1.);
#931=VECTOR('',#12686,1.);
#932=VECTOR('',#12687,1.);
#933=VECTOR('',#12688,1.);
#934=VECTOR('',#12689,1.);
#935=VECTOR('',#12694,1.);
#936=VECTOR('',#12695,1.);
#937=VECTOR('',#12696,1.);
#938=VECTOR('',#12697,1.);
#939=VECTOR('',#12698,1.);
#940=VECTOR('',#12701,1.);
#941=VECTOR('',#12706,1.);
#942=VECTOR('',#12707,1.);
#943=VECTOR('',#12708,1.);
#944=VECTOR('',#12709,1.);
#945=VECTOR('',#12710,1.);
#946=VECTOR('',#12711,1.);
#947=VECTOR('',#12712,1.);
#948=VECTOR('',#12713,1.);
#949=VECTOR('',#12714,1.);
#950=VECTOR('',#12715,1.);
#951=VECTOR('',#12716,1.);
#952=VECTOR('',#12717,1.);
#953=VECTOR('',#12718,1.);
#954=VECTOR('',#12719,1.);
#955=VECTOR('',#12722,1.);
#956=VECTOR('',#12727,1.);
#957=VECTOR('',#12728,1.);
#958=VECTOR('',#12729,1.);
#959=VECTOR('',#12730,1.);
#960=VECTOR('',#12731,1.);
#961=VECTOR('',#12732,1.);
#962=VECTOR('',#12733,1.);
#963=VECTOR('',#12734,1.);
#964=VECTOR('',#12735,1.);
#965=VECTOR('',#12736,1.);
#966=VECTOR('',#12737,1.);
#967=VECTOR('',#12738,1.);
#968=VECTOR('',#12739,1.);
#969=VECTOR('',#12742,1.);
#970=VECTOR('',#12745,1.);
#971=VECTOR('',#12746,1.);
#972=VECTOR('',#12747,1.);
#973=VECTOR('',#12748,1.);
#974=VECTOR('',#12749,1.);
#975=VECTOR('',#12750,1.);
#976=VECTOR('',#12753,1.);
#977=VECTOR('',#12754,1.);
#978=VECTOR('',#12755,1.);
#979=VECTOR('',#12756,1.);
#980=VECTOR('',#12757,1.);
#981=VECTOR('',#12758,1.);
#982=VECTOR('',#12759,1.);
#983=VECTOR('',#12760,1.);
#984=VECTOR('',#12761,1.);
#985=VECTOR('',#12762,1.);
#986=VECTOR('',#12763,1.);
#987=VECTOR('',#12764,1.);
#988=VECTOR('',#12765,1.);
#989=VECTOR('',#12966,1.);
#990=VECTOR('',#12967,1.);
#991=VECTOR('',#12968,1.);
#992=VECTOR('',#12969,1.);
#993=VECTOR('',#12970,1.);
#994=VECTOR('',#13003,1.);
#995=VECTOR('',#13004,1.);
#996=VECTOR('',#13009,1.);
#997=VECTOR('',#13010,1.);
#998=VECTOR('',#13021,1.);
#999=VECTOR('',#13022,1.);
#1000=VECTOR('',#13023,1.);
#1001=VECTOR('',#13024,1.);
#1002=VECTOR('',#13025,1.);
#1003=VECTOR('',#13026,1.);
#1004=VECTOR('',#13027,1.);
#1005=VECTOR('',#13028,1.);
#1006=VECTOR('',#13029,1.);
#1007=VECTOR('',#13030,1.);
#1008=VECTOR('',#13031,1.);
#1009=VECTOR('',#13246,1.);
#1010=VECTOR('',#13247,1.);
#1011=VECTOR('',#13250,1.);
#1012=VECTOR('',#13251,1.);
#1013=VECTOR('',#13254,1.);
#1014=VECTOR('',#13255,1.);
#1015=VECTOR('',#13258,1.);
#1016=VECTOR('',#13259,1.);
#1017=VECTOR('',#13262,1.);
#1018=VECTOR('',#13263,1.);
#1019=VECTOR('',#13268,1.);
#1020=VECTOR('',#13269,1.);
#1021=VECTOR('',#13272,1.);
#1022=VECTOR('',#13273,1.);
#1023=VECTOR('',#13278,1.);
#1024=VECTOR('',#13279,1.);
#1025=VECTOR('',#13282,1.);
#1026=VECTOR('',#13283,1.);
#1027=VECTOR('',#13286,1.);
#1028=VECTOR('',#13287,1.);
#1029=VECTOR('',#13290,1.);
#1030=VECTOR('',#13291,1.);
#1031=VECTOR('',#13294,1.);
#1032=VECTOR('',#13295,1.);
#1033=VECTOR('',#13476,1.);
#1034=VECTOR('',#13477,1.);
#1035=VECTOR('',#13478,1.);
#1036=VECTOR('',#13481,1.);
#1037=VECTOR('',#13482,1.);
#1038=VECTOR('',#13485,1.);
#1039=VECTOR('',#13486,1.);
#1040=VECTOR('',#13489,1.);
#1041=VECTOR('',#13490,1.);
#1042=VECTOR('',#13493,1.);
#1043=VECTOR('',#13494,1.);
#1044=VECTOR('',#13497,1.);
#1045=VECTOR('',#13500,1.);
#1046=VECTOR('',#13501,1.);
#1047=VECTOR('',#13502,1.);
#1048=VECTOR('',#13503,1.);
#1049=VECTOR('',#13538,1.);
#1050=VECTOR('',#13539,1.);
#1051=VECTOR('',#13540,1.);
#1052=VECTOR('',#13543,1.);
#1053=VECTOR('',#13544,1.);
#1054=VECTOR('',#13545,1.);
#1055=VECTOR('',#13546,1.);
#1056=VECTOR('',#13547,1.);
#1057=VECTOR('',#13548,1.);
#1058=VECTOR('',#13551,1.);
#1059=VECTOR('',#13556,1.);
#1060=VECTOR('',#13561,1.);
#1061=VECTOR('',#13562,1.);
#1062=VECTOR('',#13563,1.);
#1063=VECTOR('',#13566,1.);
#1064=VECTOR('',#13569,1.);
#1065=VECTOR('',#13570,1.);
#1066=VECTOR('',#13573,1.);
#1067=VECTOR('',#13574,1.);
#1068=VECTOR('',#13577,1.);
#1069=VECTOR('',#13578,1.);
#1070=VECTOR('',#13579,1.);
#1071=VECTOR('',#13582,1.);
#1072=VECTOR('',#13583,1.);
#1073=VECTOR('',#13586,1.);
#1074=VECTOR('',#13587,1.);
#1075=VECTOR('',#13590,1.);
#1076=VECTOR('',#13591,1.);
#1077=VECTOR('',#13594,1.);
#1078=VECTOR('',#13595,1.);
#1079=VECTOR('',#13598,1.);
#1080=VECTOR('',#13599,1.);
#1081=VECTOR('',#13602,1.);
#1082=VECTOR('',#13603,1.);
#1083=VECTOR('',#13606,1.);
#1084=VECTOR('',#13607,1.);
#1085=VECTOR('',#13610,1.);
#1086=VECTOR('',#13611,1.);
#1087=VECTOR('',#13614,1.);
#1088=VECTOR('',#13615,1.);
#1089=VECTOR('',#13618,1.);
#1090=VECTOR('',#13619,1.);
#1091=VECTOR('',#13622,1.);
#1092=VECTOR('',#13623,1.);
#1093=VECTOR('',#13626,1.);
#1094=VECTOR('',#13629,1.);
#1095=VECTOR('',#13630,1.);
#1096=VECTOR('',#13631,1.);
#1097=VECTOR('',#13634,1.);
#1098=VECTOR('',#13635,1.);
#1099=VECTOR('',#13636,1.);
#1100=VECTOR('',#13637,1.);
#1101=VECTOR('',#13638,1.);
#1102=VECTOR('',#13639,1.);
#1103=VECTOR('',#13642,1.);
#1104=VECTOR('',#13647,1.);
#1105=VECTOR('',#13652,1.);
#1106=VECTOR('',#13653,1.);
#1107=VECTOR('',#13654,1.);
#1108=VECTOR('',#13657,1.);
#1109=VECTOR('',#13660,1.);
#1110=VECTOR('',#13661,1.);
#1111=VECTOR('',#13666,1.);
#1112=VECTOR('',#13667,1.);
#1113=VECTOR('',#13668,1.);
#1114=VECTOR('',#13671,1.);
#1115=VECTOR('',#13672,1.);
#1116=VECTOR('',#13675,1.);
#1117=VECTOR('',#13676,1.);
#1118=VECTOR('',#13679,1.);
#1119=VECTOR('',#13684,1.);
#1120=VECTOR('',#13685,1.);
#1121=VECTOR('',#13686,1.);
#1122=VECTOR('',#13689,1.);
#1123=VECTOR('',#13690,1.);
#1124=VECTOR('',#13693,1.);
#1125=VECTOR('',#13694,1.);
#1126=VECTOR('',#13695,1.);
#1127=VECTOR('',#13696,1.);
#1128=VECTOR('',#13697,1.);
#1129=VECTOR('',#13700,1.);
#1130=VECTOR('',#13705,1.);
#1131=VECTOR('',#13706,1.);
#1132=VECTOR('',#13709,1.);
#1133=VECTOR('',#13710,1.);
#1134=VECTOR('',#13713,1.);
#1135=VECTOR('',#13714,1.);
#1136=VECTOR('',#13717,1.);
#1137=VECTOR('',#13718,1.);
#1138=VECTOR('',#13721,1.);
#1139=VECTOR('',#13722,1.);
#1140=VECTOR('',#13725,1.);
#1141=VECTOR('',#13726,1.);
#1142=VECTOR('',#13727,1.);
#1143=VECTOR('',#13728,1.);
#1144=VECTOR('',#13729,1.);
#1145=VECTOR('',#13732,1.);
#1146=VECTOR('',#13733,1.);
#1147=VECTOR('',#13734,1.);
#1148=VECTOR('',#13735,1.);
#1149=VECTOR('',#13736,1.);
#1150=VECTOR('',#13737,1.);
#1151=VECTOR('',#13740,1.);
#1152=VECTOR('',#13741,1.);
#1153=VECTOR('',#13742,1.);
#1154=VECTOR('',#13745,1.);
#1155=VECTOR('',#13746,1.);
#1156=VECTOR('',#13747,1.);
#1157=VECTOR('',#13750,1.);
#1158=VECTOR('',#13751,1.);
#1159=VECTOR('',#13752,1.);
#1160=VECTOR('',#13755,1.);
#1161=VECTOR('',#13756,1.);
#1162=VECTOR('',#13759,1.);
#1163=VECTOR('',#13760,1.);
#1164=VECTOR('',#13761,1.);
#1165=VECTOR('',#13762,1.);
#1166=VECTOR('',#13765,1.);
#1167=VECTOR('',#13770,1.);
#1168=VECTOR('',#13775,1.);
#1169=VECTOR('',#13776,1.);
#1170=VECTOR('',#13777,1.);
#1171=VECTOR('',#13778,1.);
#1172=VECTOR('',#13779,1.);
#1173=VECTOR('',#13782,1.);
#1174=VECTOR('',#13783,1.);
#1175=VECTOR('',#13786,1.);
#1176=VECTOR('',#13787,1.);
#1177=VECTOR('',#13788,1.);
#1178=VECTOR('',#13789,1.);
#1179=VECTOR('',#13790,1.);
#1180=VECTOR('',#13791,1.);
#1181=VECTOR('',#13792,1.);
#1182=VECTOR('',#13795,1.);
#1183=VECTOR('',#13798,1.);
#1184=VECTOR('',#13799,1.);
#1185=VECTOR('',#13800,1.);
#1186=VECTOR('',#13801,1.);
#1187=VECTOR('',#13802,1.);
#1188=VECTOR('',#13803,1.);
#1189=VECTOR('',#13804,1.);
#1190=VECTOR('',#13805,1.);
#1191=VECTOR('',#13806,1.);
#1192=VECTOR('',#13807,1.);
#1193=VECTOR('',#13808,1.);
#1194=VECTOR('',#13811,1.);
#1195=VECTOR('',#13812,1.);
#1196=VECTOR('',#13815,1.);
#1197=VECTOR('',#13820,1.);
#1198=VECTOR('',#13821,1.);
#1199=VECTOR('',#13824,1.);
#1200=VECTOR('',#13825,1.);
#1201=VECTOR('',#13828,1.);
#1202=VECTOR('',#13829,1.);
#1203=VECTOR('',#13832,1.);
#1204=VECTOR('',#13833,1.);
#1205=VECTOR('',#13836,1.);
#1206=VECTOR('',#13837,1.);
#1207=VECTOR('',#13840,1.);
#1208=VECTOR('',#13841,1.);
#1209=VECTOR('',#13844,1.);
#1210=VECTOR('',#13847,1.);
#1211=VECTOR('',#13848,1.);
#1212=VECTOR('',#13849,1.);
#1213=VECTOR('',#13854,1.);
#1214=VECTOR('',#13855,1.);
#1215=VECTOR('',#13856,1.);
#1216=VECTOR('',#13859,1.);
#1217=VECTOR('',#13860,1.);
#1218=VECTOR('',#13863,1.);
#1219=VECTOR('',#13864,1.);
#1220=VECTOR('',#13867,1.);
#1221=VECTOR('',#13868,1.);
#1222=VECTOR('',#13871,1.);
#1223=VECTOR('',#13872,1.);
#1224=VECTOR('',#13875,1.);
#1225=VECTOR('',#13876,1.);
#1226=VECTOR('',#13879,1.);
#1227=VECTOR('',#13880,1.);
#1228=VECTOR('',#13883,1.);
#1229=VECTOR('',#13884,1.);
#1230=VECTOR('',#13887,1.);
#1231=VECTOR('',#13888,1.);
#1232=VECTOR('',#13891,1.);
#1233=VECTOR('',#13892,1.);
#1234=VECTOR('',#13895,1.);
#1235=VECTOR('',#13896,1.);
#1236=VECTOR('',#13899,1.);
#1237=VECTOR('',#13908,1.);
#1238=VECTOR('',#13909,1.);
#1239=VECTOR('',#13910,1.);
#1240=VECTOR('',#13913,1.);
#1241=VECTOR('',#13914,1.);
#1242=VECTOR('',#13917,1.);
#1243=VECTOR('',#13918,1.);
#1244=VECTOR('',#13921,1.);
#1245=SHAPE_REPRESENTATION_RELATIONSHIP('','',#10069,#1337);
#1246=SHAPE_REPRESENTATION_RELATIONSHIP('','',#10070,#1338);
#1247=SHAPE_REPRESENTATION_RELATIONSHIP('','',#10071,#1339);
#1248=SHAPE_REPRESENTATION_RELATIONSHIP('','',#10072,#1340);
#1249=SHAPE_REPRESENTATION_RELATIONSHIP('','',#10073,#1341);
#1250=SHAPE_REPRESENTATION_RELATIONSHIP('','',#10074,#1342);
#1251=SHAPE_REPRESENTATION_RELATIONSHIP('','',#10075,#1343);
#1252=SHAPE_REPRESENTATION_RELATIONSHIP('','',#10076,#1344);
#1253=SHAPE_REPRESENTATION_RELATIONSHIP('','',#10077,#1345);
#1254=SHAPE_REPRESENTATION_RELATIONSHIP('','',#10078,#1346);
#1255=SHAPE_REPRESENTATION_RELATIONSHIP('','',#10079,#1347);
#1256=SHAPE_REPRESENTATION_RELATIONSHIP('','',#10080,#1348);
#1257=SHAPE_REPRESENTATION_RELATIONSHIP('','',#10081,#1349);
#1258=SHAPE_REPRESENTATION_RELATIONSHIP('','',#10082,#1350);
#1259=SHAPE_REPRESENTATION_RELATIONSHIP('','',#10083,#1351);
#1260=SHAPE_REPRESENTATION_RELATIONSHIP('','',#10084,#1352);
#1261=SHAPE_REPRESENTATION_RELATIONSHIP('','',#10085,#1353);
#1262=SHAPE_REPRESENTATION_RELATIONSHIP('','',#10086,#1354);
#1263=SHAPE_REPRESENTATION_RELATIONSHIP('','',#10087,#1355);
#1264=SHAPE_REPRESENTATION_RELATIONSHIP('','',#10088,#1356);
#1265=SHAPE_REPRESENTATION_RELATIONSHIP('','',#10089,#1357);
#1266=SHAPE_REPRESENTATION_RELATIONSHIP('','',#10090,#1358);
#1267=SHAPE_REPRESENTATION_RELATIONSHIP('','',#10091,#1359);
#1268=SHAPE_REPRESENTATION_RELATIONSHIP('','',#10092,#1360);
#1269=SHAPE_REPRESENTATION_RELATIONSHIP('','',#10093,#1361);
#1270=SHAPE_REPRESENTATION_RELATIONSHIP('','',#10094,#1362);
#1271=SHAPE_REPRESENTATION_RELATIONSHIP('','',#10095,#1363);
#1272=SHAPE_REPRESENTATION_RELATIONSHIP('','',#10096,#1364);
#1273=SHAPE_REPRESENTATION_RELATIONSHIP('','',#10097,#1365);
#1274=SHAPE_REPRESENTATION_RELATIONSHIP('','',#10098,#1366);
#1275=SHAPE_REPRESENTATION_RELATIONSHIP('','',#10099,#1367);
#1276=SHAPE_REPRESENTATION_RELATIONSHIP('','',#10100,#1368);
#1277=SHAPE_REPRESENTATION_RELATIONSHIP('','',#10101,#1369);
#1278=SHAPE_REPRESENTATION_RELATIONSHIP('','',#10102,#1370);
#1279=SHAPE_REPRESENTATION_RELATIONSHIP('','',#10103,#1371);
#1280=SHAPE_REPRESENTATION_RELATIONSHIP('','',#10104,#1372);
#1281=SHAPE_REPRESENTATION_RELATIONSHIP('','',#10105,#1373);
#1282=SHAPE_REPRESENTATION_RELATIONSHIP('','',#10106,#1374);
#1283=SHAPE_REPRESENTATION_RELATIONSHIP('','',#10107,#1375);
#1284=SHAPE_REPRESENTATION_RELATIONSHIP('','',#10108,#1376);
#1285=SHAPE_REPRESENTATION_RELATIONSHIP('','',#10109,#1377);
#1286=SHAPE_REPRESENTATION_RELATIONSHIP('','',#10110,#1378);
#1287=SHAPE_REPRESENTATION_RELATIONSHIP('','',#10111,#1379);
#1288=SHAPE_REPRESENTATION_RELATIONSHIP('','',#10112,#1380);
#1289=SHAPE_REPRESENTATION_RELATIONSHIP('','',#10113,#1381);
#1290=SHAPE_REPRESENTATION_RELATIONSHIP('','',#10114,#1382);
#1291=SHAPE_REPRESENTATION_RELATIONSHIP('','',#10115,#1383);
#1292=SHAPE_REPRESENTATION_RELATIONSHIP('','',#10116,#1384);
#1293=SHAPE_REPRESENTATION_RELATIONSHIP('','',#10117,#1385);
#1294=SHAPE_REPRESENTATION_RELATIONSHIP('','',#10118,#1386);
#1295=SHAPE_REPRESENTATION_RELATIONSHIP('','',#10119,#1387);
#1296=SHAPE_REPRESENTATION_RELATIONSHIP('','',#10120,#1388);
#1297=SHAPE_REPRESENTATION_RELATIONSHIP('','',#10121,#1389);
#1298=SHAPE_REPRESENTATION_RELATIONSHIP('','',#10122,#1390);
#1299=SHAPE_REPRESENTATION_RELATIONSHIP('','',#10123,#1391);
#1300=SHAPE_REPRESENTATION_RELATIONSHIP('','',#10124,#1392);
#1301=SHAPE_REPRESENTATION_RELATIONSHIP('','',#10125,#1393);
#1302=SHAPE_REPRESENTATION_RELATIONSHIP('','',#10126,#1394);
#1303=SHAPE_REPRESENTATION_RELATIONSHIP('','',#10127,#1395);
#1304=SHAPE_REPRESENTATION_RELATIONSHIP('','',#10128,#1396);
#1305=SHAPE_REPRESENTATION_RELATIONSHIP('','',#10129,#1397);
#1306=SHAPE_REPRESENTATION_RELATIONSHIP('','',#10130,#1398);
#1307=SHAPE_REPRESENTATION_RELATIONSHIP('','',#10131,#1399);
#1308=SHAPE_REPRESENTATION_RELATIONSHIP('','',#10132,#1400);
#1309=SHAPE_REPRESENTATION_RELATIONSHIP('','',#10133,#1401);
#1310=SHAPE_REPRESENTATION_RELATIONSHIP('','',#10134,#1402);
#1311=SHAPE_REPRESENTATION_RELATIONSHIP('','',#10135,#1403);
#1312=SHAPE_REPRESENTATION_RELATIONSHIP('','',#10136,#1404);
#1313=SHAPE_REPRESENTATION_RELATIONSHIP('','',#10137,#1405);
#1314=SHAPE_REPRESENTATION_RELATIONSHIP('','',#10138,#1406);
#1315=SHAPE_REPRESENTATION_RELATIONSHIP('','',#10139,#1407);
#1316=SHAPE_REPRESENTATION_RELATIONSHIP('','',#10140,#1408);
#1317=SHAPE_REPRESENTATION_RELATIONSHIP('','',#10141,#1409);
#1318=SHAPE_REPRESENTATION_RELATIONSHIP('','',#10142,#1410);
#1319=SHAPE_REPRESENTATION_RELATIONSHIP('','',#10143,#1411);
#1320=SHAPE_REPRESENTATION_RELATIONSHIP('','',#10144,#1412);
#1321=SHAPE_REPRESENTATION_RELATIONSHIP('','',#10145,#1413);
#1322=SHAPE_REPRESENTATION_RELATIONSHIP('','',#10146,#1414);
#1323=SHAPE_REPRESENTATION_RELATIONSHIP('','',#10147,#1415);
#1324=SHAPE_REPRESENTATION_RELATIONSHIP('','',#10148,#1416);
#1325=SHAPE_REPRESENTATION_RELATIONSHIP('','',#10149,#1417);
#1326=SHAPE_REPRESENTATION_RELATIONSHIP('','',#10150,#1418);
#1327=SHAPE_REPRESENTATION_RELATIONSHIP('','',#10151,#1419);
#1328=SHAPE_REPRESENTATION_RELATIONSHIP('','',#10152,#1420);
#1329=SHAPE_REPRESENTATION_RELATIONSHIP('','',#10153,#1421);
#1330=SHAPE_REPRESENTATION_RELATIONSHIP('','',#10154,#1422);
#1331=SHAPE_REPRESENTATION_RELATIONSHIP('','',#10155,#1423);
#1332=SHAPE_REPRESENTATION_RELATIONSHIP('','',#10156,#1424);
#1333=SHAPE_REPRESENTATION_RELATIONSHIP('','',#10157,#1425);
#1334=SHAPE_REPRESENTATION_RELATIONSHIP('','',#10158,#1426);
#1335=SHAPE_REPRESENTATION_RELATIONSHIP('','',#10159,#1427);
#1336=SHAPE_REPRESENTATION_RELATIONSHIP('','',#10160,#1428);
#1337=ADVANCED_BREP_SHAPE_REPRESENTATION('',(#9885),#17287);
#1338=ADVANCED_BREP_SHAPE_REPRESENTATION('',(#9886),#17288);
#1339=ADVANCED_BREP_SHAPE_REPRESENTATION('',(#9887),#17289);
#1340=ADVANCED_BREP_SHAPE_REPRESENTATION('',(#9888),#17290);
#1341=ADVANCED_BREP_SHAPE_REPRESENTATION('',(#9889),#17291);
#1342=ADVANCED_BREP_SHAPE_REPRESENTATION('',(#9890),#17292);
#1343=ADVANCED_BREP_SHAPE_REPRESENTATION('',(#9891),#17293);
#1344=ADVANCED_BREP_SHAPE_REPRESENTATION('',(#9892),#17294);
#1345=ADVANCED_BREP_SHAPE_REPRESENTATION('',(#9893),#17295);
#1346=ADVANCED_BREP_SHAPE_REPRESENTATION('',(#9894),#17296);
#1347=ADVANCED_BREP_SHAPE_REPRESENTATION('',(#9895),#17297);
#1348=ADVANCED_BREP_SHAPE_REPRESENTATION('',(#9896),#17298);
#1349=ADVANCED_BREP_SHAPE_REPRESENTATION('',(#9897),#17299);
#1350=ADVANCED_BREP_SHAPE_REPRESENTATION('',(#9898),#17300);
#1351=ADVANCED_BREP_SHAPE_REPRESENTATION('',(#9899),#17301);
#1352=ADVANCED_BREP_SHAPE_REPRESENTATION('',(#9900),#17302);
#1353=ADVANCED_BREP_SHAPE_REPRESENTATION('',(#9901),#17303);
#1354=ADVANCED_BREP_SHAPE_REPRESENTATION('',(#9902),#17304);
#1355=ADVANCED_BREP_SHAPE_REPRESENTATION('',(#9903),#17305);
#1356=ADVANCED_BREP_SHAPE_REPRESENTATION('',(#9904),#17306);
#1357=ADVANCED_BREP_SHAPE_REPRESENTATION('',(#9905),#17307);
#1358=ADVANCED_BREP_SHAPE_REPRESENTATION('',(#9906),#17308);
#1359=ADVANCED_BREP_SHAPE_REPRESENTATION('',(#9907),#17309);
#1360=ADVANCED_BREP_SHAPE_REPRESENTATION('',(#9908),#17310);
#1361=ADVANCED_BREP_SHAPE_REPRESENTATION('',(#9909),#17311);
#1362=ADVANCED_BREP_SHAPE_REPRESENTATION('',(#9910),#17312);
#1363=ADVANCED_BREP_SHAPE_REPRESENTATION('',(#9911),#17313);
#1364=ADVANCED_BREP_SHAPE_REPRESENTATION('',(#9912),#17314);
#1365=ADVANCED_BREP_SHAPE_REPRESENTATION('',(#9913),#17315);
#1366=ADVANCED_BREP_SHAPE_REPRESENTATION('',(#9914),#17316);
#1367=ADVANCED_BREP_SHAPE_REPRESENTATION('',(#9915),#17317);
#1368=ADVANCED_BREP_SHAPE_REPRESENTATION('',(#9916),#17318);
#1369=ADVANCED_BREP_SHAPE_REPRESENTATION('',(#9917),#17319);
#1370=ADVANCED_BREP_SHAPE_REPRESENTATION('',(#9918),#17320);
#1371=ADVANCED_BREP_SHAPE_REPRESENTATION('',(#9919),#17321);
#1372=ADVANCED_BREP_SHAPE_REPRESENTATION('',(#9920),#17322);
#1373=ADVANCED_BREP_SHAPE_REPRESENTATION('',(#9921),#17323);
#1374=ADVANCED_BREP_SHAPE_REPRESENTATION('',(#9922),#17324);
#1375=ADVANCED_BREP_SHAPE_REPRESENTATION('',(#9923),#17325);
#1376=ADVANCED_BREP_SHAPE_REPRESENTATION('',(#9924),#17326);
#1377=ADVANCED_BREP_SHAPE_REPRESENTATION('',(#9925),#17327);
#1378=ADVANCED_BREP_SHAPE_REPRESENTATION('',(#9926),#17328);
#1379=ADVANCED_BREP_SHAPE_REPRESENTATION('',(#9927),#17329);
#1380=ADVANCED_BREP_SHAPE_REPRESENTATION('',(#9928),#17330);
#1381=ADVANCED_BREP_SHAPE_REPRESENTATION('',(#9929),#17331);
#1382=ADVANCED_BREP_SHAPE_REPRESENTATION('',(#9930),#17332);
#1383=ADVANCED_BREP_SHAPE_REPRESENTATION('',(#9931),#17333);
#1384=ADVANCED_BREP_SHAPE_REPRESENTATION('',(#9932),#17334);
#1385=ADVANCED_BREP_SHAPE_REPRESENTATION('',(#9933),#17335);
#1386=ADVANCED_BREP_SHAPE_REPRESENTATION('',(#9934),#17336);
#1387=ADVANCED_BREP_SHAPE_REPRESENTATION('',(#9935),#17337);
#1388=ADVANCED_BREP_SHAPE_REPRESENTATION('',(#9936),#17338);
#1389=ADVANCED_BREP_SHAPE_REPRESENTATION('',(#9937),#17339);
#1390=ADVANCED_BREP_SHAPE_REPRESENTATION('',(#9938),#17340);
#1391=ADVANCED_BREP_SHAPE_REPRESENTATION('',(#9939),#17341);
#1392=ADVANCED_BREP_SHAPE_REPRESENTATION('',(#9940),#17342);
#1393=ADVANCED_BREP_SHAPE_REPRESENTATION('',(#9941),#17343);
#1394=ADVANCED_BREP_SHAPE_REPRESENTATION('',(#9942),#17344);
#1395=ADVANCED_BREP_SHAPE_REPRESENTATION('',(#9943),#17345);
#1396=ADVANCED_BREP_SHAPE_REPRESENTATION('',(#9944),#17346);
#1397=ADVANCED_BREP_SHAPE_REPRESENTATION('',(#9945),#17347);
#1398=ADVANCED_BREP_SHAPE_REPRESENTATION('',(#9946),#17348);
#1399=ADVANCED_BREP_SHAPE_REPRESENTATION('',(#9947),#17349);
#1400=ADVANCED_BREP_SHAPE_REPRESENTATION('',(#9948),#17350);
#1401=ADVANCED_BREP_SHAPE_REPRESENTATION('',(#9949),#17351);
#1402=ADVANCED_BREP_SHAPE_REPRESENTATION('',(#9950),#17352);
#1403=ADVANCED_BREP_SHAPE_REPRESENTATION('',(#9951),#17353);
#1404=ADVANCED_BREP_SHAPE_REPRESENTATION('',(#9952),#17354);
#1405=ADVANCED_BREP_SHAPE_REPRESENTATION('',(#9953),#17355);
#1406=ADVANCED_BREP_SHAPE_REPRESENTATION('',(#9954),#17356);
#1407=ADVANCED_BREP_SHAPE_REPRESENTATION('',(#9955),#17357);
#1408=ADVANCED_BREP_SHAPE_REPRESENTATION('',(#9956),#17358);
#1409=ADVANCED_BREP_SHAPE_REPRESENTATION('',(#9957),#17359);
#1410=ADVANCED_BREP_SHAPE_REPRESENTATION('',(#9958),#17360);
#1411=ADVANCED_BREP_SHAPE_REPRESENTATION('',(#9959),#17361);
#1412=ADVANCED_BREP_SHAPE_REPRESENTATION('',(#9960),#17362);
#1413=ADVANCED_BREP_SHAPE_REPRESENTATION('',(#9961),#17363);
#1414=ADVANCED_BREP_SHAPE_REPRESENTATION('',(#9962),#17364);
#1415=ADVANCED_BREP_SHAPE_REPRESENTATION('',(#9963),#17365);
#1416=ADVANCED_BREP_SHAPE_REPRESENTATION('',(#9964),#17366);
#1417=ADVANCED_BREP_SHAPE_REPRESENTATION('',(#9965),#17367);
#1418=ADVANCED_BREP_SHAPE_REPRESENTATION('',(#9966),#17368);
#1419=ADVANCED_BREP_SHAPE_REPRESENTATION('',(#9967),#17369);
#1420=ADVANCED_BREP_SHAPE_REPRESENTATION('',(#9968),#17370);
#1421=ADVANCED_BREP_SHAPE_REPRESENTATION('',(#9969),#17371);
#1422=ADVANCED_BREP_SHAPE_REPRESENTATION('',(#9970),#17372);
#1423=ADVANCED_BREP_SHAPE_REPRESENTATION('',(#9971),#17373);
#1424=ADVANCED_BREP_SHAPE_REPRESENTATION('',(#9972),#17374);
#1425=ADVANCED_BREP_SHAPE_REPRESENTATION('',(#9973),#17375);
#1426=ADVANCED_BREP_SHAPE_REPRESENTATION('',(#9974),#17376);
#1427=ADVANCED_BREP_SHAPE_REPRESENTATION('',(#9975),#17377);
#1428=ADVANCED_BREP_SHAPE_REPRESENTATION('',(#9976),#17378);
#1429=PLANE('',#10165);
#1430=PLANE('',#10166);
#1431=PLANE('',#10171);
#1432=PLANE('',#10172);
#1433=PLANE('',#10177);
#1434=PLANE('',#10178);
#1435=PLANE('',#10183);
#1436=PLANE('',#10184);
#1437=PLANE('',#10189);
#1438=PLANE('',#10190);
#1439=PLANE('',#10195);
#1440=PLANE('',#10196);
#1441=PLANE('',#10201);
#1442=PLANE('',#10202);
#1443=PLANE('',#10207);
#1444=PLANE('',#10208);
#1445=PLANE('',#10213);
#1446=PLANE('',#10214);
#1447=PLANE('',#10219);
#1448=PLANE('',#10220);
#1449=PLANE('',#10225);
#1450=PLANE('',#10226);
#1451=PLANE('',#10231);
#1452=PLANE('',#10232);
#1453=PLANE('',#10237);
#1454=PLANE('',#10238);
#1455=PLANE('',#10243);
#1456=PLANE('',#10244);
#1457=PLANE('',#10249);
#1458=PLANE('',#10250);
#1459=PLANE('',#10255);
#1460=PLANE('',#10256);
#1461=PLANE('',#10261);
#1462=PLANE('',#10262);
#1463=PLANE('',#10267);
#1464=PLANE('',#10268);
#1465=PLANE('',#10273);
#1466=PLANE('',#10274);
#1467=PLANE('',#10279);
#1468=PLANE('',#10280);
#1469=PLANE('',#10285);
#1470=PLANE('',#10286);
#1471=PLANE('',#10291);
#1472=PLANE('',#10292);
#1473=PLANE('',#10297);
#1474=PLANE('',#10298);
#1475=PLANE('',#10303);
#1476=PLANE('',#10304);
#1477=PLANE('',#10309);
#1478=PLANE('',#10310);
#1479=PLANE('',#10315);
#1480=PLANE('',#10316);
#1481=PLANE('',#10321);
#1482=PLANE('',#10322);
#1483=PLANE('',#10327);
#1484=PLANE('',#10328);
#1485=PLANE('',#10333);
#1486=PLANE('',#10334);
#1487=PLANE('',#10339);
#1488=PLANE('',#10340);
#1489=PLANE('',#10345);
#1490=PLANE('',#10346);
#1491=PLANE('',#10351);
#1492=PLANE('',#10352);
#1493=PLANE('',#10357);
#1494=PLANE('',#10358);
#1495=PLANE('',#10363);
#1496=PLANE('',#10364);
#1497=PLANE('',#10369);
#1498=PLANE('',#10370);
#1499=PLANE('',#10375);
#1500=PLANE('',#10376);
#1501=PLANE('',#10381);
#1502=PLANE('',#10382);
#1503=PLANE('',#10387);
#1504=PLANE('',#10388);
#1505=PLANE('',#10393);
#1506=PLANE('',#10394);
#1507=PLANE('',#10399);
#1508=PLANE('',#10400);
#1509=PLANE('',#10405);
#1510=PLANE('',#10406);
#1511=PLANE('',#10411);
#1512=PLANE('',#10412);
#1513=PLANE('',#10417);
#1514=PLANE('',#10418);
#1515=PLANE('',#10423);
#1516=PLANE('',#10424);
#1517=PLANE('',#10429);
#1518=PLANE('',#10430);
#1519=PLANE('',#10435);
#1520=PLANE('',#10436);
#1521=PLANE('',#10441);
#1522=PLANE('',#10442);
#1523=PLANE('',#10447);
#1524=PLANE('',#10448);
#1525=PLANE('',#10453);
#1526=PLANE('',#10454);
#1527=PLANE('',#10459);
#1528=PLANE('',#10460);
#1529=PLANE('',#10465);
#1530=PLANE('',#10466);
#1531=PLANE('',#10471);
#1532=PLANE('',#10472);
#1533=PLANE('',#10477);
#1534=PLANE('',#10478);
#1535=PLANE('',#10483);
#1536=PLANE('',#10484);
#1537=PLANE('',#10489);
#1538=PLANE('',#10490);
#1539=PLANE('',#10495);
#1540=PLANE('',#10496);
#1541=PLANE('',#10501);
#1542=PLANE('',#10502);
#1543=PLANE('',#10507);
#1544=PLANE('',#10508);
#1545=PLANE('',#10513);
#1546=PLANE('',#10514);
#1547=PLANE('',#10519);
#1548=PLANE('',#10520);
#1549=PLANE('',#10525);
#1550=PLANE('',#10526);
#1551=PLANE('',#10531);
#1552=PLANE('',#10532);
#1553=PLANE('',#10537);
#1554=PLANE('',#10538);
#1555=PLANE('',#10543);
#1556=PLANE('',#10544);
#1557=PLANE('',#10549);
#1558=PLANE('',#10550);
#1559=PLANE('',#10555);
#1560=PLANE('',#10556);
#1561=PLANE('',#10561);
#1562=PLANE('',#10562);
#1563=PLANE('',#10567);
#1564=PLANE('',#10568);
#1565=PLANE('',#10573);
#1566=PLANE('',#10574);
#1567=PLANE('',#10579);
#1568=PLANE('',#10580);
#1569=PLANE('',#10585);
#1570=PLANE('',#10586);
#1571=PLANE('',#10591);
#1572=PLANE('',#10592);
#1573=PLANE('',#10597);
#1574=PLANE('',#10598);
#1575=PLANE('',#10603);
#1576=PLANE('',#10604);
#1577=PLANE('',#10609);
#1578=PLANE('',#10610);
#1579=PLANE('',#10615);
#1580=PLANE('',#10616);
#1581=PLANE('',#10621);
#1582=PLANE('',#10622);
#1583=PLANE('',#10627);
#1584=PLANE('',#10628);
#1585=PLANE('',#10633);
#1586=PLANE('',#10634);
#1587=PLANE('',#10639);
#1588=PLANE('',#10640);
#1589=PLANE('',#10645);
#1590=PLANE('',#10646);
#1591=PLANE('',#10651);
#1592=PLANE('',#10652);
#1593=PLANE('',#10657);
#1594=PLANE('',#10658);
#1595=PLANE('',#10663);
#1596=PLANE('',#10664);
#1597=PLANE('',#10669);
#1598=PLANE('',#10670);
#1599=PLANE('',#10675);
#1600=PLANE('',#10676);
#1601=PLANE('',#10681);
#1602=PLANE('',#10682);
#1603=PLANE('',#10687);
#1604=PLANE('',#10688);
#1605=PLANE('',#10693);
#1606=PLANE('',#10694);
#1607=PLANE('',#10699);
#1608=PLANE('',#10700);
#1609=PLANE('',#10702);
#1610=PLANE('',#10703);
#1611=PLANE('',#10704);
#1612=PLANE('',#10705);
#1613=PLANE('',#10706);
#1614=PLANE('',#10707);
#1615=PLANE('',#10708);
#1616=PLANE('',#10709);
#1617=PLANE('',#10710);
#1618=PLANE('',#10711);
#1619=PLANE('',#10712);
#1620=PLANE('',#10713);
#1621=PLANE('',#10714);
#1622=PLANE('',#10715);
#1623=PLANE('',#10716);
#1624=PLANE('',#10717);
#1625=PLANE('',#10718);
#1626=PLANE('',#10719);
#1627=PLANE('',#10720);
#1628=PLANE('',#10721);
#1629=PLANE('',#10722);
#1630=PLANE('',#10723);
#1631=PLANE('',#10724);
#1632=PLANE('',#10725);
#1633=PLANE('',#10726);
#1634=PLANE('',#10727);
#1635=PLANE('',#10728);
#1636=PLANE('',#10729);
#1637=PLANE('',#10730);
#1638=PLANE('',#10731);
#1639=PLANE('',#10732);
#1640=PLANE('',#10733);
#1641=PLANE('',#10734);
#1642=PLANE('',#10735);
#1643=PLANE('',#10736);
#1644=PLANE('',#10737);
#1645=PLANE('',#10738);
#1646=PLANE('',#10739);
#1647=PLANE('',#10740);
#1648=PLANE('',#10741);
#1649=PLANE('',#10742);
#1650=PLANE('',#10743);
#1651=PLANE('',#10744);
#1652=PLANE('',#10745);
#1653=PLANE('',#10746);
#1654=PLANE('',#10747);
#1655=PLANE('',#10748);
#1656=PLANE('',#10749);
#1657=PLANE('',#10750);
#1658=PLANE('',#10751);
#1659=PLANE('',#10752);
#1660=PLANE('',#10753);
#1661=PLANE('',#10754);
#1662=PLANE('',#10755);
#1663=PLANE('',#10756);
#1664=PLANE('',#10757);
#1665=PLANE('',#10758);
#1666=PLANE('',#10759);
#1667=PLANE('',#10760);
#1668=PLANE('',#10761);
#1669=PLANE('',#10762);
#1670=PLANE('',#10763);
#1671=PLANE('',#10764);
#1672=PLANE('',#10765);
#1673=PLANE('',#10766);
#1674=PLANE('',#10767);
#1675=PLANE('',#10768);
#1676=PLANE('',#10769);
#1677=PLANE('',#10770);
#1678=PLANE('',#10771);
#1679=PLANE('',#10772);
#1680=PLANE('',#10773);
#1681=PLANE('',#10774);
#1682=PLANE('',#10776);
#1683=PLANE('',#10788);
#1684=PLANE('',#10906);
#1685=PLANE('',#11022);
#1686=PLANE('',#11024);
#1687=PLANE('',#11025);
#1688=PLANE('',#11119);
#1689=PLANE('',#11121);
#1690=PLANE('',#11122);
#1691=PLANE('',#11123);
#1692=PLANE('',#11124);
#1693=PLANE('',#11125);
#1694=PLANE('',#11126);
#1695=PLANE('',#11128);
#1696=PLANE('',#11129);
#1697=PLANE('',#11144);
#1698=PLANE('',#11149);
#1699=PLANE('',#11152);
#1700=PLANE('',#11153);
#1701=PLANE('',#11154);
#1702=PLANE('',#11155);
#1703=PLANE('',#11156);
#1704=PLANE('',#11157);
#1705=PLANE('',#11158);
#1706=PLANE('',#11159);
#1707=PLANE('',#11160);
#1708=PLANE('',#11161);
#1709=PLANE('',#11162);
#1710=PLANE('',#11163);
#1711=PLANE('',#11164);
#1712=PLANE('',#11165);
#1713=PLANE('',#11166);
#1714=PLANE('',#11167);
#1715=PLANE('',#11172);
#1716=PLANE('',#11175);
#1717=PLANE('',#11176);
#1718=PLANE('',#11177);
#1719=PLANE('',#11178);
#1720=PLANE('',#11179);
#1721=PLANE('',#11180);
#1722=PLANE('',#11181);
#1723=PLANE('',#11182);
#1724=PLANE('',#11183);
#1725=PLANE('',#11186);
#1726=PLANE('',#11187);
#1727=PLANE('',#11188);
#1728=PLANE('',#11189);
#1729=PLANE('',#11190);
#1730=PLANE('',#11191);
#1731=PLANE('',#11192);
#1732=PLANE('',#11193);
#1733=PLANE('',#11194);
#1734=PLANE('',#11195);
#1735=PLANE('',#11196);
#1736=PLANE('',#11197);
#1737=PLANE('',#11202);
#1738=PLANE('',#11203);
#1739=PLANE('',#11204);
#1740=PLANE('',#11205);
#1741=PLANE('',#11206);
#1742=PLANE('',#11207);
#1743=PLANE('',#11210);
#1744=PLANE('',#11211);
#1745=PLANE('',#11212);
#1746=PLANE('',#11213);
#1747=PLANE('',#11214);
#1748=PLANE('',#11215);
#1749=PLANE('',#11218);
#1750=PLANE('',#11219);
#1751=PLANE('',#11220);
#1752=PLANE('',#11221);
#1753=PLANE('',#11222);
#1754=PLANE('',#11223);
#1755=PLANE('',#11224);
#1756=PLANE('',#11225);
#1757=PLANE('',#11226);
#1758=PLANE('',#11227);
#1759=PLANE('',#11228);
#1760=PLANE('',#11229);
#1761=PLANE('',#11230);
#1762=PLANE('',#11231);
#1763=PLANE('',#11232);
#1764=PLANE('',#11233);
#1765=PLANE('',#11234);
#1766=PLANE('',#11235);
#1767=PLANE('',#11236);
#1768=PLANE('',#11237);
#1769=PLANE('',#11238);
#1770=ORIENTED_EDGE('',*,*,#3924,.F.);
#1771=ORIENTED_EDGE('',*,*,#3925,.T.);
#1772=ORIENTED_EDGE('',*,*,#3924,.T.);
#1773=ORIENTED_EDGE('',*,*,#3925,.F.);
#1774=ORIENTED_EDGE('',*,*,#3926,.F.);
#1775=ORIENTED_EDGE('',*,*,#3927,.T.);
#1776=ORIENTED_EDGE('',*,*,#3926,.T.);
#1777=ORIENTED_EDGE('',*,*,#3927,.F.);
#1778=ORIENTED_EDGE('',*,*,#3928,.F.);
#1779=ORIENTED_EDGE('',*,*,#3929,.T.);
#1780=ORIENTED_EDGE('',*,*,#3928,.T.);
#1781=ORIENTED_EDGE('',*,*,#3929,.F.);
#1782=ORIENTED_EDGE('',*,*,#3930,.F.);
#1783=ORIENTED_EDGE('',*,*,#3931,.T.);
#1784=ORIENTED_EDGE('',*,*,#3930,.T.);
#1785=ORIENTED_EDGE('',*,*,#3931,.F.);
#1786=ORIENTED_EDGE('',*,*,#3932,.F.);
#1787=ORIENTED_EDGE('',*,*,#3933,.T.);
#1788=ORIENTED_EDGE('',*,*,#3932,.T.);
#1789=ORIENTED_EDGE('',*,*,#3933,.F.);
#1790=ORIENTED_EDGE('',*,*,#3934,.F.);
#1791=ORIENTED_EDGE('',*,*,#3935,.T.);
#1792=ORIENTED_EDGE('',*,*,#3934,.T.);
#1793=ORIENTED_EDGE('',*,*,#3935,.F.);
#1794=ORIENTED_EDGE('',*,*,#3936,.F.);
#1795=ORIENTED_EDGE('',*,*,#3937,.T.);
#1796=ORIENTED_EDGE('',*,*,#3936,.T.);
#1797=ORIENTED_EDGE('',*,*,#3937,.F.);
#1798=ORIENTED_EDGE('',*,*,#3938,.F.);
#1799=ORIENTED_EDGE('',*,*,#3939,.T.);
#1800=ORIENTED_EDGE('',*,*,#3938,.T.);
#1801=ORIENTED_EDGE('',*,*,#3939,.F.);
#1802=ORIENTED_EDGE('',*,*,#3940,.F.);
#1803=ORIENTED_EDGE('',*,*,#3941,.T.);
#1804=ORIENTED_EDGE('',*,*,#3940,.T.);
#1805=ORIENTED_EDGE('',*,*,#3941,.F.);
#1806=ORIENTED_EDGE('',*,*,#3942,.F.);
#1807=ORIENTED_EDGE('',*,*,#3943,.T.);
#1808=ORIENTED_EDGE('',*,*,#3942,.T.);
#1809=ORIENTED_EDGE('',*,*,#3943,.F.);
#1810=ORIENTED_EDGE('',*,*,#3944,.F.);
#1811=ORIENTED_EDGE('',*,*,#3945,.T.);
#1812=ORIENTED_EDGE('',*,*,#3944,.T.);
#1813=ORIENTED_EDGE('',*,*,#3945,.F.);
#1814=ORIENTED_EDGE('',*,*,#3946,.F.);
#1815=ORIENTED_EDGE('',*,*,#3947,.T.);
#1816=ORIENTED_EDGE('',*,*,#3946,.T.);
#1817=ORIENTED_EDGE('',*,*,#3947,.F.);
#1818=ORIENTED_EDGE('',*,*,#3948,.F.);
#1819=ORIENTED_EDGE('',*,*,#3949,.T.);
#1820=ORIENTED_EDGE('',*,*,#3948,.T.);
#1821=ORIENTED_EDGE('',*,*,#3949,.F.);
#1822=ORIENTED_EDGE('',*,*,#3950,.F.);
#1823=ORIENTED_EDGE('',*,*,#3951,.T.);
#1824=ORIENTED_EDGE('',*,*,#3950,.T.);
#1825=ORIENTED_EDGE('',*,*,#3951,.F.);
#1826=ORIENTED_EDGE('',*,*,#3952,.F.);
#1827=ORIENTED_EDGE('',*,*,#3953,.T.);
#1828=ORIENTED_EDGE('',*,*,#3952,.T.);
#1829=ORIENTED_EDGE('',*,*,#3953,.F.);
#1830=ORIENTED_EDGE('',*,*,#3954,.F.);
#1831=ORIENTED_EDGE('',*,*,#3955,.T.);
#1832=ORIENTED_EDGE('',*,*,#3954,.T.);
#1833=ORIENTED_EDGE('',*,*,#3955,.F.);
#1834=ORIENTED_EDGE('',*,*,#3956,.F.);
#1835=ORIENTED_EDGE('',*,*,#3957,.T.);
#1836=ORIENTED_EDGE('',*,*,#3956,.T.);
#1837=ORIENTED_EDGE('',*,*,#3957,.F.);
#1838=ORIENTED_EDGE('',*,*,#3958,.F.);
#1839=ORIENTED_EDGE('',*,*,#3959,.T.);
#1840=ORIENTED_EDGE('',*,*,#3958,.T.);
#1841=ORIENTED_EDGE('',*,*,#3959,.F.);
#1842=ORIENTED_EDGE('',*,*,#3960,.F.);
#1843=ORIENTED_EDGE('',*,*,#3961,.T.);
#1844=ORIENTED_EDGE('',*,*,#3960,.T.);
#1845=ORIENTED_EDGE('',*,*,#3961,.F.);
#1846=ORIENTED_EDGE('',*,*,#3962,.F.);
#1847=ORIENTED_EDGE('',*,*,#3963,.T.);
#1848=ORIENTED_EDGE('',*,*,#3962,.T.);
#1849=ORIENTED_EDGE('',*,*,#3963,.F.);
#1850=ORIENTED_EDGE('',*,*,#3964,.F.);
#1851=ORIENTED_EDGE('',*,*,#3965,.T.);
#1852=ORIENTED_EDGE('',*,*,#3964,.T.);
#1853=ORIENTED_EDGE('',*,*,#3965,.F.);
#1854=ORIENTED_EDGE('',*,*,#3966,.F.);
#1855=ORIENTED_EDGE('',*,*,#3967,.T.);
#1856=ORIENTED_EDGE('',*,*,#3966,.T.);
#1857=ORIENTED_EDGE('',*,*,#3967,.F.);
#1858=ORIENTED_EDGE('',*,*,#3968,.F.);
#1859=ORIENTED_EDGE('',*,*,#3969,.T.);
#1860=ORIENTED_EDGE('',*,*,#3968,.T.);
#1861=ORIENTED_EDGE('',*,*,#3969,.F.);
#1862=ORIENTED_EDGE('',*,*,#3970,.F.);
#1863=ORIENTED_EDGE('',*,*,#3971,.T.);
#1864=ORIENTED_EDGE('',*,*,#3970,.T.);
#1865=ORIENTED_EDGE('',*,*,#3971,.F.);
#1866=ORIENTED_EDGE('',*,*,#3972,.F.);
#1867=ORIENTED_EDGE('',*,*,#3973,.T.);
#1868=ORIENTED_EDGE('',*,*,#3972,.T.);
#1869=ORIENTED_EDGE('',*,*,#3973,.F.);
#1870=ORIENTED_EDGE('',*,*,#3974,.F.);
#1871=ORIENTED_EDGE('',*,*,#3975,.T.);
#1872=ORIENTED_EDGE('',*,*,#3974,.T.);
#1873=ORIENTED_EDGE('',*,*,#3975,.F.);
#1874=ORIENTED_EDGE('',*,*,#3976,.F.);
#1875=ORIENTED_EDGE('',*,*,#3977,.T.);
#1876=ORIENTED_EDGE('',*,*,#3976,.T.);
#1877=ORIENTED_EDGE('',*,*,#3977,.F.);
#1878=ORIENTED_EDGE('',*,*,#3978,.F.);
#1879=ORIENTED_EDGE('',*,*,#3979,.T.);
#1880=ORIENTED_EDGE('',*,*,#3978,.T.);
#1881=ORIENTED_EDGE('',*,*,#3979,.F.);
#1882=ORIENTED_EDGE('',*,*,#3980,.F.);
#1883=ORIENTED_EDGE('',*,*,#3981,.T.);
#1884=ORIENTED_EDGE('',*,*,#3980,.T.);
#1885=ORIENTED_EDGE('',*,*,#3981,.F.);
#1886=ORIENTED_EDGE('',*,*,#3982,.F.);
#1887=ORIENTED_EDGE('',*,*,#3983,.T.);
#1888=ORIENTED_EDGE('',*,*,#3982,.T.);
#1889=ORIENTED_EDGE('',*,*,#3983,.F.);
#1890=ORIENTED_EDGE('',*,*,#3984,.F.);
#1891=ORIENTED_EDGE('',*,*,#3985,.T.);
#1892=ORIENTED_EDGE('',*,*,#3984,.T.);
#1893=ORIENTED_EDGE('',*,*,#3985,.F.);
#1894=ORIENTED_EDGE('',*,*,#3986,.F.);
#1895=ORIENTED_EDGE('',*,*,#3987,.T.);
#1896=ORIENTED_EDGE('',*,*,#3986,.T.);
#1897=ORIENTED_EDGE('',*,*,#3987,.F.);
#1898=ORIENTED_EDGE('',*,*,#3988,.F.);
#1899=ORIENTED_EDGE('',*,*,#3989,.T.);
#1900=ORIENTED_EDGE('',*,*,#3988,.T.);
#1901=ORIENTED_EDGE('',*,*,#3989,.F.);
#1902=ORIENTED_EDGE('',*,*,#3990,.F.);
#1903=ORIENTED_EDGE('',*,*,#3991,.T.);
#1904=ORIENTED_EDGE('',*,*,#3990,.T.);
#1905=ORIENTED_EDGE('',*,*,#3991,.F.);
#1906=ORIENTED_EDGE('',*,*,#3992,.F.);
#1907=ORIENTED_EDGE('',*,*,#3993,.T.);
#1908=ORIENTED_EDGE('',*,*,#3992,.T.);
#1909=ORIENTED_EDGE('',*,*,#3993,.F.);
#1910=ORIENTED_EDGE('',*,*,#3994,.F.);
#1911=ORIENTED_EDGE('',*,*,#3995,.T.);
#1912=ORIENTED_EDGE('',*,*,#3994,.T.);
#1913=ORIENTED_EDGE('',*,*,#3995,.F.);
#1914=ORIENTED_EDGE('',*,*,#3996,.F.);
#1915=ORIENTED_EDGE('',*,*,#3997,.T.);
#1916=ORIENTED_EDGE('',*,*,#3996,.T.);
#1917=ORIENTED_EDGE('',*,*,#3997,.F.);
#1918=ORIENTED_EDGE('',*,*,#3998,.F.);
#1919=ORIENTED_EDGE('',*,*,#3999,.T.);
#1920=ORIENTED_EDGE('',*,*,#3998,.T.);
#1921=ORIENTED_EDGE('',*,*,#3999,.F.);
#1922=ORIENTED_EDGE('',*,*,#4000,.F.);
#1923=ORIENTED_EDGE('',*,*,#4001,.T.);
#1924=ORIENTED_EDGE('',*,*,#4000,.T.);
#1925=ORIENTED_EDGE('',*,*,#4001,.F.);
#1926=ORIENTED_EDGE('',*,*,#4002,.F.);
#1927=ORIENTED_EDGE('',*,*,#4003,.T.);
#1928=ORIENTED_EDGE('',*,*,#4002,.T.);
#1929=ORIENTED_EDGE('',*,*,#4003,.F.);
#1930=ORIENTED_EDGE('',*,*,#4004,.F.);
#1931=ORIENTED_EDGE('',*,*,#4005,.T.);
#1932=ORIENTED_EDGE('',*,*,#4004,.T.);
#1933=ORIENTED_EDGE('',*,*,#4005,.F.);
#1934=ORIENTED_EDGE('',*,*,#4006,.F.);
#1935=ORIENTED_EDGE('',*,*,#4007,.T.);
#1936=ORIENTED_EDGE('',*,*,#4006,.T.);
#1937=ORIENTED_EDGE('',*,*,#4007,.F.);
#1938=ORIENTED_EDGE('',*,*,#4008,.F.);
#1939=ORIENTED_EDGE('',*,*,#4009,.T.);
#1940=ORIENTED_EDGE('',*,*,#4008,.T.);
#1941=ORIENTED_EDGE('',*,*,#4009,.F.);
#1942=ORIENTED_EDGE('',*,*,#4010,.F.);
#1943=ORIENTED_EDGE('',*,*,#4011,.T.);
#1944=ORIENTED_EDGE('',*,*,#4010,.T.);
#1945=ORIENTED_EDGE('',*,*,#4011,.F.);
#1946=ORIENTED_EDGE('',*,*,#4012,.F.);
#1947=ORIENTED_EDGE('',*,*,#4013,.T.);
#1948=ORIENTED_EDGE('',*,*,#4012,.T.);
#1949=ORIENTED_EDGE('',*,*,#4013,.F.);
#1950=ORIENTED_EDGE('',*,*,#4014,.F.);
#1951=ORIENTED_EDGE('',*,*,#4015,.T.);
#1952=ORIENTED_EDGE('',*,*,#4014,.T.);
#1953=ORIENTED_EDGE('',*,*,#4015,.F.);
#1954=ORIENTED_EDGE('',*,*,#4016,.F.);
#1955=ORIENTED_EDGE('',*,*,#4017,.T.);
#1956=ORIENTED_EDGE('',*,*,#4016,.T.);
#1957=ORIENTED_EDGE('',*,*,#4017,.F.);
#1958=ORIENTED_EDGE('',*,*,#4018,.F.);
#1959=ORIENTED_EDGE('',*,*,#4019,.T.);
#1960=ORIENTED_EDGE('',*,*,#4018,.T.);
#1961=ORIENTED_EDGE('',*,*,#4019,.F.);
#1962=ORIENTED_EDGE('',*,*,#4020,.F.);
#1963=ORIENTED_EDGE('',*,*,#4021,.T.);
#1964=ORIENTED_EDGE('',*,*,#4020,.T.);
#1965=ORIENTED_EDGE('',*,*,#4021,.F.);
#1966=ORIENTED_EDGE('',*,*,#4022,.F.);
#1967=ORIENTED_EDGE('',*,*,#4023,.T.);
#1968=ORIENTED_EDGE('',*,*,#4022,.T.);
#1969=ORIENTED_EDGE('',*,*,#4023,.F.);
#1970=ORIENTED_EDGE('',*,*,#4024,.F.);
#1971=ORIENTED_EDGE('',*,*,#4025,.T.);
#1972=ORIENTED_EDGE('',*,*,#4024,.T.);
#1973=ORIENTED_EDGE('',*,*,#4025,.F.);
#1974=ORIENTED_EDGE('',*,*,#4026,.F.);
#1975=ORIENTED_EDGE('',*,*,#4027,.T.);
#1976=ORIENTED_EDGE('',*,*,#4026,.T.);
#1977=ORIENTED_EDGE('',*,*,#4027,.F.);
#1978=ORIENTED_EDGE('',*,*,#4028,.F.);
#1979=ORIENTED_EDGE('',*,*,#4029,.T.);
#1980=ORIENTED_EDGE('',*,*,#4028,.T.);
#1981=ORIENTED_EDGE('',*,*,#4029,.F.);
#1982=ORIENTED_EDGE('',*,*,#4030,.F.);
#1983=ORIENTED_EDGE('',*,*,#4031,.T.);
#1984=ORIENTED_EDGE('',*,*,#4030,.T.);
#1985=ORIENTED_EDGE('',*,*,#4031,.F.);
#1986=ORIENTED_EDGE('',*,*,#4032,.F.);
#1987=ORIENTED_EDGE('',*,*,#4033,.T.);
#1988=ORIENTED_EDGE('',*,*,#4032,.T.);
#1989=ORIENTED_EDGE('',*,*,#4033,.F.);
#1990=ORIENTED_EDGE('',*,*,#4034,.F.);
#1991=ORIENTED_EDGE('',*,*,#4035,.T.);
#1992=ORIENTED_EDGE('',*,*,#4034,.T.);
#1993=ORIENTED_EDGE('',*,*,#4035,.F.);
#1994=ORIENTED_EDGE('',*,*,#4036,.F.);
#1995=ORIENTED_EDGE('',*,*,#4037,.T.);
#1996=ORIENTED_EDGE('',*,*,#4036,.T.);
#1997=ORIENTED_EDGE('',*,*,#4037,.F.);
#1998=ORIENTED_EDGE('',*,*,#4038,.F.);
#1999=ORIENTED_EDGE('',*,*,#4039,.T.);
#2000=ORIENTED_EDGE('',*,*,#4038,.T.);
#2001=ORIENTED_EDGE('',*,*,#4039,.F.);
#2002=ORIENTED_EDGE('',*,*,#4040,.F.);
#2003=ORIENTED_EDGE('',*,*,#4041,.T.);
#2004=ORIENTED_EDGE('',*,*,#4040,.T.);
#2005=ORIENTED_EDGE('',*,*,#4041,.F.);
#2006=ORIENTED_EDGE('',*,*,#4042,.F.);
#2007=ORIENTED_EDGE('',*,*,#4043,.T.);
#2008=ORIENTED_EDGE('',*,*,#4042,.T.);
#2009=ORIENTED_EDGE('',*,*,#4043,.F.);
#2010=ORIENTED_EDGE('',*,*,#4044,.F.);
#2011=ORIENTED_EDGE('',*,*,#4045,.T.);
#2012=ORIENTED_EDGE('',*,*,#4044,.T.);
#2013=ORIENTED_EDGE('',*,*,#4045,.F.);
#2014=ORIENTED_EDGE('',*,*,#4046,.F.);
#2015=ORIENTED_EDGE('',*,*,#4047,.T.);
#2016=ORIENTED_EDGE('',*,*,#4046,.T.);
#2017=ORIENTED_EDGE('',*,*,#4047,.F.);
#2018=ORIENTED_EDGE('',*,*,#4048,.F.);
#2019=ORIENTED_EDGE('',*,*,#4049,.T.);
#2020=ORIENTED_EDGE('',*,*,#4048,.T.);
#2021=ORIENTED_EDGE('',*,*,#4049,.F.);
#2022=ORIENTED_EDGE('',*,*,#4050,.F.);
#2023=ORIENTED_EDGE('',*,*,#4051,.T.);
#2024=ORIENTED_EDGE('',*,*,#4050,.T.);
#2025=ORIENTED_EDGE('',*,*,#4051,.F.);
#2026=ORIENTED_EDGE('',*,*,#4052,.F.);
#2027=ORIENTED_EDGE('',*,*,#4053,.T.);
#2028=ORIENTED_EDGE('',*,*,#4052,.T.);
#2029=ORIENTED_EDGE('',*,*,#4053,.F.);
#2030=ORIENTED_EDGE('',*,*,#4054,.F.);
#2031=ORIENTED_EDGE('',*,*,#4055,.T.);
#2032=ORIENTED_EDGE('',*,*,#4054,.T.);
#2033=ORIENTED_EDGE('',*,*,#4055,.F.);
#2034=ORIENTED_EDGE('',*,*,#4056,.F.);
#2035=ORIENTED_EDGE('',*,*,#4057,.T.);
#2036=ORIENTED_EDGE('',*,*,#4056,.T.);
#2037=ORIENTED_EDGE('',*,*,#4057,.F.);
#2038=ORIENTED_EDGE('',*,*,#4058,.F.);
#2039=ORIENTED_EDGE('',*,*,#4059,.T.);
#2040=ORIENTED_EDGE('',*,*,#4058,.T.);
#2041=ORIENTED_EDGE('',*,*,#4059,.F.);
#2042=ORIENTED_EDGE('',*,*,#4060,.F.);
#2043=ORIENTED_EDGE('',*,*,#4061,.T.);
#2044=ORIENTED_EDGE('',*,*,#4060,.T.);
#2045=ORIENTED_EDGE('',*,*,#4061,.F.);
#2046=ORIENTED_EDGE('',*,*,#4062,.F.);
#2047=ORIENTED_EDGE('',*,*,#4063,.T.);
#2048=ORIENTED_EDGE('',*,*,#4062,.T.);
#2049=ORIENTED_EDGE('',*,*,#4063,.F.);
#2050=ORIENTED_EDGE('',*,*,#4064,.F.);
#2051=ORIENTED_EDGE('',*,*,#4065,.T.);
#2052=ORIENTED_EDGE('',*,*,#4064,.T.);
#2053=ORIENTED_EDGE('',*,*,#4065,.F.);
#2054=ORIENTED_EDGE('',*,*,#4066,.F.);
#2055=ORIENTED_EDGE('',*,*,#4067,.T.);
#2056=ORIENTED_EDGE('',*,*,#4066,.T.);
#2057=ORIENTED_EDGE('',*,*,#4067,.F.);
#2058=ORIENTED_EDGE('',*,*,#4068,.F.);
#2059=ORIENTED_EDGE('',*,*,#4069,.T.);
#2060=ORIENTED_EDGE('',*,*,#4068,.T.);
#2061=ORIENTED_EDGE('',*,*,#4069,.F.);
#2062=ORIENTED_EDGE('',*,*,#4070,.F.);
#2063=ORIENTED_EDGE('',*,*,#4071,.T.);
#2064=ORIENTED_EDGE('',*,*,#4070,.T.);
#2065=ORIENTED_EDGE('',*,*,#4071,.F.);
#2066=ORIENTED_EDGE('',*,*,#4072,.F.);
#2067=ORIENTED_EDGE('',*,*,#4073,.T.);
#2068=ORIENTED_EDGE('',*,*,#4072,.T.);
#2069=ORIENTED_EDGE('',*,*,#4073,.F.);
#2070=ORIENTED_EDGE('',*,*,#4074,.F.);
#2071=ORIENTED_EDGE('',*,*,#4075,.T.);
#2072=ORIENTED_EDGE('',*,*,#4074,.T.);
#2073=ORIENTED_EDGE('',*,*,#4075,.F.);
#2074=ORIENTED_EDGE('',*,*,#4076,.F.);
#2075=ORIENTED_EDGE('',*,*,#4077,.T.);
#2076=ORIENTED_EDGE('',*,*,#4076,.T.);
#2077=ORIENTED_EDGE('',*,*,#4077,.F.);
#2078=ORIENTED_EDGE('',*,*,#4078,.F.);
#2079=ORIENTED_EDGE('',*,*,#4079,.T.);
#2080=ORIENTED_EDGE('',*,*,#4078,.T.);
#2081=ORIENTED_EDGE('',*,*,#4079,.F.);
#2082=ORIENTED_EDGE('',*,*,#4080,.F.);
#2083=ORIENTED_EDGE('',*,*,#4081,.T.);
#2084=ORIENTED_EDGE('',*,*,#4080,.T.);
#2085=ORIENTED_EDGE('',*,*,#4081,.F.);
#2086=ORIENTED_EDGE('',*,*,#4082,.F.);
#2087=ORIENTED_EDGE('',*,*,#4083,.T.);
#2088=ORIENTED_EDGE('',*,*,#4082,.T.);
#2089=ORIENTED_EDGE('',*,*,#4083,.F.);
#2090=ORIENTED_EDGE('',*,*,#4084,.F.);
#2091=ORIENTED_EDGE('',*,*,#4085,.T.);
#2092=ORIENTED_EDGE('',*,*,#4084,.T.);
#2093=ORIENTED_EDGE('',*,*,#4085,.F.);
#2094=ORIENTED_EDGE('',*,*,#4086,.F.);
#2095=ORIENTED_EDGE('',*,*,#4087,.T.);
#2096=ORIENTED_EDGE('',*,*,#4086,.T.);
#2097=ORIENTED_EDGE('',*,*,#4087,.F.);
#2098=ORIENTED_EDGE('',*,*,#4088,.F.);
#2099=ORIENTED_EDGE('',*,*,#4089,.T.);
#2100=ORIENTED_EDGE('',*,*,#4088,.T.);
#2101=ORIENTED_EDGE('',*,*,#4089,.F.);
#2102=ORIENTED_EDGE('',*,*,#4090,.F.);
#2103=ORIENTED_EDGE('',*,*,#4091,.T.);
#2104=ORIENTED_EDGE('',*,*,#4090,.T.);
#2105=ORIENTED_EDGE('',*,*,#4091,.F.);
#2106=ORIENTED_EDGE('',*,*,#4092,.F.);
#2107=ORIENTED_EDGE('',*,*,#4093,.T.);
#2108=ORIENTED_EDGE('',*,*,#4092,.T.);
#2109=ORIENTED_EDGE('',*,*,#4093,.F.);
#2110=ORIENTED_EDGE('',*,*,#4094,.F.);
#2111=ORIENTED_EDGE('',*,*,#4095,.T.);
#2112=ORIENTED_EDGE('',*,*,#4094,.T.);
#2113=ORIENTED_EDGE('',*,*,#4095,.F.);
#2114=ORIENTED_EDGE('',*,*,#4096,.F.);
#2115=ORIENTED_EDGE('',*,*,#4097,.T.);
#2116=ORIENTED_EDGE('',*,*,#4096,.T.);
#2117=ORIENTED_EDGE('',*,*,#4097,.F.);
#2118=ORIENTED_EDGE('',*,*,#4098,.F.);
#2119=ORIENTED_EDGE('',*,*,#4099,.T.);
#2120=ORIENTED_EDGE('',*,*,#4098,.T.);
#2121=ORIENTED_EDGE('',*,*,#4099,.F.);
#2122=ORIENTED_EDGE('',*,*,#4100,.F.);
#2123=ORIENTED_EDGE('',*,*,#4101,.T.);
#2124=ORIENTED_EDGE('',*,*,#4100,.T.);
#2125=ORIENTED_EDGE('',*,*,#4101,.F.);
#2126=ORIENTED_EDGE('',*,*,#4102,.F.);
#2127=ORIENTED_EDGE('',*,*,#4103,.T.);
#2128=ORIENTED_EDGE('',*,*,#4102,.T.);
#2129=ORIENTED_EDGE('',*,*,#4103,.F.);
#2130=ORIENTED_EDGE('',*,*,#4104,.F.);
#2131=ORIENTED_EDGE('',*,*,#4105,.F.);
#2132=ORIENTED_EDGE('',*,*,#4106,.T.);
#2133=ORIENTED_EDGE('',*,*,#4107,.T.);
#2134=ORIENTED_EDGE('',*,*,#4108,.F.);
#2135=ORIENTED_EDGE('',*,*,#4109,.F.);
#2136=ORIENTED_EDGE('',*,*,#4110,.T.);
#2137=ORIENTED_EDGE('',*,*,#4105,.T.);
#2138=ORIENTED_EDGE('',*,*,#4111,.F.);
#2139=ORIENTED_EDGE('',*,*,#4112,.F.);
#2140=ORIENTED_EDGE('',*,*,#4113,.T.);
#2141=ORIENTED_EDGE('',*,*,#4109,.T.);
#2142=ORIENTED_EDGE('',*,*,#4114,.F.);
#2143=ORIENTED_EDGE('',*,*,#4115,.F.);
#2144=ORIENTED_EDGE('',*,*,#4116,.T.);
#2145=ORIENTED_EDGE('',*,*,#4117,.T.);
#2146=ORIENTED_EDGE('',*,*,#4118,.F.);
#2147=ORIENTED_EDGE('',*,*,#4119,.F.);
#2148=ORIENTED_EDGE('',*,*,#4120,.T.);
#2149=ORIENTED_EDGE('',*,*,#4115,.T.);
#2150=ORIENTED_EDGE('',*,*,#4121,.T.);
#2151=ORIENTED_EDGE('',*,*,#4122,.F.);
#2152=ORIENTED_EDGE('',*,*,#4123,.F.);
#2153=ORIENTED_EDGE('',*,*,#4119,.T.);
#2154=ORIENTED_EDGE('',*,*,#4124,.F.);
#2155=ORIENTED_EDGE('',*,*,#4125,.F.);
#2156=ORIENTED_EDGE('',*,*,#4126,.T.);
#2157=ORIENTED_EDGE('',*,*,#4127,.T.);
#2158=ORIENTED_EDGE('',*,*,#4128,.T.);
#2159=ORIENTED_EDGE('',*,*,#4129,.F.);
#2160=ORIENTED_EDGE('',*,*,#4130,.F.);
#2161=ORIENTED_EDGE('',*,*,#4125,.T.);
#2162=ORIENTED_EDGE('',*,*,#4131,.F.);
#2163=ORIENTED_EDGE('',*,*,#4132,.F.);
#2164=ORIENTED_EDGE('',*,*,#4133,.T.);
#2165=ORIENTED_EDGE('',*,*,#4129,.T.);
#2166=ORIENTED_EDGE('',*,*,#4134,.F.);
#2167=ORIENTED_EDGE('',*,*,#4135,.F.);
#2168=ORIENTED_EDGE('',*,*,#4136,.T.);
#2169=ORIENTED_EDGE('',*,*,#4137,.T.);
#2170=ORIENTED_EDGE('',*,*,#4138,.T.);
#2171=ORIENTED_EDGE('',*,*,#4139,.F.);
#2172=ORIENTED_EDGE('',*,*,#4140,.F.);
#2173=ORIENTED_EDGE('',*,*,#4135,.T.);
#2174=ORIENTED_EDGE('',*,*,#4141,.F.);
#2175=ORIENTED_EDGE('',*,*,#4142,.F.);
#2176=ORIENTED_EDGE('',*,*,#4143,.T.);
#2177=ORIENTED_EDGE('',*,*,#4139,.T.);
#2178=ORIENTED_EDGE('',*,*,#4144,.F.);
#2179=ORIENTED_EDGE('',*,*,#4145,.F.);
#2180=ORIENTED_EDGE('',*,*,#4146,.T.);
#2181=ORIENTED_EDGE('',*,*,#4147,.T.);
#2182=ORIENTED_EDGE('',*,*,#4148,.F.);
#2183=ORIENTED_EDGE('',*,*,#4149,.F.);
#2184=ORIENTED_EDGE('',*,*,#4150,.T.);
#2185=ORIENTED_EDGE('',*,*,#4145,.T.);
#2186=ORIENTED_EDGE('',*,*,#4151,.T.);
#2187=ORIENTED_EDGE('',*,*,#4152,.F.);
#2188=ORIENTED_EDGE('',*,*,#4153,.F.);
#2189=ORIENTED_EDGE('',*,*,#4154,.T.);
#2190=ORIENTED_EDGE('',*,*,#4155,.F.);
#2191=ORIENTED_EDGE('',*,*,#4156,.F.);
#2192=ORIENTED_EDGE('',*,*,#4157,.T.);
#2193=ORIENTED_EDGE('',*,*,#4152,.T.);
#2194=ORIENTED_EDGE('',*,*,#4158,.F.);
#2195=ORIENTED_EDGE('',*,*,#4159,.F.);
#2196=ORIENTED_EDGE('',*,*,#4160,.T.);
#2197=ORIENTED_EDGE('',*,*,#4161,.T.);
#2198=ORIENTED_EDGE('',*,*,#4162,.T.);
#2199=ORIENTED_EDGE('',*,*,#4163,.F.);
#2200=ORIENTED_EDGE('',*,*,#4164,.F.);
#2201=ORIENTED_EDGE('',*,*,#4159,.T.);
#2202=ORIENTED_EDGE('',*,*,#4165,.F.);
#2203=ORIENTED_EDGE('',*,*,#4166,.F.);
#2204=ORIENTED_EDGE('',*,*,#4167,.T.);
#2205=ORIENTED_EDGE('',*,*,#4163,.T.);
#2206=ORIENTED_EDGE('',*,*,#4168,.T.);
#2207=ORIENTED_EDGE('',*,*,#4169,.F.);
#2208=ORIENTED_EDGE('',*,*,#4170,.F.);
#2209=ORIENTED_EDGE('',*,*,#4166,.T.);
#2210=ORIENTED_EDGE('',*,*,#4171,.T.);
#2211=ORIENTED_EDGE('',*,*,#4172,.F.);
#2212=ORIENTED_EDGE('',*,*,#4173,.F.);
#2213=ORIENTED_EDGE('',*,*,#4169,.T.);
#2214=ORIENTED_EDGE('',*,*,#4174,.T.);
#2215=ORIENTED_EDGE('',*,*,#4175,.F.);
#2216=ORIENTED_EDGE('',*,*,#4176,.F.);
#2217=ORIENTED_EDGE('',*,*,#4172,.T.);
#2218=ORIENTED_EDGE('',*,*,#4177,.F.);
#2219=ORIENTED_EDGE('',*,*,#4178,.F.);
#2220=ORIENTED_EDGE('',*,*,#4179,.T.);
#2221=ORIENTED_EDGE('',*,*,#4175,.T.);
#2222=ORIENTED_EDGE('',*,*,#4180,.F.);
#2223=ORIENTED_EDGE('',*,*,#4181,.F.);
#2224=ORIENTED_EDGE('',*,*,#4182,.T.);
#2225=ORIENTED_EDGE('',*,*,#4178,.T.);
#2226=ORIENTED_EDGE('',*,*,#4183,.F.);
#2227=ORIENTED_EDGE('',*,*,#4184,.F.);
#2228=ORIENTED_EDGE('',*,*,#4185,.T.);
#2229=ORIENTED_EDGE('',*,*,#4181,.T.);
#2230=ORIENTED_EDGE('',*,*,#4186,.F.);
#2231=ORIENTED_EDGE('',*,*,#4187,.F.);
#2232=ORIENTED_EDGE('',*,*,#4188,.T.);
#2233=ORIENTED_EDGE('',*,*,#4184,.T.);
#2234=ORIENTED_EDGE('',*,*,#4189,.F.);
#2235=ORIENTED_EDGE('',*,*,#4190,.F.);
#2236=ORIENTED_EDGE('',*,*,#4191,.T.);
#2237=ORIENTED_EDGE('',*,*,#4187,.T.);
#2238=ORIENTED_EDGE('',*,*,#4192,.F.);
#2239=ORIENTED_EDGE('',*,*,#4193,.F.);
#2240=ORIENTED_EDGE('',*,*,#4194,.T.);
#2241=ORIENTED_EDGE('',*,*,#4190,.T.);
#2242=ORIENTED_EDGE('',*,*,#4195,.F.);
#2243=ORIENTED_EDGE('',*,*,#4196,.F.);
#2244=ORIENTED_EDGE('',*,*,#4197,.T.);
#2245=ORIENTED_EDGE('',*,*,#4193,.T.);
#2246=ORIENTED_EDGE('',*,*,#4198,.F.);
#2247=ORIENTED_EDGE('',*,*,#4199,.F.);
#2248=ORIENTED_EDGE('',*,*,#4200,.T.);
#2249=ORIENTED_EDGE('',*,*,#4196,.T.);
#2250=ORIENTED_EDGE('',*,*,#4201,.F.);
#2251=ORIENTED_EDGE('',*,*,#4202,.F.);
#2252=ORIENTED_EDGE('',*,*,#4203,.T.);
#2253=ORIENTED_EDGE('',*,*,#4199,.T.);
#2254=ORIENTED_EDGE('',*,*,#4204,.F.);
#2255=ORIENTED_EDGE('',*,*,#4205,.F.);
#2256=ORIENTED_EDGE('',*,*,#4206,.T.);
#2257=ORIENTED_EDGE('',*,*,#4202,.T.);
#2258=ORIENTED_EDGE('',*,*,#4207,.F.);
#2259=ORIENTED_EDGE('',*,*,#4208,.F.);
#2260=ORIENTED_EDGE('',*,*,#4209,.T.);
#2261=ORIENTED_EDGE('',*,*,#4205,.T.);
#2262=ORIENTED_EDGE('',*,*,#4210,.F.);
#2263=ORIENTED_EDGE('',*,*,#4211,.F.);
#2264=ORIENTED_EDGE('',*,*,#4212,.T.);
#2265=ORIENTED_EDGE('',*,*,#4208,.T.);
#2266=ORIENTED_EDGE('',*,*,#4213,.F.);
#2267=ORIENTED_EDGE('',*,*,#4214,.F.);
#2268=ORIENTED_EDGE('',*,*,#4215,.T.);
#2269=ORIENTED_EDGE('',*,*,#4211,.T.);
#2270=ORIENTED_EDGE('',*,*,#4216,.F.);
#2271=ORIENTED_EDGE('',*,*,#4217,.F.);
#2272=ORIENTED_EDGE('',*,*,#4218,.T.);
#2273=ORIENTED_EDGE('',*,*,#4214,.T.);
#2274=ORIENTED_EDGE('',*,*,#4219,.F.);
#2275=ORIENTED_EDGE('',*,*,#4220,.F.);
#2276=ORIENTED_EDGE('',*,*,#4221,.T.);
#2277=ORIENTED_EDGE('',*,*,#4217,.T.);
#2278=ORIENTED_EDGE('',*,*,#4222,.F.);
#2279=ORIENTED_EDGE('',*,*,#4223,.F.);
#2280=ORIENTED_EDGE('',*,*,#4224,.T.);
#2281=ORIENTED_EDGE('',*,*,#4220,.T.);
#2282=ORIENTED_EDGE('',*,*,#4225,.F.);
#2283=ORIENTED_EDGE('',*,*,#4226,.F.);
#2284=ORIENTED_EDGE('',*,*,#4227,.T.);
#2285=ORIENTED_EDGE('',*,*,#4223,.T.);
#2286=ORIENTED_EDGE('',*,*,#4228,.F.);
#2287=ORIENTED_EDGE('',*,*,#4229,.F.);
#2288=ORIENTED_EDGE('',*,*,#4230,.T.);
#2289=ORIENTED_EDGE('',*,*,#4226,.T.);
#2290=ORIENTED_EDGE('',*,*,#4231,.F.);
#2291=ORIENTED_EDGE('',*,*,#4232,.F.);
#2292=ORIENTED_EDGE('',*,*,#4233,.T.);
#2293=ORIENTED_EDGE('',*,*,#4229,.T.);
#2294=ORIENTED_EDGE('',*,*,#4234,.F.);
#2295=ORIENTED_EDGE('',*,*,#4235,.F.);
#2296=ORIENTED_EDGE('',*,*,#4236,.T.);
#2297=ORIENTED_EDGE('',*,*,#4232,.T.);
#2298=ORIENTED_EDGE('',*,*,#4237,.F.);
#2299=ORIENTED_EDGE('',*,*,#4238,.F.);
#2300=ORIENTED_EDGE('',*,*,#4239,.T.);
#2301=ORIENTED_EDGE('',*,*,#4235,.T.);
#2302=ORIENTED_EDGE('',*,*,#4240,.F.);
#2303=ORIENTED_EDGE('',*,*,#4241,.F.);
#2304=ORIENTED_EDGE('',*,*,#4242,.T.);
#2305=ORIENTED_EDGE('',*,*,#4238,.T.);
#2306=ORIENTED_EDGE('',*,*,#4243,.F.);
#2307=ORIENTED_EDGE('',*,*,#4244,.F.);
#2308=ORIENTED_EDGE('',*,*,#4245,.T.);
#2309=ORIENTED_EDGE('',*,*,#4241,.T.);
#2310=ORIENTED_EDGE('',*,*,#4246,.F.);
#2311=ORIENTED_EDGE('',*,*,#4247,.F.);
#2312=ORIENTED_EDGE('',*,*,#4248,.T.);
#2313=ORIENTED_EDGE('',*,*,#4244,.T.);
#2314=ORIENTED_EDGE('',*,*,#4249,.F.);
#2315=ORIENTED_EDGE('',*,*,#4250,.F.);
#2316=ORIENTED_EDGE('',*,*,#4251,.T.);
#2317=ORIENTED_EDGE('',*,*,#4247,.T.);
#2318=ORIENTED_EDGE('',*,*,#4252,.F.);
#2319=ORIENTED_EDGE('',*,*,#4253,.F.);
#2320=ORIENTED_EDGE('',*,*,#4254,.T.);
#2321=ORIENTED_EDGE('',*,*,#4250,.T.);
#2322=ORIENTED_EDGE('',*,*,#4255,.F.);
#2323=ORIENTED_EDGE('',*,*,#4256,.F.);
#2324=ORIENTED_EDGE('',*,*,#4257,.T.);
#2325=ORIENTED_EDGE('',*,*,#4253,.T.);
#2326=ORIENTED_EDGE('',*,*,#4258,.F.);
#2327=ORIENTED_EDGE('',*,*,#4259,.F.);
#2328=ORIENTED_EDGE('',*,*,#4260,.T.);
#2329=ORIENTED_EDGE('',*,*,#4256,.T.);
#2330=ORIENTED_EDGE('',*,*,#4261,.F.);
#2331=ORIENTED_EDGE('',*,*,#4262,.F.);
#2332=ORIENTED_EDGE('',*,*,#4263,.T.);
#2333=ORIENTED_EDGE('',*,*,#4259,.T.);
#2334=ORIENTED_EDGE('',*,*,#4264,.F.);
#2335=ORIENTED_EDGE('',*,*,#4265,.F.);
#2336=ORIENTED_EDGE('',*,*,#4266,.T.);
#2337=ORIENTED_EDGE('',*,*,#4262,.T.);
#2338=ORIENTED_EDGE('',*,*,#4267,.F.);
#2339=ORIENTED_EDGE('',*,*,#4268,.F.);
#2340=ORIENTED_EDGE('',*,*,#4269,.T.);
#2341=ORIENTED_EDGE('',*,*,#4265,.T.);
#2342=ORIENTED_EDGE('',*,*,#4270,.F.);
#2343=ORIENTED_EDGE('',*,*,#4271,.F.);
#2344=ORIENTED_EDGE('',*,*,#4272,.T.);
#2345=ORIENTED_EDGE('',*,*,#4268,.T.);
#2346=ORIENTED_EDGE('',*,*,#4273,.F.);
#2347=ORIENTED_EDGE('',*,*,#4274,.F.);
#2348=ORIENTED_EDGE('',*,*,#4275,.T.);
#2349=ORIENTED_EDGE('',*,*,#4271,.T.);
#2350=ORIENTED_EDGE('',*,*,#4276,.F.);
#2351=ORIENTED_EDGE('',*,*,#4277,.F.);
#2352=ORIENTED_EDGE('',*,*,#4278,.T.);
#2353=ORIENTED_EDGE('',*,*,#4274,.T.);
#2354=ORIENTED_EDGE('',*,*,#4279,.F.);
#2355=ORIENTED_EDGE('',*,*,#4280,.F.);
#2356=ORIENTED_EDGE('',*,*,#4281,.T.);
#2357=ORIENTED_EDGE('',*,*,#4277,.T.);
#2358=ORIENTED_EDGE('',*,*,#4282,.F.);
#2359=ORIENTED_EDGE('',*,*,#4283,.F.);
#2360=ORIENTED_EDGE('',*,*,#4284,.T.);
#2361=ORIENTED_EDGE('',*,*,#4280,.T.);
#2362=ORIENTED_EDGE('',*,*,#4285,.T.);
#2363=ORIENTED_EDGE('',*,*,#4286,.F.);
#2364=ORIENTED_EDGE('',*,*,#4287,.F.);
#2365=ORIENTED_EDGE('',*,*,#4283,.T.);
#2366=ORIENTED_EDGE('',*,*,#4288,.T.);
#2367=ORIENTED_EDGE('',*,*,#4289,.F.);
#2368=ORIENTED_EDGE('',*,*,#4290,.F.);
#2369=ORIENTED_EDGE('',*,*,#4286,.T.);
#2370=ORIENTED_EDGE('',*,*,#4291,.T.);
#2371=ORIENTED_EDGE('',*,*,#4292,.F.);
#2372=ORIENTED_EDGE('',*,*,#4293,.F.);
#2373=ORIENTED_EDGE('',*,*,#4289,.T.);
#2374=ORIENTED_EDGE('',*,*,#4294,.F.);
#2375=ORIENTED_EDGE('',*,*,#4295,.F.);
#2376=ORIENTED_EDGE('',*,*,#4296,.T.);
#2377=ORIENTED_EDGE('',*,*,#4292,.T.);
#2378=ORIENTED_EDGE('',*,*,#4297,.F.);
#2379=ORIENTED_EDGE('',*,*,#4298,.F.);
#2380=ORIENTED_EDGE('',*,*,#4299,.T.);
#2381=ORIENTED_EDGE('',*,*,#4295,.T.);
#2382=ORIENTED_EDGE('',*,*,#4300,.F.);
#2383=ORIENTED_EDGE('',*,*,#4301,.F.);
#2384=ORIENTED_EDGE('',*,*,#4302,.T.);
#2385=ORIENTED_EDGE('',*,*,#4298,.T.);
#2386=ORIENTED_EDGE('',*,*,#4303,.F.);
#2387=ORIENTED_EDGE('',*,*,#4117,.F.);
#2388=ORIENTED_EDGE('',*,*,#4304,.T.);
#2389=ORIENTED_EDGE('',*,*,#4122,.T.);
#2390=ORIENTED_EDGE('',*,*,#4305,.T.);
#2391=ORIENTED_EDGE('',*,*,#4127,.F.);
#2392=ORIENTED_EDGE('',*,*,#4306,.F.);
#2393=ORIENTED_EDGE('',*,*,#4132,.T.);
#2394=ORIENTED_EDGE('',*,*,#4307,.T.);
#2395=ORIENTED_EDGE('',*,*,#4137,.F.);
#2396=ORIENTED_EDGE('',*,*,#4308,.F.);
#2397=ORIENTED_EDGE('',*,*,#4142,.T.);
#2398=ORIENTED_EDGE('',*,*,#4309,.F.);
#2399=ORIENTED_EDGE('',*,*,#4147,.F.);
#2400=ORIENTED_EDGE('',*,*,#4310,.T.);
#2401=ORIENTED_EDGE('',*,*,#4149,.T.);
#2402=ORIENTED_EDGE('',*,*,#4311,.F.);
#2403=ORIENTED_EDGE('',*,*,#4154,.F.);
#2404=ORIENTED_EDGE('',*,*,#4312,.T.);
#2405=ORIENTED_EDGE('',*,*,#4156,.T.);
#2406=ORIENTED_EDGE('',*,*,#4313,.F.);
#2407=ORIENTED_EDGE('',*,*,#4161,.F.);
#2408=ORIENTED_EDGE('',*,*,#4314,.T.);
#2409=ORIENTED_EDGE('',*,*,#4301,.T.);
#2410=ORIENTED_EDGE('',*,*,#4315,.T.);
#2411=ORIENTED_EDGE('',*,*,#4107,.F.);
#2412=ORIENTED_EDGE('',*,*,#4316,.F.);
#2413=ORIENTED_EDGE('',*,*,#4112,.T.);
#2414=ORIENTED_EDGE('',*,*,#4160,.F.);
#2415=ORIENTED_EDGE('',*,*,#4164,.T.);
#2416=ORIENTED_EDGE('',*,*,#4167,.F.);
#2417=ORIENTED_EDGE('',*,*,#4170,.T.);
#2418=ORIENTED_EDGE('',*,*,#4173,.T.);
#2419=ORIENTED_EDGE('',*,*,#4176,.T.);
#2420=ORIENTED_EDGE('',*,*,#4179,.F.);
#2421=ORIENTED_EDGE('',*,*,#4182,.F.);
#2422=ORIENTED_EDGE('',*,*,#4185,.F.);
#2423=ORIENTED_EDGE('',*,*,#4188,.F.);
#2424=ORIENTED_EDGE('',*,*,#4191,.F.);
#2425=ORIENTED_EDGE('',*,*,#4194,.F.);
#2426=ORIENTED_EDGE('',*,*,#4197,.F.);
#2427=ORIENTED_EDGE('',*,*,#4200,.F.);
#2428=ORIENTED_EDGE('',*,*,#4203,.F.);
#2429=ORIENTED_EDGE('',*,*,#4206,.F.);
#2430=ORIENTED_EDGE('',*,*,#4209,.F.);
#2431=ORIENTED_EDGE('',*,*,#4212,.F.);
#2432=ORIENTED_EDGE('',*,*,#4215,.F.);
#2433=ORIENTED_EDGE('',*,*,#4218,.F.);
#2434=ORIENTED_EDGE('',*,*,#4221,.F.);
#2435=ORIENTED_EDGE('',*,*,#4224,.F.);
#2436=ORIENTED_EDGE('',*,*,#4227,.F.);
#2437=ORIENTED_EDGE('',*,*,#4230,.F.);
#2438=ORIENTED_EDGE('',*,*,#4233,.F.);
#2439=ORIENTED_EDGE('',*,*,#4236,.F.);
#2440=ORIENTED_EDGE('',*,*,#4239,.F.);
#2441=ORIENTED_EDGE('',*,*,#4242,.F.);
#2442=ORIENTED_EDGE('',*,*,#4245,.F.);
#2443=ORIENTED_EDGE('',*,*,#4248,.F.);
#2444=ORIENTED_EDGE('',*,*,#4251,.F.);
#2445=ORIENTED_EDGE('',*,*,#4254,.F.);
#2446=ORIENTED_EDGE('',*,*,#4257,.F.);
#2447=ORIENTED_EDGE('',*,*,#4260,.F.);
#2448=ORIENTED_EDGE('',*,*,#4263,.F.);
#2449=ORIENTED_EDGE('',*,*,#4266,.F.);
#2450=ORIENTED_EDGE('',*,*,#4269,.F.);
#2451=ORIENTED_EDGE('',*,*,#4272,.F.);
#2452=ORIENTED_EDGE('',*,*,#4275,.F.);
#2453=ORIENTED_EDGE('',*,*,#4278,.F.);
#2454=ORIENTED_EDGE('',*,*,#4281,.F.);
#2455=ORIENTED_EDGE('',*,*,#4284,.F.);
#2456=ORIENTED_EDGE('',*,*,#4287,.T.);
#2457=ORIENTED_EDGE('',*,*,#4290,.T.);
#2458=ORIENTED_EDGE('',*,*,#4293,.T.);
#2459=ORIENTED_EDGE('',*,*,#4296,.F.);
#2460=ORIENTED_EDGE('',*,*,#4299,.F.);
#2461=ORIENTED_EDGE('',*,*,#4302,.F.);
#2462=ORIENTED_EDGE('',*,*,#4314,.F.);
#2463=ORIENTED_EDGE('',*,*,#4153,.T.);
#2464=ORIENTED_EDGE('',*,*,#4157,.F.);
#2465=ORIENTED_EDGE('',*,*,#4312,.F.);
#2466=ORIENTED_EDGE('',*,*,#4146,.F.);
#2467=ORIENTED_EDGE('',*,*,#4150,.F.);
#2468=ORIENTED_EDGE('',*,*,#4310,.F.);
#2469=ORIENTED_EDGE('',*,*,#4136,.F.);
#2470=ORIENTED_EDGE('',*,*,#4140,.T.);
#2471=ORIENTED_EDGE('',*,*,#4143,.F.);
#2472=ORIENTED_EDGE('',*,*,#4308,.T.);
#2473=ORIENTED_EDGE('',*,*,#4126,.F.);
#2474=ORIENTED_EDGE('',*,*,#4130,.T.);
#2475=ORIENTED_EDGE('',*,*,#4133,.F.);
#2476=ORIENTED_EDGE('',*,*,#4306,.T.);
#2477=ORIENTED_EDGE('',*,*,#4116,.F.);
#2478=ORIENTED_EDGE('',*,*,#4120,.F.);
#2479=ORIENTED_EDGE('',*,*,#4123,.T.);
#2480=ORIENTED_EDGE('',*,*,#4304,.F.);
#2481=ORIENTED_EDGE('',*,*,#4106,.F.);
#2482=ORIENTED_EDGE('',*,*,#4110,.F.);
#2483=ORIENTED_EDGE('',*,*,#4113,.F.);
#2484=ORIENTED_EDGE('',*,*,#4316,.T.);
#2485=ORIENTED_EDGE('',*,*,#4158,.T.);
#2486=ORIENTED_EDGE('',*,*,#4313,.T.);
#2487=ORIENTED_EDGE('',*,*,#4300,.T.);
#2488=ORIENTED_EDGE('',*,*,#4297,.T.);
#2489=ORIENTED_EDGE('',*,*,#4294,.T.);
#2490=ORIENTED_EDGE('',*,*,#4291,.F.);
#2491=ORIENTED_EDGE('',*,*,#4288,.F.);
#2492=ORIENTED_EDGE('',*,*,#4285,.F.);
#2493=ORIENTED_EDGE('',*,*,#4282,.T.);
#2494=ORIENTED_EDGE('',*,*,#4279,.T.);
#2495=ORIENTED_EDGE('',*,*,#4276,.T.);
#2496=ORIENTED_EDGE('',*,*,#4273,.T.);
#2497=ORIENTED_EDGE('',*,*,#4270,.T.);
#2498=ORIENTED_EDGE('',*,*,#4267,.T.);
#2499=ORIENTED_EDGE('',*,*,#4264,.T.);
#2500=ORIENTED_EDGE('',*,*,#4261,.T.);
#2501=ORIENTED_EDGE('',*,*,#4258,.T.);
#2502=ORIENTED_EDGE('',*,*,#4255,.T.);
#2503=ORIENTED_EDGE('',*,*,#4252,.T.);
#2504=ORIENTED_EDGE('',*,*,#4249,.T.);
#2505=ORIENTED_EDGE('',*,*,#4246,.T.);
#2506=ORIENTED_EDGE('',*,*,#4243,.T.);
#2507=ORIENTED_EDGE('',*,*,#4240,.T.);
#2508=ORIENTED_EDGE('',*,*,#4237,.T.);
#2509=ORIENTED_EDGE('',*,*,#4234,.T.);
#2510=ORIENTED_EDGE('',*,*,#4231,.T.);
#2511=ORIENTED_EDGE('',*,*,#4228,.T.);
#2512=ORIENTED_EDGE('',*,*,#4225,.T.);
#2513=ORIENTED_EDGE('',*,*,#4222,.T.);
#2514=ORIENTED_EDGE('',*,*,#4219,.T.);
#2515=ORIENTED_EDGE('',*,*,#4216,.T.);
#2516=ORIENTED_EDGE('',*,*,#4213,.T.);
#2517=ORIENTED_EDGE('',*,*,#4210,.T.);
#2518=ORIENTED_EDGE('',*,*,#4207,.T.);
#2519=ORIENTED_EDGE('',*,*,#4204,.T.);
#2520=ORIENTED_EDGE('',*,*,#4201,.T.);
#2521=ORIENTED_EDGE('',*,*,#4198,.T.);
#2522=ORIENTED_EDGE('',*,*,#4195,.T.);
#2523=ORIENTED_EDGE('',*,*,#4192,.T.);
#2524=ORIENTED_EDGE('',*,*,#4189,.T.);
#2525=ORIENTED_EDGE('',*,*,#4186,.T.);
#2526=ORIENTED_EDGE('',*,*,#4183,.T.);
#2527=ORIENTED_EDGE('',*,*,#4180,.T.);
#2528=ORIENTED_EDGE('',*,*,#4177,.T.);
#2529=ORIENTED_EDGE('',*,*,#4174,.F.);
#2530=ORIENTED_EDGE('',*,*,#4171,.F.);
#2531=ORIENTED_EDGE('',*,*,#4168,.F.);
#2532=ORIENTED_EDGE('',*,*,#4165,.T.);
#2533=ORIENTED_EDGE('',*,*,#4162,.F.);
#2534=ORIENTED_EDGE('',*,*,#4151,.F.);
#2535=ORIENTED_EDGE('',*,*,#4311,.T.);
#2536=ORIENTED_EDGE('',*,*,#4155,.T.);
#2537=ORIENTED_EDGE('',*,*,#4144,.T.);
#2538=ORIENTED_EDGE('',*,*,#4309,.T.);
#2539=ORIENTED_EDGE('',*,*,#4148,.T.);
#2540=ORIENTED_EDGE('',*,*,#4134,.T.);
#2541=ORIENTED_EDGE('',*,*,#4307,.F.);
#2542=ORIENTED_EDGE('',*,*,#4141,.T.);
#2543=ORIENTED_EDGE('',*,*,#4138,.F.);
#2544=ORIENTED_EDGE('',*,*,#4124,.T.);
#2545=ORIENTED_EDGE('',*,*,#4305,.F.);
#2546=ORIENTED_EDGE('',*,*,#4131,.T.);
#2547=ORIENTED_EDGE('',*,*,#4128,.F.);
#2548=ORIENTED_EDGE('',*,*,#4114,.T.);
#2549=ORIENTED_EDGE('',*,*,#4303,.T.);
#2550=ORIENTED_EDGE('',*,*,#4121,.F.);
#2551=ORIENTED_EDGE('',*,*,#4118,.T.);
#2552=ORIENTED_EDGE('',*,*,#4104,.T.);
#2553=ORIENTED_EDGE('',*,*,#4315,.F.);
#2554=ORIENTED_EDGE('',*,*,#4111,.T.);
#2555=ORIENTED_EDGE('',*,*,#4108,.T.);
#2556=ORIENTED_EDGE('',*,*,#4317,.T.);
#2557=ORIENTED_EDGE('',*,*,#4318,.T.);
#2558=ORIENTED_EDGE('',*,*,#4319,.T.);
#2559=ORIENTED_EDGE('',*,*,#4320,.T.);
#2560=ORIENTED_EDGE('',*,*,#4321,.T.);
#2561=ORIENTED_EDGE('',*,*,#4322,.T.);
#2562=ORIENTED_EDGE('',*,*,#4323,.T.);
#2563=ORIENTED_EDGE('',*,*,#4324,.T.);
#2564=ORIENTED_EDGE('',*,*,#4325,.T.);
#2565=ORIENTED_EDGE('',*,*,#4326,.T.);
#2566=ORIENTED_EDGE('',*,*,#4327,.T.);
#2567=ORIENTED_EDGE('',*,*,#4328,.T.);
#2568=ORIENTED_EDGE('',*,*,#4329,.T.);
#2569=ORIENTED_EDGE('',*,*,#4330,.T.);
#2570=ORIENTED_EDGE('',*,*,#4331,.T.);
#2571=ORIENTED_EDGE('',*,*,#4332,.T.);
#2572=ORIENTED_EDGE('',*,*,#4333,.T.);
#2573=ORIENTED_EDGE('',*,*,#4334,.T.);
#2574=ORIENTED_EDGE('',*,*,#4335,.T.);
#2575=ORIENTED_EDGE('',*,*,#4336,.F.);
#2576=ORIENTED_EDGE('',*,*,#4337,.T.);
#2577=ORIENTED_EDGE('',*,*,#4338,.T.);
#2578=ORIENTED_EDGE('',*,*,#4339,.T.);
#2579=ORIENTED_EDGE('',*,*,#4340,.T.);
#2580=ORIENTED_EDGE('',*,*,#4341,.T.);
#2581=ORIENTED_EDGE('',*,*,#4342,.T.);
#2582=ORIENTED_EDGE('',*,*,#4343,.T.);
#2583=ORIENTED_EDGE('',*,*,#4344,.T.);
#2584=ORIENTED_EDGE('',*,*,#4345,.T.);
#2585=ORIENTED_EDGE('',*,*,#4346,.T.);
#2586=ORIENTED_EDGE('',*,*,#4347,.T.);
#2587=ORIENTED_EDGE('',*,*,#4348,.T.);
#2588=ORIENTED_EDGE('',*,*,#4349,.T.);
#2589=ORIENTED_EDGE('',*,*,#4350,.T.);
#2590=ORIENTED_EDGE('',*,*,#4351,.T.);
#2591=ORIENTED_EDGE('',*,*,#4352,.T.);
#2592=ORIENTED_EDGE('',*,*,#4353,.T.);
#2593=ORIENTED_EDGE('',*,*,#4354,.T.);
#2594=ORIENTED_EDGE('',*,*,#4355,.T.);
#2595=ORIENTED_EDGE('',*,*,#4356,.T.);
#2596=ORIENTED_EDGE('',*,*,#4357,.T.);
#2597=ORIENTED_EDGE('',*,*,#4358,.T.);
#2598=ORIENTED_EDGE('',*,*,#4359,.T.);
#2599=ORIENTED_EDGE('',*,*,#4360,.T.);
#2600=ORIENTED_EDGE('',*,*,#4361,.T.);
#2601=ORIENTED_EDGE('',*,*,#4362,.T.);
#2602=ORIENTED_EDGE('',*,*,#4363,.T.);
#2603=ORIENTED_EDGE('',*,*,#4364,.T.);
#2604=ORIENTED_EDGE('',*,*,#4365,.T.);
#2605=ORIENTED_EDGE('',*,*,#4366,.T.);
#2606=ORIENTED_EDGE('',*,*,#4367,.T.);
#2607=ORIENTED_EDGE('',*,*,#4368,.T.);
#2608=ORIENTED_EDGE('',*,*,#4369,.T.);
#2609=ORIENTED_EDGE('',*,*,#4370,.T.);
#2610=ORIENTED_EDGE('',*,*,#4371,.T.);
#2611=ORIENTED_EDGE('',*,*,#4372,.T.);
#2612=ORIENTED_EDGE('',*,*,#4373,.T.);
#2613=ORIENTED_EDGE('',*,*,#4374,.T.);
#2614=ORIENTED_EDGE('',*,*,#4375,.T.);
#2615=ORIENTED_EDGE('',*,*,#4376,.T.);
#2616=ORIENTED_EDGE('',*,*,#4377,.T.);
#2617=ORIENTED_EDGE('',*,*,#4378,.T.);
#2618=ORIENTED_EDGE('',*,*,#4379,.T.);
#2619=ORIENTED_EDGE('',*,*,#4380,.T.);
#2620=ORIENTED_EDGE('',*,*,#4381,.T.);
#2621=ORIENTED_EDGE('',*,*,#4382,.T.);
#2622=ORIENTED_EDGE('',*,*,#4383,.T.);
#2623=ORIENTED_EDGE('',*,*,#4384,.T.);
#2624=ORIENTED_EDGE('',*,*,#4385,.T.);
#2625=ORIENTED_EDGE('',*,*,#4386,.T.);
#2626=ORIENTED_EDGE('',*,*,#4387,.T.);
#2627=ORIENTED_EDGE('',*,*,#4388,.T.);
#2628=ORIENTED_EDGE('',*,*,#4389,.T.);
#2629=ORIENTED_EDGE('',*,*,#4390,.T.);
#2630=ORIENTED_EDGE('',*,*,#4391,.T.);
#2631=ORIENTED_EDGE('',*,*,#4392,.T.);
#2632=ORIENTED_EDGE('',*,*,#4393,.T.);
#2633=ORIENTED_EDGE('',*,*,#4394,.T.);
#2634=ORIENTED_EDGE('',*,*,#4395,.T.);
#2635=ORIENTED_EDGE('',*,*,#4396,.T.);
#2636=ORIENTED_EDGE('',*,*,#4397,.T.);
#2637=ORIENTED_EDGE('',*,*,#4398,.T.);
#2638=ORIENTED_EDGE('',*,*,#4399,.T.);
#2639=ORIENTED_EDGE('',*,*,#4400,.T.);
#2640=ORIENTED_EDGE('',*,*,#4401,.T.);
#2641=ORIENTED_EDGE('',*,*,#4402,.T.);
#2642=ORIENTED_EDGE('',*,*,#4403,.T.);
#2643=ORIENTED_EDGE('',*,*,#4404,.T.);
#2644=ORIENTED_EDGE('',*,*,#4405,.T.);
#2645=ORIENTED_EDGE('',*,*,#4406,.T.);
#2646=ORIENTED_EDGE('',*,*,#4407,.T.);
#2647=ORIENTED_EDGE('',*,*,#4408,.T.);
#2648=ORIENTED_EDGE('',*,*,#4409,.T.);
#2649=ORIENTED_EDGE('',*,*,#4410,.T.);
#2650=ORIENTED_EDGE('',*,*,#4411,.T.);
#2651=ORIENTED_EDGE('',*,*,#4412,.T.);
#2652=ORIENTED_EDGE('',*,*,#4413,.T.);
#2653=ORIENTED_EDGE('',*,*,#4414,.T.);
#2654=ORIENTED_EDGE('',*,*,#4415,.T.);
#2655=ORIENTED_EDGE('',*,*,#4416,.T.);
#2656=ORIENTED_EDGE('',*,*,#4417,.T.);
#2657=ORIENTED_EDGE('',*,*,#4418,.T.);
#2658=ORIENTED_EDGE('',*,*,#4419,.T.);
#2659=ORIENTED_EDGE('',*,*,#4420,.T.);
#2660=ORIENTED_EDGE('',*,*,#4421,.T.);
#2661=ORIENTED_EDGE('',*,*,#4422,.T.);
#2662=ORIENTED_EDGE('',*,*,#4423,.T.);
#2663=ORIENTED_EDGE('',*,*,#4424,.T.);
#2664=ORIENTED_EDGE('',*,*,#4425,.T.);
#2665=ORIENTED_EDGE('',*,*,#4426,.T.);
#2666=ORIENTED_EDGE('',*,*,#4427,.T.);
#2667=ORIENTED_EDGE('',*,*,#4428,.T.);
#2668=ORIENTED_EDGE('',*,*,#4429,.T.);
#2669=ORIENTED_EDGE('',*,*,#4430,.T.);
#2670=ORIENTED_EDGE('',*,*,#4431,.T.);
#2671=ORIENTED_EDGE('',*,*,#4432,.T.);
#2672=ORIENTED_EDGE('',*,*,#4433,.T.);
#2673=ORIENTED_EDGE('',*,*,#4434,.F.);
#2674=ORIENTED_EDGE('',*,*,#4435,.T.);
#2675=ORIENTED_EDGE('',*,*,#4436,.F.);
#2676=ORIENTED_EDGE('',*,*,#4437,.T.);
#2677=ORIENTED_EDGE('',*,*,#4438,.F.);
#2678=ORIENTED_EDGE('',*,*,#4439,.T.);
#2679=ORIENTED_EDGE('',*,*,#4440,.F.);
#2680=ORIENTED_EDGE('',*,*,#4441,.T.);
#2681=ORIENTED_EDGE('',*,*,#4442,.F.);
#2682=ORIENTED_EDGE('',*,*,#4443,.T.);
#2683=ORIENTED_EDGE('',*,*,#4444,.T.);
#2684=ORIENTED_EDGE('',*,*,#4445,.T.);
#2685=ORIENTED_EDGE('',*,*,#4446,.T.);
#2686=ORIENTED_EDGE('',*,*,#4447,.T.);
#2687=ORIENTED_EDGE('',*,*,#4448,.T.);
#2688=ORIENTED_EDGE('',*,*,#4449,.T.);
#2689=ORIENTED_EDGE('',*,*,#4450,.T.);
#2690=ORIENTED_EDGE('',*,*,#4451,.T.);
#2691=ORIENTED_EDGE('',*,*,#4452,.T.);
#2692=ORIENTED_EDGE('',*,*,#4453,.T.);
#2693=ORIENTED_EDGE('',*,*,#4454,.T.);
#2694=ORIENTED_EDGE('',*,*,#4455,.T.);
#2695=ORIENTED_EDGE('',*,*,#4456,.T.);
#2696=ORIENTED_EDGE('',*,*,#4457,.T.);
#2697=ORIENTED_EDGE('',*,*,#4458,.T.);
#2698=ORIENTED_EDGE('',*,*,#4459,.T.);
#2699=ORIENTED_EDGE('',*,*,#4460,.T.);
#2700=ORIENTED_EDGE('',*,*,#4461,.T.);
#2701=ORIENTED_EDGE('',*,*,#4462,.T.);
#2702=ORIENTED_EDGE('',*,*,#4463,.T.);
#2703=ORIENTED_EDGE('',*,*,#4464,.T.);
#2704=ORIENTED_EDGE('',*,*,#4465,.T.);
#2705=ORIENTED_EDGE('',*,*,#4466,.T.);
#2706=ORIENTED_EDGE('',*,*,#4467,.T.);
#2707=ORIENTED_EDGE('',*,*,#4468,.T.);
#2708=ORIENTED_EDGE('',*,*,#4469,.T.);
#2709=ORIENTED_EDGE('',*,*,#4470,.T.);
#2710=ORIENTED_EDGE('',*,*,#4471,.T.);
#2711=ORIENTED_EDGE('',*,*,#4472,.T.);
#2712=ORIENTED_EDGE('',*,*,#4473,.T.);
#2713=ORIENTED_EDGE('',*,*,#4474,.T.);
#2714=ORIENTED_EDGE('',*,*,#4475,.T.);
#2715=ORIENTED_EDGE('',*,*,#4476,.T.);
#2716=ORIENTED_EDGE('',*,*,#4477,.T.);
#2717=ORIENTED_EDGE('',*,*,#4478,.T.);
#2718=ORIENTED_EDGE('',*,*,#4479,.T.);
#2719=ORIENTED_EDGE('',*,*,#4480,.T.);
#2720=ORIENTED_EDGE('',*,*,#4481,.T.);
#2721=ORIENTED_EDGE('',*,*,#4482,.T.);
#2722=ORIENTED_EDGE('',*,*,#4483,.T.);
#2723=ORIENTED_EDGE('',*,*,#4484,.T.);
#2724=ORIENTED_EDGE('',*,*,#4485,.T.);
#2725=ORIENTED_EDGE('',*,*,#4486,.T.);
#2726=ORIENTED_EDGE('',*,*,#4487,.T.);
#2727=ORIENTED_EDGE('',*,*,#4488,.T.);
#2728=ORIENTED_EDGE('',*,*,#4489,.T.);
#2729=ORIENTED_EDGE('',*,*,#4490,.T.);
#2730=ORIENTED_EDGE('',*,*,#4491,.T.);
#2731=ORIENTED_EDGE('',*,*,#4492,.T.);
#2732=ORIENTED_EDGE('',*,*,#4493,.T.);
#2733=ORIENTED_EDGE('',*,*,#4494,.T.);
#2734=ORIENTED_EDGE('',*,*,#4495,.T.);
#2735=ORIENTED_EDGE('',*,*,#4496,.T.);
#2736=ORIENTED_EDGE('',*,*,#4497,.T.);
#2737=ORIENTED_EDGE('',*,*,#4498,.T.);
#2738=ORIENTED_EDGE('',*,*,#4499,.T.);
#2739=ORIENTED_EDGE('',*,*,#4500,.T.);
#2740=ORIENTED_EDGE('',*,*,#4501,.T.);
#2741=ORIENTED_EDGE('',*,*,#4502,.T.);
#2742=ORIENTED_EDGE('',*,*,#4503,.T.);
#2743=ORIENTED_EDGE('',*,*,#4504,.T.);
#2744=ORIENTED_EDGE('',*,*,#4505,.T.);
#2745=ORIENTED_EDGE('',*,*,#4506,.T.);
#2746=ORIENTED_EDGE('',*,*,#4507,.T.);
#2747=ORIENTED_EDGE('',*,*,#4508,.T.);
#2748=ORIENTED_EDGE('',*,*,#4509,.T.);
#2749=ORIENTED_EDGE('',*,*,#4510,.T.);
#2750=ORIENTED_EDGE('',*,*,#4511,.T.);
#2751=ORIENTED_EDGE('',*,*,#4512,.T.);
#2752=ORIENTED_EDGE('',*,*,#4513,.T.);
#2753=ORIENTED_EDGE('',*,*,#4514,.T.);
#2754=ORIENTED_EDGE('',*,*,#4515,.T.);
#2755=ORIENTED_EDGE('',*,*,#4516,.T.);
#2756=ORIENTED_EDGE('',*,*,#4517,.T.);
#2757=ORIENTED_EDGE('',*,*,#4518,.T.);
#2758=ORIENTED_EDGE('',*,*,#4519,.T.);
#2759=ORIENTED_EDGE('',*,*,#4520,.T.);
#2760=ORIENTED_EDGE('',*,*,#4521,.T.);
#2761=ORIENTED_EDGE('',*,*,#4522,.T.);
#2762=ORIENTED_EDGE('',*,*,#4523,.T.);
#2763=ORIENTED_EDGE('',*,*,#4524,.T.);
#2764=ORIENTED_EDGE('',*,*,#4525,.T.);
#2765=ORIENTED_EDGE('',*,*,#4526,.T.);
#2766=ORIENTED_EDGE('',*,*,#4527,.T.);
#2767=ORIENTED_EDGE('',*,*,#4528,.T.);
#2768=ORIENTED_EDGE('',*,*,#4529,.T.);
#2769=ORIENTED_EDGE('',*,*,#4530,.T.);
#2770=ORIENTED_EDGE('',*,*,#4531,.T.);
#2771=ORIENTED_EDGE('',*,*,#4532,.F.);
#2772=ORIENTED_EDGE('',*,*,#4336,.T.);
#2773=ORIENTED_EDGE('',*,*,#4533,.T.);
#2774=ORIENTED_EDGE('',*,*,#4534,.F.);
#2775=ORIENTED_EDGE('',*,*,#4535,.T.);
#2776=ORIENTED_EDGE('',*,*,#4536,.F.);
#2777=ORIENTED_EDGE('',*,*,#4537,.F.);
#2778=ORIENTED_EDGE('',*,*,#4538,.T.);
#2779=ORIENTED_EDGE('',*,*,#4539,.F.);
#2780=ORIENTED_EDGE('',*,*,#4540,.T.);
#2781=ORIENTED_EDGE('',*,*,#4541,.F.);
#2782=ORIENTED_EDGE('',*,*,#4542,.T.);
#2783=ORIENTED_EDGE('',*,*,#4543,.F.);
#2784=ORIENTED_EDGE('',*,*,#4544,.T.);
#2785=ORIENTED_EDGE('',*,*,#4545,.F.);
#2786=ORIENTED_EDGE('',*,*,#4546,.T.);
#2787=ORIENTED_EDGE('',*,*,#4547,.T.);
#2788=ORIENTED_EDGE('',*,*,#4548,.T.);
#2789=ORIENTED_EDGE('',*,*,#4549,.T.);
#2790=ORIENTED_EDGE('',*,*,#4550,.T.);
#2791=ORIENTED_EDGE('',*,*,#4551,.T.);
#2792=ORIENTED_EDGE('',*,*,#4552,.T.);
#2793=ORIENTED_EDGE('',*,*,#4547,.F.);
#2794=ORIENTED_EDGE('',*,*,#4553,.T.);
#2795=ORIENTED_EDGE('',*,*,#4554,.T.);
#2796=ORIENTED_EDGE('',*,*,#4555,.T.);
#2797=ORIENTED_EDGE('',*,*,#4549,.F.);
#2798=ORIENTED_EDGE('',*,*,#4556,.T.);
#2799=ORIENTED_EDGE('',*,*,#4557,.F.);
#2800=ORIENTED_EDGE('',*,*,#4558,.T.);
#2801=ORIENTED_EDGE('',*,*,#4559,.F.);
#2802=ORIENTED_EDGE('',*,*,#4560,.T.);
#2803=ORIENTED_EDGE('',*,*,#4338,.F.);
#2804=ORIENTED_EDGE('',*,*,#4561,.T.);
#2805=ORIENTED_EDGE('',*,*,#4562,.T.);
#2806=ORIENTED_EDGE('',*,*,#4563,.F.);
#2807=ORIENTED_EDGE('',*,*,#4564,.T.);
#2808=ORIENTED_EDGE('',*,*,#4565,.F.);
#2809=ORIENTED_EDGE('',*,*,#4566,.T.);
#2810=ORIENTED_EDGE('',*,*,#4567,.T.);
#2811=ORIENTED_EDGE('',*,*,#4568,.F.);
#2812=ORIENTED_EDGE('',*,*,#4569,.F.);
#2813=ORIENTED_EDGE('',*,*,#4570,.F.);
#2814=ORIENTED_EDGE('',*,*,#4571,.T.);
#2815=ORIENTED_EDGE('',*,*,#4572,.F.);
#2816=ORIENTED_EDGE('',*,*,#4573,.T.);
#2817=ORIENTED_EDGE('',*,*,#4574,.F.);
#2818=ORIENTED_EDGE('',*,*,#4575,.T.);
#2819=ORIENTED_EDGE('',*,*,#4576,.F.);
#2820=ORIENTED_EDGE('',*,*,#4577,.T.);
#2821=ORIENTED_EDGE('',*,*,#4578,.F.);
#2822=ORIENTED_EDGE('',*,*,#4579,.T.);
#2823=ORIENTED_EDGE('',*,*,#4580,.F.);
#2824=ORIENTED_EDGE('',*,*,#4581,.T.);
#2825=ORIENTED_EDGE('',*,*,#4582,.F.);
#2826=ORIENTED_EDGE('',*,*,#4583,.F.);
#2827=ORIENTED_EDGE('',*,*,#4584,.F.);
#2828=ORIENTED_EDGE('',*,*,#4585,.F.);
#2829=ORIENTED_EDGE('',*,*,#4586,.F.);
#2830=ORIENTED_EDGE('',*,*,#4587,.F.);
#2831=ORIENTED_EDGE('',*,*,#4588,.F.);
#2832=ORIENTED_EDGE('',*,*,#4589,.F.);
#2833=ORIENTED_EDGE('',*,*,#4590,.F.);
#2834=ORIENTED_EDGE('',*,*,#4591,.F.);
#2835=ORIENTED_EDGE('',*,*,#4592,.F.);
#2836=ORIENTED_EDGE('',*,*,#4593,.F.);
#2837=ORIENTED_EDGE('',*,*,#4594,.F.);
#2838=ORIENTED_EDGE('',*,*,#4595,.F.);
#2839=ORIENTED_EDGE('',*,*,#4596,.F.);
#2840=ORIENTED_EDGE('',*,*,#4597,.F.);
#2841=ORIENTED_EDGE('',*,*,#4598,.F.);
#2842=ORIENTED_EDGE('',*,*,#4599,.F.);
#2843=ORIENTED_EDGE('',*,*,#4600,.F.);
#2844=ORIENTED_EDGE('',*,*,#4601,.F.);
#2845=ORIENTED_EDGE('',*,*,#4602,.F.);
#2846=ORIENTED_EDGE('',*,*,#4603,.F.);
#2847=ORIENTED_EDGE('',*,*,#4604,.F.);
#2848=ORIENTED_EDGE('',*,*,#4605,.F.);
#2849=ORIENTED_EDGE('',*,*,#4606,.F.);
#2850=ORIENTED_EDGE('',*,*,#4607,.F.);
#2851=ORIENTED_EDGE('',*,*,#4608,.F.);
#2852=ORIENTED_EDGE('',*,*,#4609,.F.);
#2853=ORIENTED_EDGE('',*,*,#4610,.F.);
#2854=ORIENTED_EDGE('',*,*,#4611,.F.);
#2855=ORIENTED_EDGE('',*,*,#4612,.F.);
#2856=ORIENTED_EDGE('',*,*,#4613,.F.);
#2857=ORIENTED_EDGE('',*,*,#4614,.F.);
#2858=ORIENTED_EDGE('',*,*,#4615,.F.);
#2859=ORIENTED_EDGE('',*,*,#4616,.F.);
#2860=ORIENTED_EDGE('',*,*,#4617,.F.);
#2861=ORIENTED_EDGE('',*,*,#4618,.F.);
#2862=ORIENTED_EDGE('',*,*,#4554,.F.);
#2863=ORIENTED_EDGE('',*,*,#4619,.T.);
#2864=ORIENTED_EDGE('',*,*,#4551,.F.);
#2865=ORIENTED_EDGE('',*,*,#4620,.T.);
#2866=ORIENTED_EDGE('',*,*,#4621,.F.);
#2867=ORIENTED_EDGE('',*,*,#4622,.F.);
#2868=ORIENTED_EDGE('',*,*,#4623,.F.);
#2869=ORIENTED_EDGE('',*,*,#4624,.F.);
#2870=ORIENTED_EDGE('',*,*,#4625,.F.);
#2871=ORIENTED_EDGE('',*,*,#4626,.F.);
#2872=ORIENTED_EDGE('',*,*,#4627,.F.);
#2873=ORIENTED_EDGE('',*,*,#4628,.F.);
#2874=ORIENTED_EDGE('',*,*,#4629,.F.);
#2875=ORIENTED_EDGE('',*,*,#4630,.F.);
#2876=ORIENTED_EDGE('',*,*,#4631,.F.);
#2877=ORIENTED_EDGE('',*,*,#4632,.F.);
#2878=ORIENTED_EDGE('',*,*,#4633,.F.);
#2879=ORIENTED_EDGE('',*,*,#4634,.F.);
#2880=ORIENTED_EDGE('',*,*,#4635,.F.);
#2881=ORIENTED_EDGE('',*,*,#4636,.F.);
#2882=ORIENTED_EDGE('',*,*,#4637,.F.);
#2883=ORIENTED_EDGE('',*,*,#4638,.F.);
#2884=ORIENTED_EDGE('',*,*,#4639,.F.);
#2885=ORIENTED_EDGE('',*,*,#4640,.F.);
#2886=ORIENTED_EDGE('',*,*,#4641,.F.);
#2887=ORIENTED_EDGE('',*,*,#4642,.F.);
#2888=ORIENTED_EDGE('',*,*,#4643,.F.);
#2889=ORIENTED_EDGE('',*,*,#4644,.F.);
#2890=ORIENTED_EDGE('',*,*,#4645,.F.);
#2891=ORIENTED_EDGE('',*,*,#4646,.F.);
#2892=ORIENTED_EDGE('',*,*,#4647,.F.);
#2893=ORIENTED_EDGE('',*,*,#4648,.F.);
#2894=ORIENTED_EDGE('',*,*,#4649,.F.);
#2895=ORIENTED_EDGE('',*,*,#4650,.F.);
#2896=ORIENTED_EDGE('',*,*,#4651,.F.);
#2897=ORIENTED_EDGE('',*,*,#4652,.F.);
#2898=ORIENTED_EDGE('',*,*,#4653,.F.);
#2899=ORIENTED_EDGE('',*,*,#4654,.F.);
#2900=ORIENTED_EDGE('',*,*,#4655,.F.);
#2901=ORIENTED_EDGE('',*,*,#4656,.F.);
#2902=ORIENTED_EDGE('',*,*,#4657,.F.);
#2903=ORIENTED_EDGE('',*,*,#4658,.F.);
#2904=ORIENTED_EDGE('',*,*,#4659,.F.);
#2905=ORIENTED_EDGE('',*,*,#4660,.F.);
#2906=ORIENTED_EDGE('',*,*,#4661,.F.);
#2907=ORIENTED_EDGE('',*,*,#4662,.F.);
#2908=ORIENTED_EDGE('',*,*,#4663,.F.);
#2909=ORIENTED_EDGE('',*,*,#4664,.F.);
#2910=ORIENTED_EDGE('',*,*,#4665,.F.);
#2911=ORIENTED_EDGE('',*,*,#4666,.F.);
#2912=ORIENTED_EDGE('',*,*,#4667,.F.);
#2913=ORIENTED_EDGE('',*,*,#4668,.F.);
#2914=ORIENTED_EDGE('',*,*,#4669,.F.);
#2915=ORIENTED_EDGE('',*,*,#4670,.F.);
#2916=ORIENTED_EDGE('',*,*,#4671,.F.);
#2917=ORIENTED_EDGE('',*,*,#4672,.F.);
#2918=ORIENTED_EDGE('',*,*,#4673,.T.);
#2919=ORIENTED_EDGE('',*,*,#4674,.F.);
#2920=ORIENTED_EDGE('',*,*,#4675,.T.);
#2921=ORIENTED_EDGE('',*,*,#4676,.F.);
#2922=ORIENTED_EDGE('',*,*,#4677,.T.);
#2923=ORIENTED_EDGE('',*,*,#4572,.T.);
#2924=ORIENTED_EDGE('',*,*,#4678,.T.);
#2925=ORIENTED_EDGE('',*,*,#4441,.F.);
#2926=ORIENTED_EDGE('',*,*,#4679,.T.);
#2927=ORIENTED_EDGE('',*,*,#4574,.T.);
#2928=ORIENTED_EDGE('',*,*,#4680,.T.);
#2929=ORIENTED_EDGE('',*,*,#4439,.F.);
#2930=ORIENTED_EDGE('',*,*,#4681,.T.);
#2931=ORIENTED_EDGE('',*,*,#4576,.T.);
#2932=ORIENTED_EDGE('',*,*,#4682,.T.);
#2933=ORIENTED_EDGE('',*,*,#4437,.F.);
#2934=ORIENTED_EDGE('',*,*,#4683,.T.);
#2935=ORIENTED_EDGE('',*,*,#4578,.T.);
#2936=ORIENTED_EDGE('',*,*,#4684,.T.);
#2937=ORIENTED_EDGE('',*,*,#4435,.F.);
#2938=ORIENTED_EDGE('',*,*,#4685,.T.);
#2939=ORIENTED_EDGE('',*,*,#4580,.T.);
#2940=ORIENTED_EDGE('',*,*,#4686,.T.);
#2941=ORIENTED_EDGE('',*,*,#4443,.F.);
#2942=ORIENTED_EDGE('',*,*,#4687,.T.);
#2943=ORIENTED_EDGE('',*,*,#4688,.F.);
#2944=ORIENTED_EDGE('',*,*,#4689,.F.);
#2945=ORIENTED_EDGE('',*,*,#4536,.T.);
#2946=ORIENTED_EDGE('',*,*,#4690,.T.);
#2947=ORIENTED_EDGE('',*,*,#4562,.F.);
#2948=ORIENTED_EDGE('',*,*,#4691,.F.);
#2949=ORIENTED_EDGE('',*,*,#4534,.T.);
#2950=ORIENTED_EDGE('',*,*,#4692,.F.);
#2951=ORIENTED_EDGE('',*,*,#4564,.F.);
#2952=ORIENTED_EDGE('',*,*,#4533,.F.);
#2953=ORIENTED_EDGE('',*,*,#4339,.F.);
#2954=ORIENTED_EDGE('',*,*,#4565,.T.);
#2955=ORIENTED_EDGE('',*,*,#4692,.T.);
#2956=ORIENTED_EDGE('',*,*,#4675,.F.);
#2957=ORIENTED_EDGE('',*,*,#4693,.T.);
#2958=ORIENTED_EDGE('',*,*,#4541,.T.);
#2959=ORIENTED_EDGE('',*,*,#4694,.T.);
#2960=ORIENTED_EDGE('',*,*,#4673,.F.);
#2961=ORIENTED_EDGE('',*,*,#4695,.T.);
#2962=ORIENTED_EDGE('',*,*,#4537,.T.);
#2963=ORIENTED_EDGE('',*,*,#4696,.T.);
#2964=ORIENTED_EDGE('',*,*,#4560,.F.);
#2965=ORIENTED_EDGE('',*,*,#4697,.T.);
#2966=ORIENTED_EDGE('',*,*,#4539,.T.);
#2967=ORIENTED_EDGE('',*,*,#4698,.T.);
#2968=ORIENTED_EDGE('',*,*,#4558,.F.);
#2969=ORIENTED_EDGE('',*,*,#4699,.T.);
#2970=ORIENTED_EDGE('',*,*,#4543,.T.);
#2971=ORIENTED_EDGE('',*,*,#4700,.T.);
#2972=ORIENTED_EDGE('',*,*,#4677,.F.);
#2973=ORIENTED_EDGE('',*,*,#4701,.T.);
#2974=ORIENTED_EDGE('',*,*,#4545,.T.);
#2975=ORIENTED_EDGE('',*,*,#4702,.T.);
#2976=ORIENTED_EDGE('',*,*,#4582,.T.);
#2977=ORIENTED_EDGE('',*,*,#4444,.F.);
#2978=ORIENTED_EDGE('',*,*,#4583,.T.);
#2979=ORIENTED_EDGE('',*,*,#4445,.F.);
#2980=ORIENTED_EDGE('',*,*,#4584,.T.);
#2981=ORIENTED_EDGE('',*,*,#4446,.F.);
#2982=ORIENTED_EDGE('',*,*,#4585,.T.);
#2983=ORIENTED_EDGE('',*,*,#4447,.F.);
#2984=ORIENTED_EDGE('',*,*,#4586,.T.);
#2985=ORIENTED_EDGE('',*,*,#4448,.F.);
#2986=ORIENTED_EDGE('',*,*,#4587,.T.);
#2987=ORIENTED_EDGE('',*,*,#4449,.F.);
#2988=ORIENTED_EDGE('',*,*,#4588,.T.);
#2989=ORIENTED_EDGE('',*,*,#4450,.F.);
#2990=ORIENTED_EDGE('',*,*,#4589,.T.);
#2991=ORIENTED_EDGE('',*,*,#4451,.F.);
#2992=ORIENTED_EDGE('',*,*,#4590,.T.);
#2993=ORIENTED_EDGE('',*,*,#4452,.F.);
#2994=ORIENTED_EDGE('',*,*,#4591,.T.);
#2995=ORIENTED_EDGE('',*,*,#4453,.F.);
#2996=ORIENTED_EDGE('',*,*,#4592,.T.);
#2997=ORIENTED_EDGE('',*,*,#4454,.F.);
#2998=ORIENTED_EDGE('',*,*,#4593,.T.);
#2999=ORIENTED_EDGE('',*,*,#4455,.F.);
#3000=ORIENTED_EDGE('',*,*,#4594,.T.);
#3001=ORIENTED_EDGE('',*,*,#4456,.F.);
#3002=ORIENTED_EDGE('',*,*,#4595,.T.);
#3003=ORIENTED_EDGE('',*,*,#4457,.F.);
#3004=ORIENTED_EDGE('',*,*,#4596,.T.);
#3005=ORIENTED_EDGE('',*,*,#4458,.F.);
#3006=ORIENTED_EDGE('',*,*,#4597,.T.);
#3007=ORIENTED_EDGE('',*,*,#4459,.F.);
#3008=ORIENTED_EDGE('',*,*,#4598,.T.);
#3009=ORIENTED_EDGE('',*,*,#4460,.F.);
#3010=ORIENTED_EDGE('',*,*,#4599,.T.);
#3011=ORIENTED_EDGE('',*,*,#4461,.F.);
#3012=ORIENTED_EDGE('',*,*,#4600,.T.);
#3013=ORIENTED_EDGE('',*,*,#4462,.F.);
#3014=ORIENTED_EDGE('',*,*,#4601,.T.);
#3015=ORIENTED_EDGE('',*,*,#4463,.F.);
#3016=ORIENTED_EDGE('',*,*,#4602,.T.);
#3017=ORIENTED_EDGE('',*,*,#4464,.F.);
#3018=ORIENTED_EDGE('',*,*,#4603,.T.);
#3019=ORIENTED_EDGE('',*,*,#4465,.F.);
#3020=ORIENTED_EDGE('',*,*,#4604,.T.);
#3021=ORIENTED_EDGE('',*,*,#4466,.F.);
#3022=ORIENTED_EDGE('',*,*,#4605,.T.);
#3023=ORIENTED_EDGE('',*,*,#4467,.F.);
#3024=ORIENTED_EDGE('',*,*,#4606,.T.);
#3025=ORIENTED_EDGE('',*,*,#4468,.F.);
#3026=ORIENTED_EDGE('',*,*,#4607,.T.);
#3027=ORIENTED_EDGE('',*,*,#4469,.F.);
#3028=ORIENTED_EDGE('',*,*,#4608,.T.);
#3029=ORIENTED_EDGE('',*,*,#4470,.F.);
#3030=ORIENTED_EDGE('',*,*,#4609,.T.);
#3031=ORIENTED_EDGE('',*,*,#4471,.F.);
#3032=ORIENTED_EDGE('',*,*,#4610,.T.);
#3033=ORIENTED_EDGE('',*,*,#4472,.F.);
#3034=ORIENTED_EDGE('',*,*,#4611,.T.);
#3035=ORIENTED_EDGE('',*,*,#4473,.F.);
#3036=ORIENTED_EDGE('',*,*,#4612,.T.);
#3037=ORIENTED_EDGE('',*,*,#4474,.F.);
#3038=ORIENTED_EDGE('',*,*,#4613,.T.);
#3039=ORIENTED_EDGE('',*,*,#4475,.F.);
#3040=ORIENTED_EDGE('',*,*,#4614,.T.);
#3041=ORIENTED_EDGE('',*,*,#4476,.F.);
#3042=ORIENTED_EDGE('',*,*,#4615,.T.);
#3043=ORIENTED_EDGE('',*,*,#4477,.F.);
#3044=ORIENTED_EDGE('',*,*,#4616,.T.);
#3045=ORIENTED_EDGE('',*,*,#4478,.F.);
#3046=ORIENTED_EDGE('',*,*,#4617,.T.);
#3047=ORIENTED_EDGE('',*,*,#4479,.F.);
#3048=ORIENTED_EDGE('',*,*,#4618,.T.);
#3049=ORIENTED_EDGE('',*,*,#4480,.F.);
#3050=ORIENTED_EDGE('',*,*,#4621,.T.);
#3051=ORIENTED_EDGE('',*,*,#4481,.F.);
#3052=ORIENTED_EDGE('',*,*,#4622,.T.);
#3053=ORIENTED_EDGE('',*,*,#4482,.F.);
#3054=ORIENTED_EDGE('',*,*,#4623,.T.);
#3055=ORIENTED_EDGE('',*,*,#4483,.F.);
#3056=ORIENTED_EDGE('',*,*,#4624,.T.);
#3057=ORIENTED_EDGE('',*,*,#4484,.F.);
#3058=ORIENTED_EDGE('',*,*,#4625,.T.);
#3059=ORIENTED_EDGE('',*,*,#4485,.F.);
#3060=ORIENTED_EDGE('',*,*,#4626,.T.);
#3061=ORIENTED_EDGE('',*,*,#4486,.F.);
#3062=ORIENTED_EDGE('',*,*,#4627,.T.);
#3063=ORIENTED_EDGE('',*,*,#4487,.F.);
#3064=ORIENTED_EDGE('',*,*,#4628,.T.);
#3065=ORIENTED_EDGE('',*,*,#4488,.F.);
#3066=ORIENTED_EDGE('',*,*,#4629,.T.);
#3067=ORIENTED_EDGE('',*,*,#4489,.F.);
#3068=ORIENTED_EDGE('',*,*,#4630,.T.);
#3069=ORIENTED_EDGE('',*,*,#4490,.F.);
#3070=ORIENTED_EDGE('',*,*,#4631,.T.);
#3071=ORIENTED_EDGE('',*,*,#4491,.F.);
#3072=ORIENTED_EDGE('',*,*,#4632,.T.);
#3073=ORIENTED_EDGE('',*,*,#4492,.F.);
#3074=ORIENTED_EDGE('',*,*,#4633,.T.);
#3075=ORIENTED_EDGE('',*,*,#4493,.F.);
#3076=ORIENTED_EDGE('',*,*,#4634,.T.);
#3077=ORIENTED_EDGE('',*,*,#4494,.F.);
#3078=ORIENTED_EDGE('',*,*,#4635,.T.);
#3079=ORIENTED_EDGE('',*,*,#4495,.F.);
#3080=ORIENTED_EDGE('',*,*,#4636,.T.);
#3081=ORIENTED_EDGE('',*,*,#4496,.F.);
#3082=ORIENTED_EDGE('',*,*,#4637,.T.);
#3083=ORIENTED_EDGE('',*,*,#4497,.F.);
#3084=ORIENTED_EDGE('',*,*,#4638,.T.);
#3085=ORIENTED_EDGE('',*,*,#4498,.F.);
#3086=ORIENTED_EDGE('',*,*,#4639,.T.);
#3087=ORIENTED_EDGE('',*,*,#4499,.F.);
#3088=ORIENTED_EDGE('',*,*,#4640,.T.);
#3089=ORIENTED_EDGE('',*,*,#4500,.F.);
#3090=ORIENTED_EDGE('',*,*,#4641,.T.);
#3091=ORIENTED_EDGE('',*,*,#4501,.F.);
#3092=ORIENTED_EDGE('',*,*,#4642,.T.);
#3093=ORIENTED_EDGE('',*,*,#4502,.F.);
#3094=ORIENTED_EDGE('',*,*,#4643,.T.);
#3095=ORIENTED_EDGE('',*,*,#4503,.F.);
#3096=ORIENTED_EDGE('',*,*,#4644,.T.);
#3097=ORIENTED_EDGE('',*,*,#4504,.F.);
#3098=ORIENTED_EDGE('',*,*,#4645,.T.);
#3099=ORIENTED_EDGE('',*,*,#4505,.F.);
#3100=ORIENTED_EDGE('',*,*,#4646,.T.);
#3101=ORIENTED_EDGE('',*,*,#4506,.F.);
#3102=ORIENTED_EDGE('',*,*,#4647,.T.);
#3103=ORIENTED_EDGE('',*,*,#4507,.F.);
#3104=ORIENTED_EDGE('',*,*,#4648,.T.);
#3105=ORIENTED_EDGE('',*,*,#4508,.F.);
#3106=ORIENTED_EDGE('',*,*,#4649,.T.);
#3107=ORIENTED_EDGE('',*,*,#4509,.F.);
#3108=ORIENTED_EDGE('',*,*,#4650,.T.);
#3109=ORIENTED_EDGE('',*,*,#4510,.F.);
#3110=ORIENTED_EDGE('',*,*,#4651,.T.);
#3111=ORIENTED_EDGE('',*,*,#4511,.F.);
#3112=ORIENTED_EDGE('',*,*,#4652,.T.);
#3113=ORIENTED_EDGE('',*,*,#4512,.F.);
#3114=ORIENTED_EDGE('',*,*,#4653,.T.);
#3115=ORIENTED_EDGE('',*,*,#4513,.F.);
#3116=ORIENTED_EDGE('',*,*,#4654,.T.);
#3117=ORIENTED_EDGE('',*,*,#4514,.F.);
#3118=ORIENTED_EDGE('',*,*,#4655,.T.);
#3119=ORIENTED_EDGE('',*,*,#4515,.F.);
#3120=ORIENTED_EDGE('',*,*,#4656,.T.);
#3121=ORIENTED_EDGE('',*,*,#4516,.F.);
#3122=ORIENTED_EDGE('',*,*,#4657,.T.);
#3123=ORIENTED_EDGE('',*,*,#4517,.F.);
#3124=ORIENTED_EDGE('',*,*,#4658,.T.);
#3125=ORIENTED_EDGE('',*,*,#4518,.F.);
#3126=ORIENTED_EDGE('',*,*,#4659,.T.);
#3127=ORIENTED_EDGE('',*,*,#4519,.F.);
#3128=ORIENTED_EDGE('',*,*,#4660,.T.);
#3129=ORIENTED_EDGE('',*,*,#4520,.F.);
#3130=ORIENTED_EDGE('',*,*,#4661,.T.);
#3131=ORIENTED_EDGE('',*,*,#4521,.F.);
#3132=ORIENTED_EDGE('',*,*,#4662,.T.);
#3133=ORIENTED_EDGE('',*,*,#4522,.F.);
#3134=ORIENTED_EDGE('',*,*,#4663,.T.);
#3135=ORIENTED_EDGE('',*,*,#4523,.F.);
#3136=ORIENTED_EDGE('',*,*,#4664,.T.);
#3137=ORIENTED_EDGE('',*,*,#4524,.F.);
#3138=ORIENTED_EDGE('',*,*,#4665,.T.);
#3139=ORIENTED_EDGE('',*,*,#4525,.F.);
#3140=ORIENTED_EDGE('',*,*,#4666,.T.);
#3141=ORIENTED_EDGE('',*,*,#4526,.F.);
#3142=ORIENTED_EDGE('',*,*,#4667,.T.);
#3143=ORIENTED_EDGE('',*,*,#4527,.F.);
#3144=ORIENTED_EDGE('',*,*,#4668,.T.);
#3145=ORIENTED_EDGE('',*,*,#4528,.F.);
#3146=ORIENTED_EDGE('',*,*,#4669,.T.);
#3147=ORIENTED_EDGE('',*,*,#4529,.F.);
#3148=ORIENTED_EDGE('',*,*,#4670,.T.);
#3149=ORIENTED_EDGE('',*,*,#4530,.F.);
#3150=ORIENTED_EDGE('',*,*,#4671,.T.);
#3151=ORIENTED_EDGE('',*,*,#4531,.F.);
#3152=ORIENTED_EDGE('',*,*,#4703,.F.);
#3153=ORIENTED_EDGE('',*,*,#4567,.F.);
#3154=ORIENTED_EDGE('',*,*,#4704,.F.);
#3155=ORIENTED_EDGE('',*,*,#4705,.T.);
#3156=ORIENTED_EDGE('',*,*,#4706,.T.);
#3157=ORIENTED_EDGE('',*,*,#4566,.F.);
#3158=ORIENTED_EDGE('',*,*,#4707,.F.);
#3159=ORIENTED_EDGE('',*,*,#4708,.T.);
#3160=ORIENTED_EDGE('',*,*,#4704,.T.);
#3161=ORIENTED_EDGE('',*,*,#4571,.F.);
#3162=ORIENTED_EDGE('',*,*,#4709,.F.);
#3163=ORIENTED_EDGE('',*,*,#4710,.T.);
#3164=ORIENTED_EDGE('',*,*,#4707,.T.);
#3165=ORIENTED_EDGE('',*,*,#4570,.T.);
#3166=ORIENTED_EDGE('',*,*,#4711,.F.);
#3167=ORIENTED_EDGE('',*,*,#4712,.F.);
#3168=ORIENTED_EDGE('',*,*,#4709,.T.);
#3169=ORIENTED_EDGE('',*,*,#4569,.T.);
#3170=ORIENTED_EDGE('',*,*,#4713,.F.);
#3171=ORIENTED_EDGE('',*,*,#4714,.F.);
#3172=ORIENTED_EDGE('',*,*,#4711,.T.);
#3173=ORIENTED_EDGE('',*,*,#4568,.T.);
#3174=ORIENTED_EDGE('',*,*,#4706,.F.);
#3175=ORIENTED_EDGE('',*,*,#4715,.F.);
#3176=ORIENTED_EDGE('',*,*,#4713,.T.);
#3177=ORIENTED_EDGE('',*,*,#4716,.T.);
#3178=ORIENTED_EDGE('',*,*,#4717,.T.);
#3179=ORIENTED_EDGE('',*,*,#4718,.F.);
#3180=ORIENTED_EDGE('',*,*,#4719,.F.);
#3181=ORIENTED_EDGE('',*,*,#4720,.T.);
#3182=ORIENTED_EDGE('',*,*,#4705,.F.);
#3183=ORIENTED_EDGE('',*,*,#4708,.F.);
#3184=ORIENTED_EDGE('',*,*,#4710,.F.);
#3185=ORIENTED_EDGE('',*,*,#4712,.T.);
#3186=ORIENTED_EDGE('',*,*,#4714,.T.);
#3187=ORIENTED_EDGE('',*,*,#4715,.T.);
#3188=ORIENTED_EDGE('',*,*,#4691,.T.);
#3189=ORIENTED_EDGE('',*,*,#4563,.T.);
#3190=ORIENTED_EDGE('',*,*,#4690,.F.);
#3191=ORIENTED_EDGE('',*,*,#4535,.F.);
#3192=ORIENTED_EDGE('',*,*,#4532,.T.);
#3193=ORIENTED_EDGE('',*,*,#4689,.T.);
#3194=ORIENTED_EDGE('',*,*,#4561,.F.);
#3195=ORIENTED_EDGE('',*,*,#4337,.F.);
#3196=ORIENTED_EDGE('',*,*,#4676,.T.);
#3197=ORIENTED_EDGE('',*,*,#4702,.F.);
#3198=ORIENTED_EDGE('',*,*,#4546,.F.);
#3199=ORIENTED_EDGE('',*,*,#4701,.F.);
#3200=ORIENTED_EDGE('',*,*,#4581,.F.);
#3201=ORIENTED_EDGE('',*,*,#4687,.F.);
#3202=ORIENTED_EDGE('',*,*,#4442,.T.);
#3203=ORIENTED_EDGE('',*,*,#4686,.F.);
#3204=ORIENTED_EDGE('',*,*,#4579,.F.);
#3205=ORIENTED_EDGE('',*,*,#4685,.F.);
#3206=ORIENTED_EDGE('',*,*,#4434,.T.);
#3207=ORIENTED_EDGE('',*,*,#4684,.F.);
#3208=ORIENTED_EDGE('',*,*,#4577,.F.);
#3209=ORIENTED_EDGE('',*,*,#4683,.F.);
#3210=ORIENTED_EDGE('',*,*,#4436,.T.);
#3211=ORIENTED_EDGE('',*,*,#4682,.F.);
#3212=ORIENTED_EDGE('',*,*,#4575,.F.);
#3213=ORIENTED_EDGE('',*,*,#4681,.F.);
#3214=ORIENTED_EDGE('',*,*,#4438,.T.);
#3215=ORIENTED_EDGE('',*,*,#4680,.F.);
#3216=ORIENTED_EDGE('',*,*,#4573,.F.);
#3217=ORIENTED_EDGE('',*,*,#4679,.F.);
#3218=ORIENTED_EDGE('',*,*,#4440,.T.);
#3219=ORIENTED_EDGE('',*,*,#4678,.F.);
#3220=ORIENTED_EDGE('',*,*,#4557,.T.);
#3221=ORIENTED_EDGE('',*,*,#4700,.F.);
#3222=ORIENTED_EDGE('',*,*,#4544,.F.);
#3223=ORIENTED_EDGE('',*,*,#4699,.F.);
#3224=ORIENTED_EDGE('',*,*,#4559,.T.);
#3225=ORIENTED_EDGE('',*,*,#4698,.F.);
#3226=ORIENTED_EDGE('',*,*,#4540,.F.);
#3227=ORIENTED_EDGE('',*,*,#4697,.F.);
#3228=ORIENTED_EDGE('',*,*,#4672,.T.);
#3229=ORIENTED_EDGE('',*,*,#4696,.F.);
#3230=ORIENTED_EDGE('',*,*,#4538,.F.);
#3231=ORIENTED_EDGE('',*,*,#4695,.F.);
#3232=ORIENTED_EDGE('',*,*,#4674,.T.);
#3233=ORIENTED_EDGE('',*,*,#4694,.F.);
#3234=ORIENTED_EDGE('',*,*,#4542,.F.);
#3235=ORIENTED_EDGE('',*,*,#4693,.F.);
#3236=ORIENTED_EDGE('',*,*,#4703,.T.);
#3237=ORIENTED_EDGE('',*,*,#4688,.T.);
#3238=ORIENTED_EDGE('',*,*,#4720,.F.);
#3239=ORIENTED_EDGE('',*,*,#4433,.F.);
#3240=ORIENTED_EDGE('',*,*,#4619,.F.);
#3241=ORIENTED_EDGE('',*,*,#4556,.F.);
#3242=ORIENTED_EDGE('',*,*,#4548,.F.);
#3243=ORIENTED_EDGE('',*,*,#4552,.F.);
#3244=ORIENTED_EDGE('',*,*,#4550,.F.);
#3245=ORIENTED_EDGE('',*,*,#4555,.F.);
#3246=ORIENTED_EDGE('',*,*,#4620,.F.);
#3247=ORIENTED_EDGE('',*,*,#4553,.F.);
#3248=ORIENTED_EDGE('',*,*,#4341,.F.);
#3249=ORIENTED_EDGE('',*,*,#4721,.F.);
#3250=ORIENTED_EDGE('',*,*,#4722,.T.);
#3251=ORIENTED_EDGE('',*,*,#4723,.T.);
#3252=ORIENTED_EDGE('',*,*,#4340,.F.);
#3253=ORIENTED_EDGE('',*,*,#4724,.F.);
#3254=ORIENTED_EDGE('',*,*,#4725,.T.);
#3255=ORIENTED_EDGE('',*,*,#4721,.T.);
#3256=ORIENTED_EDGE('',*,*,#4354,.F.);
#3257=ORIENTED_EDGE('',*,*,#4726,.F.);
#3258=ORIENTED_EDGE('',*,*,#4727,.T.);
#3259=ORIENTED_EDGE('',*,*,#4724,.T.);
#3260=ORIENTED_EDGE('',*,*,#4353,.F.);
#3261=ORIENTED_EDGE('',*,*,#4728,.F.);
#3262=ORIENTED_EDGE('',*,*,#4729,.T.);
#3263=ORIENTED_EDGE('',*,*,#4726,.T.);
#3264=ORIENTED_EDGE('',*,*,#4352,.F.);
#3265=ORIENTED_EDGE('',*,*,#4730,.F.);
#3266=ORIENTED_EDGE('',*,*,#4731,.T.);
#3267=ORIENTED_EDGE('',*,*,#4728,.T.);
#3268=ORIENTED_EDGE('',*,*,#4351,.F.);
#3269=ORIENTED_EDGE('',*,*,#4732,.F.);
#3270=ORIENTED_EDGE('',*,*,#4733,.T.);
#3271=ORIENTED_EDGE('',*,*,#4730,.T.);
#3272=ORIENTED_EDGE('',*,*,#4350,.F.);
#3273=ORIENTED_EDGE('',*,*,#4734,.F.);
#3274=ORIENTED_EDGE('',*,*,#4735,.T.);
#3275=ORIENTED_EDGE('',*,*,#4732,.T.);
#3276=ORIENTED_EDGE('',*,*,#4349,.F.);
#3277=ORIENTED_EDGE('',*,*,#4736,.F.);
#3278=ORIENTED_EDGE('',*,*,#4737,.T.);
#3279=ORIENTED_EDGE('',*,*,#4734,.T.);
#3280=ORIENTED_EDGE('',*,*,#4348,.F.);
#3281=ORIENTED_EDGE('',*,*,#4738,.F.);
#3282=ORIENTED_EDGE('',*,*,#4739,.T.);
#3283=ORIENTED_EDGE('',*,*,#4736,.T.);
#3284=ORIENTED_EDGE('',*,*,#4347,.F.);
#3285=ORIENTED_EDGE('',*,*,#4740,.F.);
#3286=ORIENTED_EDGE('',*,*,#4741,.T.);
#3287=ORIENTED_EDGE('',*,*,#4738,.T.);
#3288=ORIENTED_EDGE('',*,*,#4346,.F.);
#3289=ORIENTED_EDGE('',*,*,#4742,.F.);
#3290=ORIENTED_EDGE('',*,*,#4743,.T.);
#3291=ORIENTED_EDGE('',*,*,#4740,.T.);
#3292=ORIENTED_EDGE('',*,*,#4345,.F.);
#3293=ORIENTED_EDGE('',*,*,#4744,.F.);
#3294=ORIENTED_EDGE('',*,*,#4745,.T.);
#3295=ORIENTED_EDGE('',*,*,#4742,.T.);
#3296=ORIENTED_EDGE('',*,*,#4344,.F.);
#3297=ORIENTED_EDGE('',*,*,#4746,.F.);
#3298=ORIENTED_EDGE('',*,*,#4747,.T.);
#3299=ORIENTED_EDGE('',*,*,#4744,.T.);
#3300=ORIENTED_EDGE('',*,*,#4343,.F.);
#3301=ORIENTED_EDGE('',*,*,#4748,.F.);
#3302=ORIENTED_EDGE('',*,*,#4749,.T.);
#3303=ORIENTED_EDGE('',*,*,#4746,.T.);
#3304=ORIENTED_EDGE('',*,*,#4342,.F.);
#3305=ORIENTED_EDGE('',*,*,#4723,.F.);
#3306=ORIENTED_EDGE('',*,*,#4750,.T.);
#3307=ORIENTED_EDGE('',*,*,#4748,.T.);
#3308=ORIENTED_EDGE('',*,*,#4722,.F.);
#3309=ORIENTED_EDGE('',*,*,#4725,.F.);
#3310=ORIENTED_EDGE('',*,*,#4727,.F.);
#3311=ORIENTED_EDGE('',*,*,#4729,.F.);
#3312=ORIENTED_EDGE('',*,*,#4731,.F.);
#3313=ORIENTED_EDGE('',*,*,#4733,.F.);
#3314=ORIENTED_EDGE('',*,*,#4735,.F.);
#3315=ORIENTED_EDGE('',*,*,#4737,.F.);
#3316=ORIENTED_EDGE('',*,*,#4739,.F.);
#3317=ORIENTED_EDGE('',*,*,#4741,.F.);
#3318=ORIENTED_EDGE('',*,*,#4743,.F.);
#3319=ORIENTED_EDGE('',*,*,#4745,.F.);
#3320=ORIENTED_EDGE('',*,*,#4747,.F.);
#3321=ORIENTED_EDGE('',*,*,#4749,.F.);
#3322=ORIENTED_EDGE('',*,*,#4750,.F.);
#3323=ORIENTED_EDGE('',*,*,#4356,.F.);
#3324=ORIENTED_EDGE('',*,*,#4751,.F.);
#3325=ORIENTED_EDGE('',*,*,#4752,.T.);
#3326=ORIENTED_EDGE('',*,*,#4753,.T.);
#3327=ORIENTED_EDGE('',*,*,#4355,.F.);
#3328=ORIENTED_EDGE('',*,*,#4754,.F.);
#3329=ORIENTED_EDGE('',*,*,#4755,.T.);
#3330=ORIENTED_EDGE('',*,*,#4751,.T.);
#3331=ORIENTED_EDGE('',*,*,#4369,.F.);
#3332=ORIENTED_EDGE('',*,*,#4756,.F.);
#3333=ORIENTED_EDGE('',*,*,#4757,.T.);
#3334=ORIENTED_EDGE('',*,*,#4754,.T.);
#3335=ORIENTED_EDGE('',*,*,#4368,.F.);
#3336=ORIENTED_EDGE('',*,*,#4758,.F.);
#3337=ORIENTED_EDGE('',*,*,#4759,.T.);
#3338=ORIENTED_EDGE('',*,*,#4756,.T.);
#3339=ORIENTED_EDGE('',*,*,#4367,.F.);
#3340=ORIENTED_EDGE('',*,*,#4760,.F.);
#3341=ORIENTED_EDGE('',*,*,#4761,.T.);
#3342=ORIENTED_EDGE('',*,*,#4758,.T.);
#3343=ORIENTED_EDGE('',*,*,#4366,.F.);
#3344=ORIENTED_EDGE('',*,*,#4762,.F.);
#3345=ORIENTED_EDGE('',*,*,#4763,.T.);
#3346=ORIENTED_EDGE('',*,*,#4760,.T.);
#3347=ORIENTED_EDGE('',*,*,#4365,.F.);
#3348=ORIENTED_EDGE('',*,*,#4764,.F.);
#3349=ORIENTED_EDGE('',*,*,#4765,.T.);
#3350=ORIENTED_EDGE('',*,*,#4762,.T.);
#3351=ORIENTED_EDGE('',*,*,#4364,.F.);
#3352=ORIENTED_EDGE('',*,*,#4766,.F.);
#3353=ORIENTED_EDGE('',*,*,#4767,.T.);
#3354=ORIENTED_EDGE('',*,*,#4764,.T.);
#3355=ORIENTED_EDGE('',*,*,#4363,.F.);
#3356=ORIENTED_EDGE('',*,*,#4768,.F.);
#3357=ORIENTED_EDGE('',*,*,#4769,.T.);
#3358=ORIENTED_EDGE('',*,*,#4766,.T.);
#3359=ORIENTED_EDGE('',*,*,#4362,.F.);
#3360=ORIENTED_EDGE('',*,*,#4770,.F.);
#3361=ORIENTED_EDGE('',*,*,#4771,.T.);
#3362=ORIENTED_EDGE('',*,*,#4768,.T.);
#3363=ORIENTED_EDGE('',*,*,#4361,.F.);
#3364=ORIENTED_EDGE('',*,*,#4772,.F.);
#3365=ORIENTED_EDGE('',*,*,#4773,.T.);
#3366=ORIENTED_EDGE('',*,*,#4770,.T.);
#3367=ORIENTED_EDGE('',*,*,#4360,.F.);
#3368=ORIENTED_EDGE('',*,*,#4774,.F.);
#3369=ORIENTED_EDGE('',*,*,#4775,.T.);
#3370=ORIENTED_EDGE('',*,*,#4772,.T.);
#3371=ORIENTED_EDGE('',*,*,#4359,.F.);
#3372=ORIENTED_EDGE('',*,*,#4776,.F.);
#3373=ORIENTED_EDGE('',*,*,#4777,.T.);
#3374=ORIENTED_EDGE('',*,*,#4774,.T.);
#3375=ORIENTED_EDGE('',*,*,#4358,.F.);
#3376=ORIENTED_EDGE('',*,*,#4778,.F.);
#3377=ORIENTED_EDGE('',*,*,#4779,.T.);
#3378=ORIENTED_EDGE('',*,*,#4776,.T.);
#3379=ORIENTED_EDGE('',*,*,#4357,.F.);
#3380=ORIENTED_EDGE('',*,*,#4753,.F.);
#3381=ORIENTED_EDGE('',*,*,#4780,.T.);
#3382=ORIENTED_EDGE('',*,*,#4778,.T.);
#3383=ORIENTED_EDGE('',*,*,#4752,.F.);
#3384=ORIENTED_EDGE('',*,*,#4755,.F.);
#3385=ORIENTED_EDGE('',*,*,#4757,.F.);
#3386=ORIENTED_EDGE('',*,*,#4759,.F.);
#3387=ORIENTED_EDGE('',*,*,#4761,.F.);
#3388=ORIENTED_EDGE('',*,*,#4763,.F.);
#3389=ORIENTED_EDGE('',*,*,#4765,.F.);
#3390=ORIENTED_EDGE('',*,*,#4767,.F.);
#3391=ORIENTED_EDGE('',*,*,#4769,.F.);
#3392=ORIENTED_EDGE('',*,*,#4771,.F.);
#3393=ORIENTED_EDGE('',*,*,#4773,.F.);
#3394=ORIENTED_EDGE('',*,*,#4775,.F.);
#3395=ORIENTED_EDGE('',*,*,#4777,.F.);
#3396=ORIENTED_EDGE('',*,*,#4779,.F.);
#3397=ORIENTED_EDGE('',*,*,#4780,.F.);
#3398=ORIENTED_EDGE('',*,*,#4371,.F.);
#3399=ORIENTED_EDGE('',*,*,#4781,.F.);
#3400=ORIENTED_EDGE('',*,*,#4782,.T.);
#3401=ORIENTED_EDGE('',*,*,#4783,.T.);
#3402=ORIENTED_EDGE('',*,*,#4370,.F.);
#3403=ORIENTED_EDGE('',*,*,#4784,.F.);
#3404=ORIENTED_EDGE('',*,*,#4785,.T.);
#3405=ORIENTED_EDGE('',*,*,#4781,.T.);
#3406=ORIENTED_EDGE('',*,*,#4384,.F.);
#3407=ORIENTED_EDGE('',*,*,#4786,.F.);
#3408=ORIENTED_EDGE('',*,*,#4787,.T.);
#3409=ORIENTED_EDGE('',*,*,#4784,.T.);
#3410=ORIENTED_EDGE('',*,*,#4383,.F.);
#3411=ORIENTED_EDGE('',*,*,#4788,.F.);
#3412=ORIENTED_EDGE('',*,*,#4789,.T.);
#3413=ORIENTED_EDGE('',*,*,#4786,.T.);
#3414=ORIENTED_EDGE('',*,*,#4382,.F.);
#3415=ORIENTED_EDGE('',*,*,#4790,.F.);
#3416=ORIENTED_EDGE('',*,*,#4791,.T.);
#3417=ORIENTED_EDGE('',*,*,#4788,.T.);
#3418=ORIENTED_EDGE('',*,*,#4381,.F.);
#3419=ORIENTED_EDGE('',*,*,#4792,.F.);
#3420=ORIENTED_EDGE('',*,*,#4793,.T.);
#3421=ORIENTED_EDGE('',*,*,#4790,.T.);
#3422=ORIENTED_EDGE('',*,*,#4380,.F.);
#3423=ORIENTED_EDGE('',*,*,#4794,.F.);
#3424=ORIENTED_EDGE('',*,*,#4795,.T.);
#3425=ORIENTED_EDGE('',*,*,#4792,.T.);
#3426=ORIENTED_EDGE('',*,*,#4379,.F.);
#3427=ORIENTED_EDGE('',*,*,#4796,.F.);
#3428=ORIENTED_EDGE('',*,*,#4797,.T.);
#3429=ORIENTED_EDGE('',*,*,#4794,.T.);
#3430=ORIENTED_EDGE('',*,*,#4378,.F.);
#3431=ORIENTED_EDGE('',*,*,#4798,.F.);
#3432=ORIENTED_EDGE('',*,*,#4799,.T.);
#3433=ORIENTED_EDGE('',*,*,#4796,.T.);
#3434=ORIENTED_EDGE('',*,*,#4377,.F.);
#3435=ORIENTED_EDGE('',*,*,#4800,.F.);
#3436=ORIENTED_EDGE('',*,*,#4801,.T.);
#3437=ORIENTED_EDGE('',*,*,#4798,.T.);
#3438=ORIENTED_EDGE('',*,*,#4376,.F.);
#3439=ORIENTED_EDGE('',*,*,#4802,.F.);
#3440=ORIENTED_EDGE('',*,*,#4803,.T.);
#3441=ORIENTED_EDGE('',*,*,#4800,.T.);
#3442=ORIENTED_EDGE('',*,*,#4375,.F.);
#3443=ORIENTED_EDGE('',*,*,#4804,.F.);
#3444=ORIENTED_EDGE('',*,*,#4805,.T.);
#3445=ORIENTED_EDGE('',*,*,#4802,.T.);
#3446=ORIENTED_EDGE('',*,*,#4374,.F.);
#3447=ORIENTED_EDGE('',*,*,#4806,.F.);
#3448=ORIENTED_EDGE('',*,*,#4807,.T.);
#3449=ORIENTED_EDGE('',*,*,#4804,.T.);
#3450=ORIENTED_EDGE('',*,*,#4373,.F.);
#3451=ORIENTED_EDGE('',*,*,#4808,.F.);
#3452=ORIENTED_EDGE('',*,*,#4809,.T.);
#3453=ORIENTED_EDGE('',*,*,#4806,.T.);
#3454=ORIENTED_EDGE('',*,*,#4372,.F.);
#3455=ORIENTED_EDGE('',*,*,#4783,.F.);
#3456=ORIENTED_EDGE('',*,*,#4810,.T.);
#3457=ORIENTED_EDGE('',*,*,#4808,.T.);
#3458=ORIENTED_EDGE('',*,*,#4782,.F.);
#3459=ORIENTED_EDGE('',*,*,#4785,.F.);
#3460=ORIENTED_EDGE('',*,*,#4787,.F.);
#3461=ORIENTED_EDGE('',*,*,#4789,.F.);
#3462=ORIENTED_EDGE('',*,*,#4791,.F.);
#3463=ORIENTED_EDGE('',*,*,#4793,.F.);
#3464=ORIENTED_EDGE('',*,*,#4795,.F.);
#3465=ORIENTED_EDGE('',*,*,#4797,.F.);
#3466=ORIENTED_EDGE('',*,*,#4799,.F.);
#3467=ORIENTED_EDGE('',*,*,#4801,.F.);
#3468=ORIENTED_EDGE('',*,*,#4803,.F.);
#3469=ORIENTED_EDGE('',*,*,#4805,.F.);
#3470=ORIENTED_EDGE('',*,*,#4807,.F.);
#3471=ORIENTED_EDGE('',*,*,#4809,.F.);
#3472=ORIENTED_EDGE('',*,*,#4810,.F.);
#3473=ORIENTED_EDGE('',*,*,#4386,.F.);
#3474=ORIENTED_EDGE('',*,*,#4811,.F.);
#3475=ORIENTED_EDGE('',*,*,#4812,.T.);
#3476=ORIENTED_EDGE('',*,*,#4813,.T.);
#3477=ORIENTED_EDGE('',*,*,#4385,.F.);
#3478=ORIENTED_EDGE('',*,*,#4814,.F.);
#3479=ORIENTED_EDGE('',*,*,#4815,.T.);
#3480=ORIENTED_EDGE('',*,*,#4811,.T.);
#3481=ORIENTED_EDGE('',*,*,#4388,.F.);
#3482=ORIENTED_EDGE('',*,*,#4816,.F.);
#3483=ORIENTED_EDGE('',*,*,#4817,.T.);
#3484=ORIENTED_EDGE('',*,*,#4814,.T.);
#3485=ORIENTED_EDGE('',*,*,#4387,.F.);
#3486=ORIENTED_EDGE('',*,*,#4813,.F.);
#3487=ORIENTED_EDGE('',*,*,#4818,.T.);
#3488=ORIENTED_EDGE('',*,*,#4816,.T.);
#3489=ORIENTED_EDGE('',*,*,#4812,.F.);
#3490=ORIENTED_EDGE('',*,*,#4815,.F.);
#3491=ORIENTED_EDGE('',*,*,#4817,.F.);
#3492=ORIENTED_EDGE('',*,*,#4818,.F.);
#3493=ORIENTED_EDGE('',*,*,#4390,.F.);
#3494=ORIENTED_EDGE('',*,*,#4819,.F.);
#3495=ORIENTED_EDGE('',*,*,#4820,.T.);
#3496=ORIENTED_EDGE('',*,*,#4821,.T.);
#3497=ORIENTED_EDGE('',*,*,#4389,.F.);
#3498=ORIENTED_EDGE('',*,*,#4822,.F.);
#3499=ORIENTED_EDGE('',*,*,#4823,.T.);
#3500=ORIENTED_EDGE('',*,*,#4819,.T.);
#3501=ORIENTED_EDGE('',*,*,#4405,.F.);
#3502=ORIENTED_EDGE('',*,*,#4824,.F.);
#3503=ORIENTED_EDGE('',*,*,#4825,.T.);
#3504=ORIENTED_EDGE('',*,*,#4822,.T.);
#3505=ORIENTED_EDGE('',*,*,#4404,.F.);
#3506=ORIENTED_EDGE('',*,*,#4826,.F.);
#3507=ORIENTED_EDGE('',*,*,#4827,.T.);
#3508=ORIENTED_EDGE('',*,*,#4824,.T.);
#3509=ORIENTED_EDGE('',*,*,#4403,.F.);
#3510=ORIENTED_EDGE('',*,*,#4828,.F.);
#3511=ORIENTED_EDGE('',*,*,#4829,.T.);
#3512=ORIENTED_EDGE('',*,*,#4826,.T.);
#3513=ORIENTED_EDGE('',*,*,#4402,.F.);
#3514=ORIENTED_EDGE('',*,*,#4830,.F.);
#3515=ORIENTED_EDGE('',*,*,#4831,.T.);
#3516=ORIENTED_EDGE('',*,*,#4828,.T.);
#3517=ORIENTED_EDGE('',*,*,#4401,.F.);
#3518=ORIENTED_EDGE('',*,*,#4832,.F.);
#3519=ORIENTED_EDGE('',*,*,#4833,.T.);
#3520=ORIENTED_EDGE('',*,*,#4830,.T.);
#3521=ORIENTED_EDGE('',*,*,#4400,.F.);
#3522=ORIENTED_EDGE('',*,*,#4834,.F.);
#3523=ORIENTED_EDGE('',*,*,#4835,.T.);
#3524=ORIENTED_EDGE('',*,*,#4832,.T.);
#3525=ORIENTED_EDGE('',*,*,#4399,.F.);
#3526=ORIENTED_EDGE('',*,*,#4836,.F.);
#3527=ORIENTED_EDGE('',*,*,#4837,.T.);
#3528=ORIENTED_EDGE('',*,*,#4834,.T.);
#3529=ORIENTED_EDGE('',*,*,#4398,.F.);
#3530=ORIENTED_EDGE('',*,*,#4838,.F.);
#3531=ORIENTED_EDGE('',*,*,#4839,.T.);
#3532=ORIENTED_EDGE('',*,*,#4836,.T.);
#3533=ORIENTED_EDGE('',*,*,#4397,.F.);
#3534=ORIENTED_EDGE('',*,*,#4840,.F.);
#3535=ORIENTED_EDGE('',*,*,#4841,.T.);
#3536=ORIENTED_EDGE('',*,*,#4838,.T.);
#3537=ORIENTED_EDGE('',*,*,#4396,.F.);
#3538=ORIENTED_EDGE('',*,*,#4842,.F.);
#3539=ORIENTED_EDGE('',*,*,#4843,.T.);
#3540=ORIENTED_EDGE('',*,*,#4840,.T.);
#3541=ORIENTED_EDGE('',*,*,#4395,.F.);
#3542=ORIENTED_EDGE('',*,*,#4844,.F.);
#3543=ORIENTED_EDGE('',*,*,#4845,.T.);
#3544=ORIENTED_EDGE('',*,*,#4842,.T.);
#3545=ORIENTED_EDGE('',*,*,#4394,.F.);
#3546=ORIENTED_EDGE('',*,*,#4846,.F.);
#3547=ORIENTED_EDGE('',*,*,#4847,.T.);
#3548=ORIENTED_EDGE('',*,*,#4844,.T.);
#3549=ORIENTED_EDGE('',*,*,#4393,.F.);
#3550=ORIENTED_EDGE('',*,*,#4848,.F.);
#3551=ORIENTED_EDGE('',*,*,#4849,.T.);
#3552=ORIENTED_EDGE('',*,*,#4846,.T.);
#3553=ORIENTED_EDGE('',*,*,#4392,.F.);
#3554=ORIENTED_EDGE('',*,*,#4850,.F.);
#3555=ORIENTED_EDGE('',*,*,#4851,.T.);
#3556=ORIENTED_EDGE('',*,*,#4848,.T.);
#3557=ORIENTED_EDGE('',*,*,#4391,.F.);
#3558=ORIENTED_EDGE('',*,*,#4821,.F.);
#3559=ORIENTED_EDGE('',*,*,#4852,.T.);
#3560=ORIENTED_EDGE('',*,*,#4850,.T.);
#3561=ORIENTED_EDGE('',*,*,#4820,.F.);
#3562=ORIENTED_EDGE('',*,*,#4823,.F.);
#3563=ORIENTED_EDGE('',*,*,#4825,.F.);
#3564=ORIENTED_EDGE('',*,*,#4827,.F.);
#3565=ORIENTED_EDGE('',*,*,#4829,.F.);
#3566=ORIENTED_EDGE('',*,*,#4831,.F.);
#3567=ORIENTED_EDGE('',*,*,#4833,.F.);
#3568=ORIENTED_EDGE('',*,*,#4835,.F.);
#3569=ORIENTED_EDGE('',*,*,#4837,.F.);
#3570=ORIENTED_EDGE('',*,*,#4839,.F.);
#3571=ORIENTED_EDGE('',*,*,#4841,.F.);
#3572=ORIENTED_EDGE('',*,*,#4843,.F.);
#3573=ORIENTED_EDGE('',*,*,#4845,.F.);
#3574=ORIENTED_EDGE('',*,*,#4847,.F.);
#3575=ORIENTED_EDGE('',*,*,#4849,.F.);
#3576=ORIENTED_EDGE('',*,*,#4851,.F.);
#3577=ORIENTED_EDGE('',*,*,#4852,.F.);
#3578=ORIENTED_EDGE('',*,*,#4853,.F.);
#3579=ORIENTED_EDGE('',*,*,#4854,.F.);
#3580=ORIENTED_EDGE('',*,*,#4855,.T.);
#3581=ORIENTED_EDGE('',*,*,#4856,.T.);
#3582=ORIENTED_EDGE('',*,*,#4857,.F.);
#3583=ORIENTED_EDGE('',*,*,#4858,.F.);
#3584=ORIENTED_EDGE('',*,*,#4859,.T.);
#3585=ORIENTED_EDGE('',*,*,#4854,.T.);
#3586=ORIENTED_EDGE('',*,*,#4860,.F.);
#3587=ORIENTED_EDGE('',*,*,#4861,.F.);
#3588=ORIENTED_EDGE('',*,*,#4862,.T.);
#3589=ORIENTED_EDGE('',*,*,#4858,.T.);
#3590=ORIENTED_EDGE('',*,*,#4863,.F.);
#3591=ORIENTED_EDGE('',*,*,#4864,.F.);
#3592=ORIENTED_EDGE('',*,*,#4865,.T.);
#3593=ORIENTED_EDGE('',*,*,#4861,.T.);
#3594=ORIENTED_EDGE('',*,*,#4866,.F.);
#3595=ORIENTED_EDGE('',*,*,#4867,.F.);
#3596=ORIENTED_EDGE('',*,*,#4868,.T.);
#3597=ORIENTED_EDGE('',*,*,#4864,.T.);
#3598=ORIENTED_EDGE('',*,*,#4869,.F.);
#3599=ORIENTED_EDGE('',*,*,#4870,.F.);
#3600=ORIENTED_EDGE('',*,*,#4871,.T.);
#3601=ORIENTED_EDGE('',*,*,#4867,.T.);
#3602=ORIENTED_EDGE('',*,*,#4872,.F.);
#3603=ORIENTED_EDGE('',*,*,#4873,.F.);
#3604=ORIENTED_EDGE('',*,*,#4874,.T.);
#3605=ORIENTED_EDGE('',*,*,#4870,.T.);
#3606=ORIENTED_EDGE('',*,*,#4318,.F.);
#3607=ORIENTED_EDGE('',*,*,#4875,.F.);
#3608=ORIENTED_EDGE('',*,*,#4876,.T.);
#3609=ORIENTED_EDGE('',*,*,#4877,.T.);
#3610=ORIENTED_EDGE('',*,*,#4317,.F.);
#3611=ORIENTED_EDGE('',*,*,#4878,.F.);
#3612=ORIENTED_EDGE('',*,*,#4879,.T.);
#3613=ORIENTED_EDGE('',*,*,#4875,.T.);
#3614=ORIENTED_EDGE('',*,*,#4335,.F.);
#3615=ORIENTED_EDGE('',*,*,#4880,.F.);
#3616=ORIENTED_EDGE('',*,*,#4881,.T.);
#3617=ORIENTED_EDGE('',*,*,#4878,.T.);
#3618=ORIENTED_EDGE('',*,*,#4334,.F.);
#3619=ORIENTED_EDGE('',*,*,#4882,.F.);
#3620=ORIENTED_EDGE('',*,*,#4883,.T.);
#3621=ORIENTED_EDGE('',*,*,#4880,.T.);
#3622=ORIENTED_EDGE('',*,*,#4333,.F.);
#3623=ORIENTED_EDGE('',*,*,#4884,.F.);
#3624=ORIENTED_EDGE('',*,*,#4885,.T.);
#3625=ORIENTED_EDGE('',*,*,#4882,.T.);
#3626=ORIENTED_EDGE('',*,*,#4332,.F.);
#3627=ORIENTED_EDGE('',*,*,#4886,.F.);
#3628=ORIENTED_EDGE('',*,*,#4887,.T.);
#3629=ORIENTED_EDGE('',*,*,#4884,.T.);
#3630=ORIENTED_EDGE('',*,*,#4331,.F.);
#3631=ORIENTED_EDGE('',*,*,#4888,.F.);
#3632=ORIENTED_EDGE('',*,*,#4889,.T.);
#3633=ORIENTED_EDGE('',*,*,#4886,.T.);
#3634=ORIENTED_EDGE('',*,*,#4330,.F.);
#3635=ORIENTED_EDGE('',*,*,#4890,.F.);
#3636=ORIENTED_EDGE('',*,*,#4891,.T.);
#3637=ORIENTED_EDGE('',*,*,#4888,.T.);
#3638=ORIENTED_EDGE('',*,*,#4329,.F.);
#3639=ORIENTED_EDGE('',*,*,#4892,.F.);
#3640=ORIENTED_EDGE('',*,*,#4893,.T.);
#3641=ORIENTED_EDGE('',*,*,#4890,.T.);
#3642=ORIENTED_EDGE('',*,*,#4328,.F.);
#3643=ORIENTED_EDGE('',*,*,#4894,.F.);
#3644=ORIENTED_EDGE('',*,*,#4895,.T.);
#3645=ORIENTED_EDGE('',*,*,#4892,.T.);
#3646=ORIENTED_EDGE('',*,*,#4327,.F.);
#3647=ORIENTED_EDGE('',*,*,#4896,.F.);
#3648=ORIENTED_EDGE('',*,*,#4897,.T.);
#3649=ORIENTED_EDGE('',*,*,#4894,.T.);
#3650=ORIENTED_EDGE('',*,*,#4326,.F.);
#3651=ORIENTED_EDGE('',*,*,#4898,.F.);
#3652=ORIENTED_EDGE('',*,*,#4899,.T.);
#3653=ORIENTED_EDGE('',*,*,#4896,.T.);
#3654=ORIENTED_EDGE('',*,*,#4325,.F.);
#3655=ORIENTED_EDGE('',*,*,#4900,.F.);
#3656=ORIENTED_EDGE('',*,*,#4901,.T.);
#3657=ORIENTED_EDGE('',*,*,#4898,.T.);
#3658=ORIENTED_EDGE('',*,*,#4324,.F.);
#3659=ORIENTED_EDGE('',*,*,#4902,.F.);
#3660=ORIENTED_EDGE('',*,*,#4903,.T.);
#3661=ORIENTED_EDGE('',*,*,#4900,.T.);
#3662=ORIENTED_EDGE('',*,*,#4323,.F.);
#3663=ORIENTED_EDGE('',*,*,#4904,.F.);
#3664=ORIENTED_EDGE('',*,*,#4905,.T.);
#3665=ORIENTED_EDGE('',*,*,#4902,.T.);
#3666=ORIENTED_EDGE('',*,*,#4322,.F.);
#3667=ORIENTED_EDGE('',*,*,#4906,.F.);
#3668=ORIENTED_EDGE('',*,*,#4907,.T.);
#3669=ORIENTED_EDGE('',*,*,#4904,.T.);
#3670=ORIENTED_EDGE('',*,*,#4321,.F.);
#3671=ORIENTED_EDGE('',*,*,#4908,.F.);
#3672=ORIENTED_EDGE('',*,*,#4909,.T.);
#3673=ORIENTED_EDGE('',*,*,#4906,.T.);
#3674=ORIENTED_EDGE('',*,*,#4320,.F.);
#3675=ORIENTED_EDGE('',*,*,#4910,.F.);
#3676=ORIENTED_EDGE('',*,*,#4911,.T.);
#3677=ORIENTED_EDGE('',*,*,#4908,.T.);
#3678=ORIENTED_EDGE('',*,*,#4319,.F.);
#3679=ORIENTED_EDGE('',*,*,#4877,.F.);
#3680=ORIENTED_EDGE('',*,*,#4912,.T.);
#3681=ORIENTED_EDGE('',*,*,#4910,.T.);
#3682=ORIENTED_EDGE('',*,*,#4913,.F.);
#3683=ORIENTED_EDGE('',*,*,#4856,.F.);
#3684=ORIENTED_EDGE('',*,*,#4914,.T.);
#3685=ORIENTED_EDGE('',*,*,#4873,.T.);
#3686=ORIENTED_EDGE('',*,*,#4876,.F.);
#3687=ORIENTED_EDGE('',*,*,#4879,.F.);
#3688=ORIENTED_EDGE('',*,*,#4881,.F.);
#3689=ORIENTED_EDGE('',*,*,#4883,.F.);
#3690=ORIENTED_EDGE('',*,*,#4885,.F.);
#3691=ORIENTED_EDGE('',*,*,#4887,.F.);
#3692=ORIENTED_EDGE('',*,*,#4889,.F.);
#3693=ORIENTED_EDGE('',*,*,#4891,.F.);
#3694=ORIENTED_EDGE('',*,*,#4893,.F.);
#3695=ORIENTED_EDGE('',*,*,#4895,.F.);
#3696=ORIENTED_EDGE('',*,*,#4897,.F.);
#3697=ORIENTED_EDGE('',*,*,#4899,.F.);
#3698=ORIENTED_EDGE('',*,*,#4901,.F.);
#3699=ORIENTED_EDGE('',*,*,#4903,.F.);
#3700=ORIENTED_EDGE('',*,*,#4905,.F.);
#3701=ORIENTED_EDGE('',*,*,#4907,.F.);
#3702=ORIENTED_EDGE('',*,*,#4909,.F.);
#3703=ORIENTED_EDGE('',*,*,#4911,.F.);
#3704=ORIENTED_EDGE('',*,*,#4912,.F.);
#3705=ORIENTED_EDGE('',*,*,#4855,.F.);
#3706=ORIENTED_EDGE('',*,*,#4859,.F.);
#3707=ORIENTED_EDGE('',*,*,#4862,.F.);
#3708=ORIENTED_EDGE('',*,*,#4865,.F.);
#3709=ORIENTED_EDGE('',*,*,#4868,.F.);
#3710=ORIENTED_EDGE('',*,*,#4871,.F.);
#3711=ORIENTED_EDGE('',*,*,#4874,.F.);
#3712=ORIENTED_EDGE('',*,*,#4914,.F.);
#3713=ORIENTED_EDGE('',*,*,#4915,.F.);
#3714=ORIENTED_EDGE('',*,*,#4916,.F.);
#3715=ORIENTED_EDGE('',*,*,#4917,.T.);
#3716=ORIENTED_EDGE('',*,*,#4918,.T.);
#3717=ORIENTED_EDGE('',*,*,#4919,.F.);
#3718=ORIENTED_EDGE('',*,*,#4920,.F.);
#3719=ORIENTED_EDGE('',*,*,#4921,.T.);
#3720=ORIENTED_EDGE('',*,*,#4916,.T.);
#3721=ORIENTED_EDGE('',*,*,#4922,.F.);
#3722=ORIENTED_EDGE('',*,*,#4923,.F.);
#3723=ORIENTED_EDGE('',*,*,#4924,.T.);
#3724=ORIENTED_EDGE('',*,*,#4920,.T.);
#3725=ORIENTED_EDGE('',*,*,#4925,.F.);
#3726=ORIENTED_EDGE('',*,*,#4926,.F.);
#3727=ORIENTED_EDGE('',*,*,#4927,.T.);
#3728=ORIENTED_EDGE('',*,*,#4923,.T.);
#3729=ORIENTED_EDGE('',*,*,#4928,.F.);
#3730=ORIENTED_EDGE('',*,*,#4929,.F.);
#3731=ORIENTED_EDGE('',*,*,#4930,.T.);
#3732=ORIENTED_EDGE('',*,*,#4926,.T.);
#3733=ORIENTED_EDGE('',*,*,#4931,.F.);
#3734=ORIENTED_EDGE('',*,*,#4932,.F.);
#3735=ORIENTED_EDGE('',*,*,#4933,.T.);
#3736=ORIENTED_EDGE('',*,*,#4929,.T.);
#3737=ORIENTED_EDGE('',*,*,#4934,.F.);
#3738=ORIENTED_EDGE('',*,*,#4935,.F.);
#3739=ORIENTED_EDGE('',*,*,#4936,.T.);
#3740=ORIENTED_EDGE('',*,*,#4932,.T.);
#3741=ORIENTED_EDGE('',*,*,#4407,.F.);
#3742=ORIENTED_EDGE('',*,*,#4937,.F.);
#3743=ORIENTED_EDGE('',*,*,#4938,.T.);
#3744=ORIENTED_EDGE('',*,*,#4939,.T.);
#3745=ORIENTED_EDGE('',*,*,#4406,.F.);
#3746=ORIENTED_EDGE('',*,*,#4940,.F.);
#3747=ORIENTED_EDGE('',*,*,#4941,.T.);
#3748=ORIENTED_EDGE('',*,*,#4937,.T.);
#3749=ORIENTED_EDGE('',*,*,#4420,.F.);
#3750=ORIENTED_EDGE('',*,*,#4942,.F.);
#3751=ORIENTED_EDGE('',*,*,#4943,.T.);
#3752=ORIENTED_EDGE('',*,*,#4940,.T.);
#3753=ORIENTED_EDGE('',*,*,#4419,.F.);
#3754=ORIENTED_EDGE('',*,*,#4944,.F.);
#3755=ORIENTED_EDGE('',*,*,#4945,.T.);
#3756=ORIENTED_EDGE('',*,*,#4942,.T.);
#3757=ORIENTED_EDGE('',*,*,#4418,.F.);
#3758=ORIENTED_EDGE('',*,*,#4946,.F.);
#3759=ORIENTED_EDGE('',*,*,#4947,.T.);
#3760=ORIENTED_EDGE('',*,*,#4944,.T.);
#3761=ORIENTED_EDGE('',*,*,#4417,.F.);
#3762=ORIENTED_EDGE('',*,*,#4948,.F.);
#3763=ORIENTED_EDGE('',*,*,#4949,.T.);
#3764=ORIENTED_EDGE('',*,*,#4946,.T.);
#3765=ORIENTED_EDGE('',*,*,#4416,.F.);
#3766=ORIENTED_EDGE('',*,*,#4950,.F.);
#3767=ORIENTED_EDGE('',*,*,#4951,.T.);
#3768=ORIENTED_EDGE('',*,*,#4948,.T.);
#3769=ORIENTED_EDGE('',*,*,#4415,.F.);
#3770=ORIENTED_EDGE('',*,*,#4952,.F.);
#3771=ORIENTED_EDGE('',*,*,#4953,.T.);
#3772=ORIENTED_EDGE('',*,*,#4950,.T.);
#3773=ORIENTED_EDGE('',*,*,#4414,.F.);
#3774=ORIENTED_EDGE('',*,*,#4954,.F.);
#3775=ORIENTED_EDGE('',*,*,#4955,.T.);
#3776=ORIENTED_EDGE('',*,*,#4952,.T.);
#3777=ORIENTED_EDGE('',*,*,#4413,.F.);
#3778=ORIENTED_EDGE('',*,*,#4956,.F.);
#3779=ORIENTED_EDGE('',*,*,#4957,.T.);
#3780=ORIENTED_EDGE('',*,*,#4954,.T.);
#3781=ORIENTED_EDGE('',*,*,#4412,.F.);
#3782=ORIENTED_EDGE('',*,*,#4958,.F.);
#3783=ORIENTED_EDGE('',*,*,#4959,.T.);
#3784=ORIENTED_EDGE('',*,*,#4956,.T.);
#3785=ORIENTED_EDGE('',*,*,#4411,.F.);
#3786=ORIENTED_EDGE('',*,*,#4960,.F.);
#3787=ORIENTED_EDGE('',*,*,#4961,.T.);
#3788=ORIENTED_EDGE('',*,*,#4958,.T.);
#3789=ORIENTED_EDGE('',*,*,#4410,.F.);
#3790=ORIENTED_EDGE('',*,*,#4962,.F.);
#3791=ORIENTED_EDGE('',*,*,#4963,.T.);
#3792=ORIENTED_EDGE('',*,*,#4960,.T.);
#3793=ORIENTED_EDGE('',*,*,#4409,.F.);
#3794=ORIENTED_EDGE('',*,*,#4964,.F.);
#3795=ORIENTED_EDGE('',*,*,#4965,.T.);
#3796=ORIENTED_EDGE('',*,*,#4962,.T.);
#3797=ORIENTED_EDGE('',*,*,#4408,.F.);
#3798=ORIENTED_EDGE('',*,*,#4939,.F.);
#3799=ORIENTED_EDGE('',*,*,#4966,.T.);
#3800=ORIENTED_EDGE('',*,*,#4964,.T.);
#3801=ORIENTED_EDGE('',*,*,#4967,.F.);
#3802=ORIENTED_EDGE('',*,*,#4918,.F.);
#3803=ORIENTED_EDGE('',*,*,#4968,.T.);
#3804=ORIENTED_EDGE('',*,*,#4935,.T.);
#3805=ORIENTED_EDGE('',*,*,#4938,.F.);
#3806=ORIENTED_EDGE('',*,*,#4941,.F.);
#3807=ORIENTED_EDGE('',*,*,#4943,.F.);
#3808=ORIENTED_EDGE('',*,*,#4945,.F.);
#3809=ORIENTED_EDGE('',*,*,#4947,.F.);
#3810=ORIENTED_EDGE('',*,*,#4949,.F.);
#3811=ORIENTED_EDGE('',*,*,#4951,.F.);
#3812=ORIENTED_EDGE('',*,*,#4953,.F.);
#3813=ORIENTED_EDGE('',*,*,#4955,.F.);
#3814=ORIENTED_EDGE('',*,*,#4957,.F.);
#3815=ORIENTED_EDGE('',*,*,#4959,.F.);
#3816=ORIENTED_EDGE('',*,*,#4961,.F.);
#3817=ORIENTED_EDGE('',*,*,#4963,.F.);
#3818=ORIENTED_EDGE('',*,*,#4965,.F.);
#3819=ORIENTED_EDGE('',*,*,#4966,.F.);
#3820=ORIENTED_EDGE('',*,*,#4917,.F.);
#3821=ORIENTED_EDGE('',*,*,#4921,.F.);
#3822=ORIENTED_EDGE('',*,*,#4924,.F.);
#3823=ORIENTED_EDGE('',*,*,#4927,.F.);
#3824=ORIENTED_EDGE('',*,*,#4930,.F.);
#3825=ORIENTED_EDGE('',*,*,#4933,.F.);
#3826=ORIENTED_EDGE('',*,*,#4936,.F.);
#3827=ORIENTED_EDGE('',*,*,#4968,.F.);
#3828=ORIENTED_EDGE('',*,*,#4422,.F.);
#3829=ORIENTED_EDGE('',*,*,#4969,.F.);
#3830=ORIENTED_EDGE('',*,*,#4970,.T.);
#3831=ORIENTED_EDGE('',*,*,#4971,.T.);
#3832=ORIENTED_EDGE('',*,*,#4421,.F.);
#3833=ORIENTED_EDGE('',*,*,#4972,.F.);
#3834=ORIENTED_EDGE('',*,*,#4973,.T.);
#3835=ORIENTED_EDGE('',*,*,#4969,.T.);
#3836=ORIENTED_EDGE('',*,*,#4432,.F.);
#3837=ORIENTED_EDGE('',*,*,#4974,.F.);
#3838=ORIENTED_EDGE('',*,*,#4975,.T.);
#3839=ORIENTED_EDGE('',*,*,#4972,.T.);
#3840=ORIENTED_EDGE('',*,*,#4431,.F.);
#3841=ORIENTED_EDGE('',*,*,#4976,.F.);
#3842=ORIENTED_EDGE('',*,*,#4977,.T.);
#3843=ORIENTED_EDGE('',*,*,#4974,.T.);
#3844=ORIENTED_EDGE('',*,*,#4430,.F.);
#3845=ORIENTED_EDGE('',*,*,#4978,.F.);
#3846=ORIENTED_EDGE('',*,*,#4979,.T.);
#3847=ORIENTED_EDGE('',*,*,#4976,.T.);
#3848=ORIENTED_EDGE('',*,*,#4429,.F.);
#3849=ORIENTED_EDGE('',*,*,#4980,.F.);
#3850=ORIENTED_EDGE('',*,*,#4981,.T.);
#3851=ORIENTED_EDGE('',*,*,#4978,.T.);
#3852=ORIENTED_EDGE('',*,*,#4428,.F.);
#3853=ORIENTED_EDGE('',*,*,#4982,.F.);
#3854=ORIENTED_EDGE('',*,*,#4983,.T.);
#3855=ORIENTED_EDGE('',*,*,#4980,.T.);
#3856=ORIENTED_EDGE('',*,*,#4427,.F.);
#3857=ORIENTED_EDGE('',*,*,#4984,.F.);
#3858=ORIENTED_EDGE('',*,*,#4985,.T.);
#3859=ORIENTED_EDGE('',*,*,#4982,.T.);
#3860=ORIENTED_EDGE('',*,*,#4426,.F.);
#3861=ORIENTED_EDGE('',*,*,#4986,.F.);
#3862=ORIENTED_EDGE('',*,*,#4987,.T.);
#3863=ORIENTED_EDGE('',*,*,#4984,.T.);
#3864=ORIENTED_EDGE('',*,*,#4425,.F.);
#3865=ORIENTED_EDGE('',*,*,#4988,.F.);
#3866=ORIENTED_EDGE('',*,*,#4989,.T.);
#3867=ORIENTED_EDGE('',*,*,#4986,.T.);
#3868=ORIENTED_EDGE('',*,*,#4424,.F.);
#3869=ORIENTED_EDGE('',*,*,#4990,.F.);
#3870=ORIENTED_EDGE('',*,*,#4991,.T.);
#3871=ORIENTED_EDGE('',*,*,#4988,.T.);
#3872=ORIENTED_EDGE('',*,*,#4423,.F.);
#3873=ORIENTED_EDGE('',*,*,#4971,.F.);
#3874=ORIENTED_EDGE('',*,*,#4992,.T.);
#3875=ORIENTED_EDGE('',*,*,#4990,.T.);
#3876=ORIENTED_EDGE('',*,*,#4970,.F.);
#3877=ORIENTED_EDGE('',*,*,#4973,.F.);
#3878=ORIENTED_EDGE('',*,*,#4975,.F.);
#3879=ORIENTED_EDGE('',*,*,#4977,.F.);
#3880=ORIENTED_EDGE('',*,*,#4979,.F.);
#3881=ORIENTED_EDGE('',*,*,#4981,.F.);
#3882=ORIENTED_EDGE('',*,*,#4983,.F.);
#3883=ORIENTED_EDGE('',*,*,#4985,.F.);
#3884=ORIENTED_EDGE('',*,*,#4987,.F.);
#3885=ORIENTED_EDGE('',*,*,#4989,.F.);
#3886=ORIENTED_EDGE('',*,*,#4991,.F.);
#3887=ORIENTED_EDGE('',*,*,#4992,.F.);
#3888=ORIENTED_EDGE('',*,*,#4857,.T.);
#3889=ORIENTED_EDGE('',*,*,#4853,.T.);
#3890=ORIENTED_EDGE('',*,*,#4913,.T.);
#3891=ORIENTED_EDGE('',*,*,#4872,.T.);
#3892=ORIENTED_EDGE('',*,*,#4869,.T.);
#3893=ORIENTED_EDGE('',*,*,#4866,.T.);
#3894=ORIENTED_EDGE('',*,*,#4863,.T.);
#3895=ORIENTED_EDGE('',*,*,#4860,.T.);
#3896=ORIENTED_EDGE('',*,*,#4919,.T.);
#3897=ORIENTED_EDGE('',*,*,#4915,.T.);
#3898=ORIENTED_EDGE('',*,*,#4967,.T.);
#3899=ORIENTED_EDGE('',*,*,#4934,.T.);
#3900=ORIENTED_EDGE('',*,*,#4931,.T.);
#3901=ORIENTED_EDGE('',*,*,#4928,.T.);
#3902=ORIENTED_EDGE('',*,*,#4925,.T.);
#3903=ORIENTED_EDGE('',*,*,#4922,.T.);
#3904=ORIENTED_EDGE('',*,*,#4716,.F.);
#3905=ORIENTED_EDGE('',*,*,#4993,.F.);
#3906=ORIENTED_EDGE('',*,*,#4994,.T.);
#3907=ORIENTED_EDGE('',*,*,#4995,.T.);
#3908=ORIENTED_EDGE('',*,*,#4719,.T.);
#3909=ORIENTED_EDGE('',*,*,#4996,.F.);
#3910=ORIENTED_EDGE('',*,*,#4997,.F.);
#3911=ORIENTED_EDGE('',*,*,#4993,.T.);
#3912=ORIENTED_EDGE('',*,*,#4718,.T.);
#3913=ORIENTED_EDGE('',*,*,#4998,.F.);
#3914=ORIENTED_EDGE('',*,*,#4999,.F.);
#3915=ORIENTED_EDGE('',*,*,#4996,.T.);
#3916=ORIENTED_EDGE('',*,*,#4717,.F.);
#3917=ORIENTED_EDGE('',*,*,#4995,.F.);
#3918=ORIENTED_EDGE('',*,*,#5000,.T.);
#3919=ORIENTED_EDGE('',*,*,#4998,.T.);
#3920=ORIENTED_EDGE('',*,*,#4994,.F.);
#3921=ORIENTED_EDGE('',*,*,#4997,.T.);
#3922=ORIENTED_EDGE('',*,*,#4999,.T.);
#3923=ORIENTED_EDGE('',*,*,#5000,.F.);
#3924=EDGE_CURVE('',#5001,#5001,#5839,.T.);
#3925=EDGE_CURVE('',#5002,#5002,#5840,.T.);
#3926=EDGE_CURVE('',#5003,#5003,#5841,.T.);
#3927=EDGE_CURVE('',#5004,#5004,#5842,.T.);
#3928=EDGE_CURVE('',#5005,#5005,#5843,.T.);
#3929=EDGE_CURVE('',#5006,#5006,#5844,.T.);
#3930=EDGE_CURVE('',#5007,#5007,#5845,.T.);
#3931=EDGE_CURVE('',#5008,#5008,#5846,.T.);
#3932=EDGE_CURVE('',#5009,#5009,#5847,.T.);
#3933=EDGE_CURVE('',#5010,#5010,#5848,.T.);
#3934=EDGE_CURVE('',#5011,#5011,#5849,.T.);
#3935=EDGE_CURVE('',#5012,#5012,#5850,.T.);
#3936=EDGE_CURVE('',#5013,#5013,#5851,.T.);
#3937=EDGE_CURVE('',#5014,#5014,#5852,.T.);
#3938=EDGE_CURVE('',#5015,#5015,#5853,.T.);
#3939=EDGE_CURVE('',#5016,#5016,#5854,.T.);
#3940=EDGE_CURVE('',#5017,#5017,#5855,.T.);
#3941=EDGE_CURVE('',#5018,#5018,#5856,.T.);
#3942=EDGE_CURVE('',#5019,#5019,#5857,.T.);
#3943=EDGE_CURVE('',#5020,#5020,#5858,.T.);
#3944=EDGE_CURVE('',#5021,#5021,#5859,.T.);
#3945=EDGE_CURVE('',#5022,#5022,#5860,.T.);
#3946=EDGE_CURVE('',#5023,#5023,#5861,.T.);
#3947=EDGE_CURVE('',#5024,#5024,#5862,.T.);
#3948=EDGE_CURVE('',#5025,#5025,#5863,.T.);
#3949=EDGE_CURVE('',#5026,#5026,#5864,.T.);
#3950=EDGE_CURVE('',#5027,#5027,#5865,.T.);
#3951=EDGE_CURVE('',#5028,#5028,#5866,.T.);
#3952=EDGE_CURVE('',#5029,#5029,#5867,.T.);
#3953=EDGE_CURVE('',#5030,#5030,#5868,.T.);
#3954=EDGE_CURVE('',#5031,#5031,#5869,.T.);
#3955=EDGE_CURVE('',#5032,#5032,#5870,.T.);
#3956=EDGE_CURVE('',#5033,#5033,#5871,.T.);
#3957=EDGE_CURVE('',#5034,#5034,#5872,.T.);
#3958=EDGE_CURVE('',#5035,#5035,#5873,.T.);
#3959=EDGE_CURVE('',#5036,#5036,#5874,.T.);
#3960=EDGE_CURVE('',#5037,#5037,#5875,.T.);
#3961=EDGE_CURVE('',#5038,#5038,#5876,.T.);
#3962=EDGE_CURVE('',#5039,#5039,#5877,.T.);
#3963=EDGE_CURVE('',#5040,#5040,#5878,.T.);
#3964=EDGE_CURVE('',#5041,#5041,#5879,.T.);
#3965=EDGE_CURVE('',#5042,#5042,#5880,.T.);
#3966=EDGE_CURVE('',#5043,#5043,#5881,.T.);
#3967=EDGE_CURVE('',#5044,#5044,#5882,.T.);
#3968=EDGE_CURVE('',#5045,#5045,#5883,.T.);
#3969=EDGE_CURVE('',#5046,#5046,#5884,.T.);
#3970=EDGE_CURVE('',#5047,#5047,#5885,.T.);
#3971=EDGE_CURVE('',#5048,#5048,#5886,.T.);
#3972=EDGE_CURVE('',#5049,#5049,#5887,.T.);
#3973=EDGE_CURVE('',#5050,#5050,#5888,.T.);
#3974=EDGE_CURVE('',#5051,#5051,#5889,.T.);
#3975=EDGE_CURVE('',#5052,#5052,#5890,.T.);
#3976=EDGE_CURVE('',#5053,#5053,#5891,.T.);
#3977=EDGE_CURVE('',#5054,#5054,#5892,.T.);
#3978=EDGE_CURVE('',#5055,#5055,#5893,.T.);
#3979=EDGE_CURVE('',#5056,#5056,#5894,.T.);
#3980=EDGE_CURVE('',#5057,#5057,#5895,.T.);
#3981=EDGE_CURVE('',#5058,#5058,#5896,.T.);
#3982=EDGE_CURVE('',#5059,#5059,#5897,.T.);
#3983=EDGE_CURVE('',#5060,#5060,#5898,.T.);
#3984=EDGE_CURVE('',#5061,#5061,#5899,.T.);
#3985=EDGE_CURVE('',#5062,#5062,#5900,.T.);
#3986=EDGE_CURVE('',#5063,#5063,#5901,.T.);
#3987=EDGE_CURVE('',#5064,#5064,#5902,.T.);
#3988=EDGE_CURVE('',#5065,#5065,#5903,.T.);
#3989=EDGE_CURVE('',#5066,#5066,#5904,.T.);
#3990=EDGE_CURVE('',#5067,#5067,#5905,.T.);
#3991=EDGE_CURVE('',#5068,#5068,#5906,.T.);
#3992=EDGE_CURVE('',#5069,#5069,#5907,.T.);
#3993=EDGE_CURVE('',#5070,#5070,#5908,.T.);
#3994=EDGE_CURVE('',#5071,#5071,#5909,.T.);
#3995=EDGE_CURVE('',#5072,#5072,#5910,.T.);
#3996=EDGE_CURVE('',#5073,#5073,#5911,.T.);
#3997=EDGE_CURVE('',#5074,#5074,#5912,.T.);
#3998=EDGE_CURVE('',#5075,#5075,#5913,.T.);
#3999=EDGE_CURVE('',#5076,#5076,#5914,.T.);
#4000=EDGE_CURVE('',#5077,#5077,#5915,.T.);
#4001=EDGE_CURVE('',#5078,#5078,#5916,.T.);
#4002=EDGE_CURVE('',#5079,#5079,#5917,.T.);
#4003=EDGE_CURVE('',#5080,#5080,#5918,.T.);
#4004=EDGE_CURVE('',#5081,#5081,#5919,.T.);
#4005=EDGE_CURVE('',#5082,#5082,#5920,.T.);
#4006=EDGE_CURVE('',#5083,#5083,#5921,.T.);
#4007=EDGE_CURVE('',#5084,#5084,#5922,.T.);
#4008=EDGE_CURVE('',#5085,#5085,#5923,.T.);
#4009=EDGE_CURVE('',#5086,#5086,#5924,.T.);
#4010=EDGE_CURVE('',#5087,#5087,#5925,.T.);
#4011=EDGE_CURVE('',#5088,#5088,#5926,.T.);
#4012=EDGE_CURVE('',#5089,#5089,#5927,.T.);
#4013=EDGE_CURVE('',#5090,#5090,#5928,.T.);
#4014=EDGE_CURVE('',#5091,#5091,#5929,.T.);
#4015=EDGE_CURVE('',#5092,#5092,#5930,.T.);
#4016=EDGE_CURVE('',#5093,#5093,#5931,.T.);
#4017=EDGE_CURVE('',#5094,#5094,#5932,.T.);
#4018=EDGE_CURVE('',#5095,#5095,#5933,.T.);
#4019=EDGE_CURVE('',#5096,#5096,#5934,.T.);
#4020=EDGE_CURVE('',#5097,#5097,#5935,.T.);
#4021=EDGE_CURVE('',#5098,#5098,#5936,.T.);
#4022=EDGE_CURVE('',#5099,#5099,#5937,.T.);
#4023=EDGE_CURVE('',#5100,#5100,#5938,.T.);
#4024=EDGE_CURVE('',#5101,#5101,#5939,.T.);
#4025=EDGE_CURVE('',#5102,#5102,#5940,.T.);
#4026=EDGE_CURVE('',#5103,#5103,#5941,.T.);
#4027=EDGE_CURVE('',#5104,#5104,#5942,.T.);
#4028=EDGE_CURVE('',#5105,#5105,#5943,.T.);
#4029=EDGE_CURVE('',#5106,#5106,#5944,.T.);
#4030=EDGE_CURVE('',#5107,#5107,#5945,.T.);
#4031=EDGE_CURVE('',#5108,#5108,#5946,.T.);
#4032=EDGE_CURVE('',#5109,#5109,#5947,.T.);
#4033=EDGE_CURVE('',#5110,#5110,#5948,.T.);
#4034=EDGE_CURVE('',#5111,#5111,#5949,.T.);
#4035=EDGE_CURVE('',#5112,#5112,#5950,.T.);
#4036=EDGE_CURVE('',#5113,#5113,#5951,.T.);
#4037=EDGE_CURVE('',#5114,#5114,#5952,.T.);
#4038=EDGE_CURVE('',#5115,#5115,#5953,.T.);
#4039=EDGE_CURVE('',#5116,#5116,#5954,.T.);
#4040=EDGE_CURVE('',#5117,#5117,#5955,.T.);
#4041=EDGE_CURVE('',#5118,#5118,#5956,.T.);
#4042=EDGE_CURVE('',#5119,#5119,#5957,.T.);
#4043=EDGE_CURVE('',#5120,#5120,#5958,.T.);
#4044=EDGE_CURVE('',#5121,#5121,#5959,.T.);
#4045=EDGE_CURVE('',#5122,#5122,#5960,.T.);
#4046=EDGE_CURVE('',#5123,#5123,#5961,.T.);
#4047=EDGE_CURVE('',#5124,#5124,#5962,.T.);
#4048=EDGE_CURVE('',#5125,#5125,#5963,.T.);
#4049=EDGE_CURVE('',#5126,#5126,#5964,.T.);
#4050=EDGE_CURVE('',#5127,#5127,#5965,.T.);
#4051=EDGE_CURVE('',#5128,#5128,#5966,.T.);
#4052=EDGE_CURVE('',#5129,#5129,#5967,.T.);
#4053=EDGE_CURVE('',#5130,#5130,#5968,.T.);
#4054=EDGE_CURVE('',#5131,#5131,#5969,.T.);
#4055=EDGE_CURVE('',#5132,#5132,#5970,.T.);
#4056=EDGE_CURVE('',#5133,#5133,#5971,.T.);
#4057=EDGE_CURVE('',#5134,#5134,#5972,.T.);
#4058=EDGE_CURVE('',#5135,#5135,#5973,.T.);
#4059=EDGE_CURVE('',#5136,#5136,#5974,.T.);
#4060=EDGE_CURVE('',#5137,#5137,#5975,.T.);
#4061=EDGE_CURVE('',#5138,#5138,#5976,.T.);
#4062=EDGE_CURVE('',#5139,#5139,#5977,.T.);
#4063=EDGE_CURVE('',#5140,#5140,#5978,.T.);
#4064=EDGE_CURVE('',#5141,#5141,#5979,.T.);
#4065=EDGE_CURVE('',#5142,#5142,#5980,.T.);
#4066=EDGE_CURVE('',#5143,#5143,#5981,.T.);
#4067=EDGE_CURVE('',#5144,#5144,#5982,.T.);
#4068=EDGE_CURVE('',#5145,#5145,#5983,.T.);
#4069=EDGE_CURVE('',#5146,#5146,#5984,.T.);
#4070=EDGE_CURVE('',#5147,#5147,#5985,.T.);
#4071=EDGE_CURVE('',#5148,#5148,#5986,.T.);
#4072=EDGE_CURVE('',#5149,#5149,#5987,.T.);
#4073=EDGE_CURVE('',#5150,#5150,#5988,.T.);
#4074=EDGE_CURVE('',#5151,#5151,#5989,.T.);
#4075=EDGE_CURVE('',#5152,#5152,#5990,.T.);
#4076=EDGE_CURVE('',#5153,#5153,#5991,.T.);
#4077=EDGE_CURVE('',#5154,#5154,#5992,.T.);
#4078=EDGE_CURVE('',#5155,#5155,#5993,.T.);
#4079=EDGE_CURVE('',#5156,#5156,#5994,.T.);
#4080=EDGE_CURVE('',#5157,#5157,#5995,.T.);
#4081=EDGE_CURVE('',#5158,#5158,#5996,.T.);
#4082=EDGE_CURVE('',#5159,#5159,#5997,.T.);
#4083=EDGE_CURVE('',#5160,#5160,#5998,.T.);
#4084=EDGE_CURVE('',#5161,#5161,#5999,.T.);
#4085=EDGE_CURVE('',#5162,#5162,#6000,.T.);
#4086=EDGE_CURVE('',#5163,#5163,#6001,.T.);
#4087=EDGE_CURVE('',#5164,#5164,#6002,.T.);
#4088=EDGE_CURVE('',#5165,#5165,#6003,.T.);
#4089=EDGE_CURVE('',#5166,#5166,#6004,.T.);
#4090=EDGE_CURVE('',#5167,#5167,#6005,.T.);
#4091=EDGE_CURVE('',#5168,#5168,#6006,.T.);
#4092=EDGE_CURVE('',#5169,#5169,#6007,.T.);
#4093=EDGE_CURVE('',#5170,#5170,#6008,.T.);
#4094=EDGE_CURVE('',#5171,#5171,#6009,.T.);
#4095=EDGE_CURVE('',#5172,#5172,#6010,.T.);
#4096=EDGE_CURVE('',#5173,#5173,#6011,.T.);
#4097=EDGE_CURVE('',#5174,#5174,#6012,.T.);
#4098=EDGE_CURVE('',#5175,#5175,#6013,.T.);
#4099=EDGE_CURVE('',#5176,#5176,#6014,.T.);
#4100=EDGE_CURVE('',#5177,#5177,#6015,.T.);
#4101=EDGE_CURVE('',#5178,#5178,#6016,.T.);
#4102=EDGE_CURVE('',#5179,#5179,#6017,.T.);
#4103=EDGE_CURVE('',#5180,#5180,#6018,.T.);
#4104=EDGE_CURVE('',#5181,#5182,#187,.T.);
#4105=EDGE_CURVE('',#5183,#5181,#188,.T.);
#4106=EDGE_CURVE('',#5183,#5184,#189,.T.);
#4107=EDGE_CURVE('',#5184,#5182,#190,.T.);
#4108=EDGE_CURVE('',#5185,#5181,#191,.T.);
#4109=EDGE_CURVE('',#5186,#5185,#192,.T.);
#4110=EDGE_CURVE('',#5186,#5183,#193,.T.);
#4111=EDGE_CURVE('',#5187,#5185,#194,.T.);
#4112=EDGE_CURVE('',#5188,#5187,#195,.T.);
#4113=EDGE_CURVE('',#5188,#5186,#196,.T.);
#4114=EDGE_CURVE('',#5189,#5190,#197,.T.);
#4115=EDGE_CURVE('',#5191,#5189,#198,.T.);
#4116=EDGE_CURVE('',#5191,#5192,#199,.T.);
#4117=EDGE_CURVE('',#5192,#5190,#200,.T.);
#4118=EDGE_CURVE('',#5193,#5189,#201,.T.);
#4119=EDGE_CURVE('',#5194,#5193,#202,.T.);
#4120=EDGE_CURVE('',#5194,#5191,#203,.T.);
#4121=EDGE_CURVE('',#5193,#5195,#204,.T.);
#4122=EDGE_CURVE('',#5196,#5195,#205,.T.);
#4123=EDGE_CURVE('',#5194,#5196,#206,.T.);
#4124=EDGE_CURVE('',#5197,#5198,#207,.T.);
#4125=EDGE_CURVE('',#5199,#5197,#208,.T.);
#4126=EDGE_CURVE('',#5199,#5200,#209,.T.);
#4127=EDGE_CURVE('',#5200,#5198,#210,.T.);
#4128=EDGE_CURVE('',#5197,#5201,#211,.T.);
#4129=EDGE_CURVE('',#5202,#5201,#212,.T.);
#4130=EDGE_CURVE('',#5199,#5202,#213,.T.);
#4131=EDGE_CURVE('',#5203,#5201,#214,.T.);
#4132=EDGE_CURVE('',#5204,#5203,#215,.T.);
#4133=EDGE_CURVE('',#5204,#5202,#216,.T.);
#4134=EDGE_CURVE('',#5205,#5206,#217,.T.);
#4135=EDGE_CURVE('',#5207,#5205,#218,.T.);
#4136=EDGE_CURVE('',#5207,#5208,#219,.T.);
#4137=EDGE_CURVE('',#5208,#5206,#220,.T.);
#4138=EDGE_CURVE('',#5205,#5209,#221,.T.);
#4139=EDGE_CURVE('',#5210,#5209,#222,.T.);
#4140=EDGE_CURVE('',#5207,#5210,#223,.T.);
#4141=EDGE_CURVE('',#5211,#5209,#224,.T.);
#4142=EDGE_CURVE('',#5212,#5211,#225,.T.);
#4143=EDGE_CURVE('',#5212,#5210,#226,.T.);
#4144=EDGE_CURVE('',#5213,#5214,#227,.T.);
#4145=EDGE_CURVE('',#5215,#5213,#228,.T.);
#4146=EDGE_CURVE('',#5215,#5216,#229,.T.);
#4147=EDGE_CURVE('',#5216,#5214,#230,.T.);
#4148=EDGE_CURVE('',#5217,#5213,#231,.T.);
#4149=EDGE_CURVE('',#5218,#5217,#232,.T.);
#4150=EDGE_CURVE('',#5218,#5215,#233,.T.);
#4151=EDGE_CURVE('',#5219,#5220,#234,.T.);
#4152=EDGE_CURVE('',#5221,#5220,#235,.T.);
#4153=EDGE_CURVE('',#5222,#5221,#236,.T.);
#4154=EDGE_CURVE('',#5222,#5219,#237,.T.);
#4155=EDGE_CURVE('',#5223,#5220,#238,.T.);
#4156=EDGE_CURVE('',#5224,#5223,#239,.T.);
#4157=EDGE_CURVE('',#5224,#5221,#240,.T.);
#4158=EDGE_CURVE('',#5225,#5226,#241,.T.);
#4159=EDGE_CURVE('',#5227,#5225,#242,.T.);
#4160=EDGE_CURVE('',#5227,#5228,#243,.T.);
#4161=EDGE_CURVE('',#5228,#5226,#244,.T.);
#4162=EDGE_CURVE('',#5225,#5229,#245,.T.);
#4163=EDGE_CURVE('',#5230,#5229,#246,.T.);
#4164=EDGE_CURVE('',#5227,#5230,#247,.T.);
#4165=EDGE_CURVE('',#5231,#5229,#248,.T.);
#4166=EDGE_CURVE('',#5232,#5231,#249,.T.);
#4167=EDGE_CURVE('',#5232,#5230,#250,.T.);
#4168=EDGE_CURVE('',#5231,#5233,#251,.T.);
#4169=EDGE_CURVE('',#5234,#5233,#252,.T.);
#4170=EDGE_CURVE('',#5232,#5234,#253,.T.);
#4171=EDGE_CURVE('',#5233,#5235,#254,.T.);
#4172=EDGE_CURVE('',#5236,#5235,#255,.T.);
#4173=EDGE_CURVE('',#5234,#5236,#256,.T.);
#4174=EDGE_CURVE('',#5235,#5237,#257,.T.);
#4175=EDGE_CURVE('',#5238,#5237,#258,.T.);
#4176=EDGE_CURVE('',#5236,#5238,#259,.T.);
#4177=EDGE_CURVE('',#5239,#5237,#260,.T.);
#4178=EDGE_CURVE('',#5240,#5239,#261,.T.);
#4179=EDGE_CURVE('',#5240,#5238,#262,.T.);
#4180=EDGE_CURVE('',#5241,#5239,#263,.T.);
#4181=EDGE_CURVE('',#5242,#5241,#264,.T.);
#4182=EDGE_CURVE('',#5242,#5240,#265,.T.);
#4183=EDGE_CURVE('',#5243,#5241,#266,.T.);
#4184=EDGE_CURVE('',#5244,#5243,#267,.T.);
#4185=EDGE_CURVE('',#5244,#5242,#268,.T.);
#4186=EDGE_CURVE('',#5245,#5243,#269,.T.);
#4187=EDGE_CURVE('',#5246,#5245,#270,.T.);
#4188=EDGE_CURVE('',#5246,#5244,#271,.T.);
#4189=EDGE_CURVE('',#5247,#5245,#272,.T.);
#4190=EDGE_CURVE('',#5248,#5247,#273,.T.);
#4191=EDGE_CURVE('',#5248,#5246,#274,.T.);
#4192=EDGE_CURVE('',#5249,#5247,#275,.T.);
#4193=EDGE_CURVE('',#5250,#5249,#276,.T.);
#4194=EDGE_CURVE('',#5250,#5248,#277,.T.);
#4195=EDGE_CURVE('',#5251,#5249,#278,.T.);
#4196=EDGE_CURVE('',#5252,#5251,#279,.T.);
#4197=EDGE_CURVE('',#5252,#5250,#280,.T.);
#4198=EDGE_CURVE('',#5253,#5251,#281,.T.);
#4199=EDGE_CURVE('',#5254,#5253,#282,.T.);
#4200=EDGE_CURVE('',#5254,#5252,#283,.T.);
#4201=EDGE_CURVE('',#5255,#5253,#284,.T.);
#4202=EDGE_CURVE('',#5256,#5255,#285,.T.);
#4203=EDGE_CURVE('',#5256,#5254,#286,.T.);
#4204=EDGE_CURVE('',#5257,#5255,#287,.T.);
#4205=EDGE_CURVE('',#5258,#5257,#288,.T.);
#4206=EDGE_CURVE('',#5258,#5256,#289,.T.);
#4207=EDGE_CURVE('',#5259,#5257,#290,.T.);
#4208=EDGE_CURVE('',#5260,#5259,#291,.T.);
#4209=EDGE_CURVE('',#5260,#5258,#292,.T.);
#4210=EDGE_CURVE('',#5261,#5259,#293,.T.);
#4211=EDGE_CURVE('',#5262,#5261,#294,.T.);
#4212=EDGE_CURVE('',#5262,#5260,#295,.T.);
#4213=EDGE_CURVE('',#5263,#5261,#296,.T.);
#4214=EDGE_CURVE('',#5264,#5263,#297,.T.);
#4215=EDGE_CURVE('',#5264,#5262,#298,.T.);
#4216=EDGE_CURVE('',#5265,#5263,#299,.T.);
#4217=EDGE_CURVE('',#5266,#5265,#300,.T.);
#4218=EDGE_CURVE('',#5266,#5264,#301,.T.);
#4219=EDGE_CURVE('',#5267,#5265,#302,.T.);
#4220=EDGE_CURVE('',#5268,#5267,#303,.T.);
#4221=EDGE_CURVE('',#5268,#5266,#304,.T.);
#4222=EDGE_CURVE('',#5269,#5267,#305,.T.);
#4223=EDGE_CURVE('',#5270,#5269,#306,.T.);
#4224=EDGE_CURVE('',#5270,#5268,#307,.T.);
#4225=EDGE_CURVE('',#5271,#5269,#308,.T.);
#4226=EDGE_CURVE('',#5272,#5271,#309,.T.);
#4227=EDGE_CURVE('',#5272,#5270,#310,.T.);
#4228=EDGE_CURVE('',#5273,#5271,#311,.T.);
#4229=EDGE_CURVE('',#5274,#5273,#312,.T.);
#4230=EDGE_CURVE('',#5274,#5272,#313,.T.);
#4231=EDGE_CURVE('',#5275,#5273,#314,.T.);
#4232=EDGE_CURVE('',#5276,#5275,#315,.T.);
#4233=EDGE_CURVE('',#5276,#5274,#316,.T.);
#4234=EDGE_CURVE('',#5277,#5275,#317,.T.);
#4235=EDGE_CURVE('',#5278,#5277,#318,.T.);
#4236=EDGE_CURVE('',#5278,#5276,#319,.T.);
#4237=EDGE_CURVE('',#5279,#5277,#320,.T.);
#4238=EDGE_CURVE('',#5280,#5279,#321,.T.);
#4239=EDGE_CURVE('',#5280,#5278,#322,.T.);
#4240=EDGE_CURVE('',#5281,#5279,#323,.T.);
#4241=EDGE_CURVE('',#5282,#5281,#324,.T.);
#4242=EDGE_CURVE('',#5282,#5280,#325,.T.);
#4243=EDGE_CURVE('',#5283,#5281,#326,.T.);
#4244=EDGE_CURVE('',#5284,#5283,#327,.T.);
#4245=EDGE_CURVE('',#5284,#5282,#328,.T.);
#4246=EDGE_CURVE('',#5285,#5283,#329,.T.);
#4247=EDGE_CURVE('',#5286,#5285,#330,.T.);
#4248=EDGE_CURVE('',#5286,#5284,#331,.T.);
#4249=EDGE_CURVE('',#5287,#5285,#332,.T.);
#4250=EDGE_CURVE('',#5288,#5287,#333,.T.);
#4251=EDGE_CURVE('',#5288,#5286,#334,.T.);
#4252=EDGE_CURVE('',#5289,#5287,#335,.T.);
#4253=EDGE_CURVE('',#5290,#5289,#336,.T.);
#4254=EDGE_CURVE('',#5290,#5288,#337,.T.);
#4255=EDGE_CURVE('',#5291,#5289,#338,.T.);
#4256=EDGE_CURVE('',#5292,#5291,#339,.T.);
#4257=EDGE_CURVE('',#5292,#5290,#340,.T.);
#4258=EDGE_CURVE('',#5293,#5291,#341,.T.);
#4259=EDGE_CURVE('',#5294,#5293,#342,.T.);
#4260=EDGE_CURVE('',#5294,#5292,#343,.T.);
#4261=EDGE_CURVE('',#5295,#5293,#344,.T.);
#4262=EDGE_CURVE('',#5296,#5295,#345,.T.);
#4263=EDGE_CURVE('',#5296,#5294,#346,.T.);
#4264=EDGE_CURVE('',#5297,#5295,#347,.T.);
#4265=EDGE_CURVE('',#5298,#5297,#348,.T.);
#4266=EDGE_CURVE('',#5298,#5296,#349,.T.);
#4267=EDGE_CURVE('',#5299,#5297,#350,.T.);
#4268=EDGE_CURVE('',#5300,#5299,#351,.T.);
#4269=EDGE_CURVE('',#5300,#5298,#352,.T.);
#4270=EDGE_CURVE('',#5301,#5299,#353,.T.);
#4271=EDGE_CURVE('',#5302,#5301,#354,.T.);
#4272=EDGE_CURVE('',#5302,#5300,#355,.T.);
#4273=EDGE_CURVE('',#5303,#5301,#356,.T.);
#4274=EDGE_CURVE('',#5304,#5303,#357,.T.);
#4275=EDGE_CURVE('',#5304,#5302,#358,.T.);
#4276=EDGE_CURVE('',#5305,#5303,#359,.T.);
#4277=EDGE_CURVE('',#5306,#5305,#360,.T.);
#4278=EDGE_CURVE('',#5306,#5304,#361,.T.);
#4279=EDGE_CURVE('',#5307,#5305,#362,.T.);
#4280=EDGE_CURVE('',#5308,#5307,#363,.T.);
#4281=EDGE_CURVE('',#5308,#5306,#364,.T.);
#4282=EDGE_CURVE('',#5309,#5307,#365,.T.);
#4283=EDGE_CURVE('',#5310,#5309,#366,.T.);
#4284=EDGE_CURVE('',#5310,#5308,#367,.T.);
#4285=EDGE_CURVE('',#5309,#5311,#368,.T.);
#4286=EDGE_CURVE('',#5312,#5311,#369,.T.);
#4287=EDGE_CURVE('',#5310,#5312,#370,.T.);
#4288=EDGE_CURVE('',#5311,#5313,#371,.T.);
#4289=EDGE_CURVE('',#5314,#5313,#372,.T.);
#4290=EDGE_CURVE('',#5312,#5314,#373,.T.);
#4291=EDGE_CURVE('',#5313,#5315,#374,.T.);
#4292=EDGE_CURVE('',#5316,#5315,#375,.T.);
#4293=EDGE_CURVE('',#5314,#5316,#376,.T.);
#4294=EDGE_CURVE('',#5317,#5315,#377,.T.);
#4295=EDGE_CURVE('',#5318,#5317,#378,.T.);
#4296=EDGE_CURVE('',#5318,#5316,#379,.T.);
#4297=EDGE_CURVE('',#5319,#5317,#380,.T.);
#4298=EDGE_CURVE('',#5320,#5319,#381,.T.);
#4299=EDGE_CURVE('',#5320,#5318,#382,.T.);
#4300=EDGE_CURVE('',#5321,#5319,#383,.T.);
#4301=EDGE_CURVE('',#5322,#5321,#384,.T.);
#4302=EDGE_CURVE('',#5322,#5320,#385,.T.);
#4303=EDGE_CURVE('',#5190,#5195,#386,.T.);
#4304=EDGE_CURVE('',#5192,#5196,#387,.T.);
#4305=EDGE_CURVE('',#5203,#5198,#388,.T.);
#4306=EDGE_CURVE('',#5204,#5200,#389,.T.);
#4307=EDGE_CURVE('',#5211,#5206,#390,.T.);
#4308=EDGE_CURVE('',#5212,#5208,#391,.T.);
#4309=EDGE_CURVE('',#5214,#5217,#392,.T.);
#4310=EDGE_CURVE('',#5216,#5218,#393,.T.);
#4311=EDGE_CURVE('',#5219,#5223,#394,.T.);
#4312=EDGE_CURVE('',#5222,#5224,#395,.T.);
#4313=EDGE_CURVE('',#5226,#5321,#396,.T.);
#4314=EDGE_CURVE('',#5228,#5322,#397,.T.);
#4315=EDGE_CURVE('',#5187,#5182,#398,.T.);
#4316=EDGE_CURVE('',#5188,#5184,#399,.T.);
#4317=EDGE_CURVE('',#5323,#5324,#400,.T.);
#4318=EDGE_CURVE('',#5324,#5325,#401,.T.);
#4319=EDGE_CURVE('',#5325,#5326,#402,.T.);
#4320=EDGE_CURVE('',#5326,#5327,#69,.T.);
#4321=EDGE_CURVE('',#5327,#5328,#70,.T.);
#4322=EDGE_CURVE('',#5328,#5329,#71,.T.);
#4323=EDGE_CURVE('',#5329,#5330,#72,.T.);
#4324=EDGE_CURVE('',#5330,#5331,#73,.T.);
#4325=EDGE_CURVE('',#5331,#5332,#403,.T.);
#4326=EDGE_CURVE('',#5332,#5333,#404,.T.);
#4327=EDGE_CURVE('',#5333,#5334,#74,.T.);
#4328=EDGE_CURVE('',#5334,#5335,#75,.T.);
#4329=EDGE_CURVE('',#5335,#5336,#76,.T.);
#4330=EDGE_CURVE('',#5336,#5337,#405,.T.);
#4331=EDGE_CURVE('',#5337,#5338,#6019,.F.);
#4332=EDGE_CURVE('',#5338,#5339,#6020,.F.);
#4333=EDGE_CURVE('',#5339,#5340,#77,.T.);
#4334=EDGE_CURVE('',#5340,#5341,#78,.T.);
#4335=EDGE_CURVE('',#5341,#5323,#406,.T.);
#4336=EDGE_CURVE('',#5342,#5343,#407,.T.);
#4337=EDGE_CURVE('',#5342,#5344,#408,.T.);
#4338=EDGE_CURVE('',#5344,#5345,#409,.T.);
#4339=EDGE_CURVE('',#5345,#5343,#410,.T.);
#4340=EDGE_CURVE('',#5346,#5347,#79,.T.);
#4341=EDGE_CURVE('',#5347,#5348,#80,.T.);
#4342=EDGE_CURVE('',#5348,#5349,#81,.T.);
#4343=EDGE_CURVE('',#5349,#5350,#82,.T.);
#4344=EDGE_CURVE('',#5350,#5351,#83,.T.);
#4345=EDGE_CURVE('',#5351,#5352,#6021,.F.);
#4346=EDGE_CURVE('',#5352,#5353,#84,.T.);
#4347=EDGE_CURVE('',#5353,#5354,#411,.T.);
#4348=EDGE_CURVE('',#5354,#5355,#6022,.T.);
#4349=EDGE_CURVE('',#5355,#5356,#6023,.T.);
#4350=EDGE_CURVE('',#5356,#5357,#85,.T.);
#4351=EDGE_CURVE('',#5357,#5358,#86,.T.);
#4352=EDGE_CURVE('',#5358,#5359,#87,.T.);
#4353=EDGE_CURVE('',#5359,#5360,#88,.T.);
#4354=EDGE_CURVE('',#5360,#5346,#412,.T.);
#4355=EDGE_CURVE('',#5361,#5362,#413,.T.);
#4356=EDGE_CURVE('',#5362,#5363,#89,.T.);
#4357=EDGE_CURVE('',#5363,#5364,#414,.T.);
#4358=EDGE_CURVE('',#5364,#5365,#415,.T.);
#4359=EDGE_CURVE('',#5365,#5366,#416,.T.);
#4360=EDGE_CURVE('',#5366,#5367,#417,.T.);
#4361=EDGE_CURVE('',#5367,#5368,#418,.T.);
#4362=EDGE_CURVE('',#5368,#5369,#419,.T.);
#4363=EDGE_CURVE('',#5369,#5370,#420,.T.);
#4364=EDGE_CURVE('',#5370,#5371,#421,.T.);
#4365=EDGE_CURVE('',#5371,#5372,#422,.T.);
#4366=EDGE_CURVE('',#5372,#5373,#423,.T.);
#4367=EDGE_CURVE('',#5373,#5374,#424,.T.);
#4368=EDGE_CURVE('',#5374,#5375,#425,.T.);
#4369=EDGE_CURVE('',#5375,#5361,#90,.T.);
#4370=EDGE_CURVE('',#5376,#5377,#91,.T.);
#4371=EDGE_CURVE('',#5377,#5378,#92,.T.);
#4372=EDGE_CURVE('',#5378,#5379,#93,.T.);
#4373=EDGE_CURVE('',#5379,#5380,#94,.T.);
#4374=EDGE_CURVE('',#5380,#5381,#95,.T.);
#4375=EDGE_CURVE('',#5381,#5382,#6024,.F.);
#4376=EDGE_CURVE('',#5382,#5383,#96,.T.);
#4377=EDGE_CURVE('',#5383,#5384,#426,.T.);
#4378=EDGE_CURVE('',#5384,#5385,#6025,.T.);
#4379=EDGE_CURVE('',#5385,#5386,#6026,.T.);
#4380=EDGE_CURVE('',#5386,#5387,#97,.T.);
#4381=EDGE_CURVE('',#5387,#5388,#98,.T.);
#4382=EDGE_CURVE('',#5388,#5389,#99,.T.);
#4383=EDGE_CURVE('',#5389,#5390,#100,.T.);
#4384=EDGE_CURVE('',#5390,#5376,#427,.T.);
#4385=EDGE_CURVE('',#5391,#5392,#428,.T.);
#4386=EDGE_CURVE('',#5392,#5393,#429,.T.);
#4387=EDGE_CURVE('',#5393,#5394,#430,.T.);
#4388=EDGE_CURVE('',#5394,#5391,#431,.T.);
#4389=EDGE_CURVE('',#5395,#5396,#432,.T.);
#4390=EDGE_CURVE('',#5396,#5397,#433,.T.);
#4391=EDGE_CURVE('',#5397,#5398,#101,.T.);
#4392=EDGE_CURVE('',#5398,#5399,#102,.T.);
#4393=EDGE_CURVE('',#5399,#5400,#103,.T.);
#4394=EDGE_CURVE('',#5400,#5401,#104,.T.);
#4395=EDGE_CURVE('',#5401,#5402,#434,.T.);
#4396=EDGE_CURVE('',#5402,#5403,#435,.T.);
#4397=EDGE_CURVE('',#5403,#5404,#436,.T.);
#4398=EDGE_CURVE('',#5404,#5405,#437,.T.);
#4399=EDGE_CURVE('',#5405,#5406,#438,.T.);
#4400=EDGE_CURVE('',#5406,#5407,#439,.T.);
#4401=EDGE_CURVE('',#5407,#5408,#6027,.F.);
#4402=EDGE_CURVE('',#5408,#5409,#105,.T.);
#4403=EDGE_CURVE('',#5409,#5410,#106,.T.);
#4404=EDGE_CURVE('',#5410,#5411,#107,.T.);
#4405=EDGE_CURVE('',#5411,#5395,#440,.T.);
#4406=EDGE_CURVE('',#5412,#5413,#108,.T.);
#4407=EDGE_CURVE('',#5413,#5414,#109,.T.);
#4408=EDGE_CURVE('',#5414,#5415,#110,.T.);
#4409=EDGE_CURVE('',#5415,#5416,#111,.T.);
#4410=EDGE_CURVE('',#5416,#5417,#112,.T.);
#4411=EDGE_CURVE('',#5417,#5418,#113,.T.);
#4412=EDGE_CURVE('',#5418,#5419,#6028,.F.);
#4413=EDGE_CURVE('',#5419,#5420,#441,.T.);
#4414=EDGE_CURVE('',#5420,#5421,#442,.T.);
#4415=EDGE_CURVE('',#5421,#5422,#443,.T.);
#4416=EDGE_CURVE('',#5422,#5423,#444,.T.);
#4417=EDGE_CURVE('',#5423,#5424,#445,.T.);
#4418=EDGE_CURVE('',#5424,#5425,#446,.T.);
#4419=EDGE_CURVE('',#5425,#5426,#6029,.F.);
#4420=EDGE_CURVE('',#5426,#5412,#447,.T.);
#4421=EDGE_CURVE('',#5427,#5428,#448,.T.);
#4422=EDGE_CURVE('',#5428,#5429,#449,.T.);
#4423=EDGE_CURVE('',#5429,#5430,#450,.T.);
#4424=EDGE_CURVE('',#5430,#5431,#451,.T.);
#4425=EDGE_CURVE('',#5431,#5432,#452,.T.);
#4426=EDGE_CURVE('',#5432,#5433,#453,.T.);
#4427=EDGE_CURVE('',#5433,#5434,#454,.T.);
#4428=EDGE_CURVE('',#5434,#5435,#455,.T.);
#4429=EDGE_CURVE('',#5435,#5436,#456,.T.);
#4430=EDGE_CURVE('',#5436,#5437,#457,.T.);
#4431=EDGE_CURVE('',#5437,#5438,#458,.T.);
#4432=EDGE_CURVE('',#5438,#5427,#459,.T.);
#4433=EDGE_CURVE('',#5439,#5439,#6030,.T.);
#4434=EDGE_CURVE('',#5440,#5441,#6031,.F.);
#4435=EDGE_CURVE('',#5440,#5441,#6032,.T.);
#4436=EDGE_CURVE('',#5442,#5443,#6033,.F.);
#4437=EDGE_CURVE('',#5442,#5443,#6034,.T.);
#4438=EDGE_CURVE('',#5444,#5445,#6035,.F.);
#4439=EDGE_CURVE('',#5444,#5445,#6036,.T.);
#4440=EDGE_CURVE('',#5446,#5447,#6037,.F.);
#4441=EDGE_CURVE('',#5446,#5447,#6038,.T.);
#4442=EDGE_CURVE('',#5448,#5449,#6039,.F.);
#4443=EDGE_CURVE('',#5448,#5449,#6040,.T.);
#4444=EDGE_CURVE('',#5450,#5450,#6041,.T.);
#4445=EDGE_CURVE('',#5451,#5451,#6042,.T.);
#4446=EDGE_CURVE('',#5452,#5452,#6043,.T.);
#4447=EDGE_CURVE('',#5453,#5453,#6044,.T.);
#4448=EDGE_CURVE('',#5454,#5454,#6045,.T.);
#4449=EDGE_CURVE('',#5455,#5455,#6046,.T.);
#4450=EDGE_CURVE('',#5456,#5456,#6047,.T.);
#4451=EDGE_CURVE('',#5457,#5457,#6048,.T.);
#4452=EDGE_CURVE('',#5458,#5458,#6049,.T.);
#4453=EDGE_CURVE('',#5459,#5459,#6050,.T.);
#4454=EDGE_CURVE('',#5460,#5460,#6051,.T.);
#4455=EDGE_CURVE('',#5461,#5461,#6052,.T.);
#4456=EDGE_CURVE('',#5462,#5462,#6053,.T.);
#4457=EDGE_CURVE('',#5463,#5463,#6054,.T.);
#4458=EDGE_CURVE('',#5464,#5464,#6055,.T.);
#4459=EDGE_CURVE('',#5465,#5465,#6056,.T.);
#4460=EDGE_CURVE('',#5466,#5466,#6057,.T.);
#4461=EDGE_CURVE('',#5467,#5467,#6058,.T.);
#4462=EDGE_CURVE('',#5468,#5468,#6059,.T.);
#4463=EDGE_CURVE('',#5469,#5469,#6060,.T.);
#4464=EDGE_CURVE('',#5470,#5470,#6061,.T.);
#4465=EDGE_CURVE('',#5471,#5471,#6062,.T.);
#4466=EDGE_CURVE('',#5472,#5472,#6063,.T.);
#4467=EDGE_CURVE('',#5473,#5473,#6064,.T.);
#4468=EDGE_CURVE('',#5474,#5474,#6065,.T.);
#4469=EDGE_CURVE('',#5475,#5475,#6066,.T.);
#4470=EDGE_CURVE('',#5476,#5476,#6067,.T.);
#4471=EDGE_CURVE('',#5477,#5477,#6068,.T.);
#4472=EDGE_CURVE('',#5478,#5478,#6069,.T.);
#4473=EDGE_CURVE('',#5479,#5479,#6070,.T.);
#4474=EDGE_CURVE('',#5480,#5480,#6071,.T.);
#4475=EDGE_CURVE('',#5481,#5481,#6072,.T.);
#4476=EDGE_CURVE('',#5482,#5482,#6073,.T.);
#4477=EDGE_CURVE('',#5483,#5483,#6074,.T.);
#4478=EDGE_CURVE('',#5484,#5484,#6075,.T.);
#4479=EDGE_CURVE('',#5485,#5485,#6076,.T.);
#4480=EDGE_CURVE('',#5486,#5486,#6077,.T.);
#4481=EDGE_CURVE('',#5487,#5487,#6078,.T.);
#4482=EDGE_CURVE('',#5488,#5488,#6079,.T.);
#4483=EDGE_CURVE('',#5489,#5489,#6080,.T.);
#4484=EDGE_CURVE('',#5490,#5490,#6081,.T.);
#4485=EDGE_CURVE('',#5491,#5491,#6082,.T.);
#4486=EDGE_CURVE('',#5492,#5492,#6083,.T.);
#4487=EDGE_CURVE('',#5493,#5493,#6084,.T.);
#4488=EDGE_CURVE('',#5494,#5494,#6085,.T.);
#4489=EDGE_CURVE('',#5495,#5495,#6086,.T.);
#4490=EDGE_CURVE('',#5496,#5496,#6087,.T.);
#4491=EDGE_CURVE('',#5497,#5497,#6088,.T.);
#4492=EDGE_CURVE('',#5498,#5498,#6089,.T.);
#4493=EDGE_CURVE('',#5499,#5499,#6090,.T.);
#4494=EDGE_CURVE('',#5500,#5500,#6091,.T.);
#4495=EDGE_CURVE('',#5501,#5501,#6092,.T.);
#4496=EDGE_CURVE('',#5502,#5502,#6093,.T.);
#4497=EDGE_CURVE('',#5503,#5503,#6094,.T.);
#4498=EDGE_CURVE('',#5504,#5504,#6095,.T.);
#4499=EDGE_CURVE('',#5505,#5505,#6096,.T.);
#4500=EDGE_CURVE('',#5506,#5506,#6097,.T.);
#4501=EDGE_CURVE('',#5507,#5507,#6098,.T.);
#4502=EDGE_CURVE('',#5508,#5508,#6099,.T.);
#4503=EDGE_CURVE('',#5509,#5509,#6100,.T.);
#4504=EDGE_CURVE('',#5510,#5510,#6101,.T.);
#4505=EDGE_CURVE('',#5511,#5511,#6102,.T.);
#4506=EDGE_CURVE('',#5512,#5512,#6103,.T.);
#4507=EDGE_CURVE('',#5513,#5513,#6104,.T.);
#4508=EDGE_CURVE('',#5514,#5514,#6105,.T.);
#4509=EDGE_CURVE('',#5515,#5515,#6106,.T.);
#4510=EDGE_CURVE('',#5516,#5516,#6107,.T.);
#4511=EDGE_CURVE('',#5517,#5517,#6108,.T.);
#4512=EDGE_CURVE('',#5518,#5518,#6109,.T.);
#4513=EDGE_CURVE('',#5519,#5519,#6110,.T.);
#4514=EDGE_CURVE('',#5520,#5520,#6111,.T.);
#4515=EDGE_CURVE('',#5521,#5521,#6112,.T.);
#4516=EDGE_CURVE('',#5522,#5522,#6113,.T.);
#4517=EDGE_CURVE('',#5523,#5523,#6114,.T.);
#4518=EDGE_CURVE('',#5524,#5524,#6115,.T.);
#4519=EDGE_CURVE('',#5525,#5525,#6116,.T.);
#4520=EDGE_CURVE('',#5526,#5526,#6117,.T.);
#4521=EDGE_CURVE('',#5527,#5527,#6118,.T.);
#4522=EDGE_CURVE('',#5528,#5528,#6119,.T.);
#4523=EDGE_CURVE('',#5529,#5529,#6120,.T.);
#4524=EDGE_CURVE('',#5530,#5530,#6121,.T.);
#4525=EDGE_CURVE('',#5531,#5531,#6122,.T.);
#4526=EDGE_CURVE('',#5532,#5532,#6123,.T.);
#4527=EDGE_CURVE('',#5533,#5533,#6124,.T.);
#4528=EDGE_CURVE('',#5534,#5534,#6125,.T.);
#4529=EDGE_CURVE('',#5535,#5535,#6126,.T.);
#4530=EDGE_CURVE('',#5536,#5536,#6127,.T.);
#4531=EDGE_CURVE('',#5537,#5537,#6128,.T.);
#4532=EDGE_CURVE('',#5342,#5538,#460,.T.);
#4533=EDGE_CURVE('',#5343,#5539,#461,.T.);
#4534=EDGE_CURVE('',#5540,#5539,#462,.T.);
#4535=EDGE_CURVE('',#5540,#5541,#463,.T.);
#4536=EDGE_CURVE('',#5538,#5541,#464,.T.);
#4537=EDGE_CURVE('',#5542,#5543,#6129,.T.);
#4538=EDGE_CURVE('',#5542,#5543,#6130,.T.);
#4539=EDGE_CURVE('',#5544,#5545,#6131,.T.);
#4540=EDGE_CURVE('',#5544,#5545,#6132,.T.);
#4541=EDGE_CURVE('',#5546,#5547,#6133,.T.);
#4542=EDGE_CURVE('',#5546,#5547,#6134,.T.);
#4543=EDGE_CURVE('',#5548,#5549,#6135,.T.);
#4544=EDGE_CURVE('',#5548,#5549,#6136,.T.);
#4545=EDGE_CURVE('',#5550,#5551,#6137,.T.);
#4546=EDGE_CURVE('',#5550,#5551,#6138,.T.);
#4547=EDGE_CURVE('',#5552,#5553,#6139,.T.);
#4548=EDGE_CURVE('',#5553,#5554,#6140,.T.);
#4549=EDGE_CURVE('',#5554,#5555,#6141,.T.);
#4550=EDGE_CURVE('',#5555,#5552,#6142,.T.);
#4551=EDGE_CURVE('',#5556,#5557,#6143,.T.);
#4552=EDGE_CURVE('',#5557,#5553,#465,.T.);
#4553=EDGE_CURVE('',#5552,#5556,#466,.F.);
#4554=EDGE_CURVE('',#5558,#5559,#6144,.T.);
#4555=EDGE_CURVE('',#5559,#5555,#467,.T.);
#4556=EDGE_CURVE('',#5554,#5558,#468,.F.);
#4557=EDGE_CURVE('',#5560,#5561,#6145,.T.);
#4558=EDGE_CURVE('',#5560,#5561,#6146,.T.);
#4559=EDGE_CURVE('',#5562,#5563,#6147,.T.);
#4560=EDGE_CURVE('',#5562,#5563,#6148,.T.);
#4561=EDGE_CURVE('',#5344,#5564,#469,.T.);
#4562=EDGE_CURVE('',#5564,#5565,#470,.T.);
#4563=EDGE_CURVE('',#5566,#5565,#471,.T.);
#4564=EDGE_CURVE('',#5566,#5567,#472,.T.);
#4565=EDGE_CURVE('',#5345,#5567,#473,.T.);
#4566=EDGE_CURVE('',#5568,#5569,#474,.T.);
#4567=EDGE_CURVE('',#5569,#5570,#475,.T.);
#4568=EDGE_CURVE('',#5571,#5570,#476,.T.);
#4569=EDGE_CURVE('',#5572,#5571,#477,.T.);
#4570=EDGE_CURVE('',#5573,#5572,#478,.T.);
#4571=EDGE_CURVE('',#5573,#5568,#479,.T.);
#4572=EDGE_CURVE('',#5574,#5575,#6149,.T.);
#4573=EDGE_CURVE('',#5574,#5575,#6150,.F.);
#4574=EDGE_CURVE('',#5576,#5577,#6151,.T.);
#4575=EDGE_CURVE('',#5576,#5577,#6152,.F.);
#4576=EDGE_CURVE('',#5578,#5579,#6153,.T.);
#4577=EDGE_CURVE('',#5578,#5579,#6154,.F.);
#4578=EDGE_CURVE('',#5580,#5581,#6155,.T.);
#4579=EDGE_CURVE('',#5580,#5581,#6156,.F.);
#4580=EDGE_CURVE('',#5582,#5583,#6157,.T.);
#4581=EDGE_CURVE('',#5582,#5583,#6158,.F.);
#4582=EDGE_CURVE('',#5584,#5584,#6159,.T.);
#4583=EDGE_CURVE('',#5585,#5585,#6160,.T.);
#4584=EDGE_CURVE('',#5586,#5586,#6161,.T.);
#4585=EDGE_CURVE('',#5587,#5587,#6162,.T.);
#4586=EDGE_CURVE('',#5588,#5588,#6163,.T.);
#4587=EDGE_CURVE('',#5589,#5589,#6164,.T.);
#4588=EDGE_CURVE('',#5590,#5590,#6165,.T.);
#4589=EDGE_CURVE('',#5591,#5591,#6166,.T.);
#4590=EDGE_CURVE('',#5592,#5592,#6167,.T.);
#4591=EDGE_CURVE('',#5593,#5593,#6168,.T.);
#4592=EDGE_CURVE('',#5594,#5594,#6169,.T.);
#4593=EDGE_CURVE('',#5595,#5595,#6170,.T.);
#4594=EDGE_CURVE('',#5596,#5596,#6171,.T.);
#4595=EDGE_CURVE('',#5597,#5597,#6172,.T.);
#4596=EDGE_CURVE('',#5598,#5598,#6173,.T.);
#4597=EDGE_CURVE('',#5599,#5599,#6174,.T.);
#4598=EDGE_CURVE('',#5600,#5600,#6175,.T.);
#4599=EDGE_CURVE('',#5601,#5601,#6176,.T.);
#4600=EDGE_CURVE('',#5602,#5602,#6177,.T.);
#4601=EDGE_CURVE('',#5603,#5603,#6178,.T.);
#4602=EDGE_CURVE('',#5604,#5604,#6179,.T.);
#4603=EDGE_CURVE('',#5605,#5605,#6180,.T.);
#4604=EDGE_CURVE('',#5606,#5606,#6181,.T.);
#4605=EDGE_CURVE('',#5607,#5607,#6182,.T.);
#4606=EDGE_CURVE('',#5608,#5608,#6183,.T.);
#4607=EDGE_CURVE('',#5609,#5609,#6184,.T.);
#4608=EDGE_CURVE('',#5610,#5610,#6185,.T.);
#4609=EDGE_CURVE('',#5611,#5611,#6186,.T.);
#4610=EDGE_CURVE('',#5612,#5612,#6187,.T.);
#4611=EDGE_CURVE('',#5613,#5613,#6188,.T.);
#4612=EDGE_CURVE('',#5614,#5614,#6189,.T.);
#4613=EDGE_CURVE('',#5615,#5615,#6190,.T.);
#4614=EDGE_CURVE('',#5616,#5616,#6191,.T.);
#4615=EDGE_CURVE('',#5617,#5617,#6192,.T.);
#4616=EDGE_CURVE('',#5618,#5618,#6193,.T.);
#4617=EDGE_CURVE('',#5619,#5619,#6194,.T.);
#4618=EDGE_CURVE('',#5620,#5620,#6195,.T.);
#4619=EDGE_CURVE('',#5558,#5557,#6196,.F.);
#4620=EDGE_CURVE('',#5556,#5559,#6197,.F.);
#4621=EDGE_CURVE('',#5621,#5621,#6198,.T.);
#4622=EDGE_CURVE('',#5622,#5622,#6199,.T.);
#4623=EDGE_CURVE('',#5623,#5623,#6200,.T.);
#4624=EDGE_CURVE('',#5624,#5624,#6201,.T.);
#4625=EDGE_CURVE('',#5625,#5625,#6202,.T.);
#4626=EDGE_CURVE('',#5626,#5626,#6203,.T.);
#4627=EDGE_CURVE('',#5627,#5627,#6204,.T.);
#4628=EDGE_CURVE('',#5628,#5628,#6205,.T.);
#4629=EDGE_CURVE('',#5629,#5629,#6206,.T.);
#4630=EDGE_CURVE('',#5630,#5630,#6207,.T.);
#4631=EDGE_CURVE('',#5631,#5631,#6208,.T.);
#4632=EDGE_CURVE('',#5632,#5632,#6209,.T.);
#4633=EDGE_CURVE('',#5633,#5633,#6210,.T.);
#4634=EDGE_CURVE('',#5634,#5634,#6211,.T.);
#4635=EDGE_CURVE('',#5635,#5635,#6212,.T.);
#4636=EDGE_CURVE('',#5636,#5636,#6213,.T.);
#4637=EDGE_CURVE('',#5637,#5637,#6214,.T.);
#4638=EDGE_CURVE('',#5638,#5638,#6215,.T.);
#4639=EDGE_CURVE('',#5639,#5639,#6216,.T.);
#4640=EDGE_CURVE('',#5640,#5640,#6217,.T.);
#4641=EDGE_CURVE('',#5641,#5641,#6218,.T.);
#4642=EDGE_CURVE('',#5642,#5642,#6219,.T.);
#4643=EDGE_CURVE('',#5643,#5643,#6220,.T.);
#4644=EDGE_CURVE('',#5644,#5644,#6221,.T.);
#4645=EDGE_CURVE('',#5645,#5645,#6222,.T.);
#4646=EDGE_CURVE('',#5646,#5646,#6223,.T.);
#4647=EDGE_CURVE('',#5647,#5647,#6224,.T.);
#4648=EDGE_CURVE('',#5648,#5648,#6225,.T.);
#4649=EDGE_CURVE('',#5649,#5649,#6226,.T.);
#4650=EDGE_CURVE('',#5650,#5650,#6227,.T.);
#4651=EDGE_CURVE('',#5651,#5651,#6228,.T.);
#4652=EDGE_CURVE('',#5652,#5652,#6229,.T.);
#4653=EDGE_CURVE('',#5653,#5653,#6230,.T.);
#4654=EDGE_CURVE('',#5654,#5654,#6231,.T.);
#4655=EDGE_CURVE('',#5655,#5655,#6232,.T.);
#4656=EDGE_CURVE('',#5656,#5656,#6233,.T.);
#4657=EDGE_CURVE('',#5657,#5657,#6234,.T.);
#4658=EDGE_CURVE('',#5658,#5658,#6235,.T.);
#4659=EDGE_CURVE('',#5659,#5659,#6236,.T.);
#4660=EDGE_CURVE('',#5660,#5660,#6237,.T.);
#4661=EDGE_CURVE('',#5661,#5661,#6238,.T.);
#4662=EDGE_CURVE('',#5662,#5662,#6239,.T.);
#4663=EDGE_CURVE('',#5663,#5663,#6240,.T.);
#4664=EDGE_CURVE('',#5664,#5664,#6241,.T.);
#4665=EDGE_CURVE('',#5665,#5665,#6242,.T.);
#4666=EDGE_CURVE('',#5666,#5666,#6243,.T.);
#4667=EDGE_CURVE('',#5667,#5667,#6244,.T.);
#4668=EDGE_CURVE('',#5668,#5668,#6245,.T.);
#4669=EDGE_CURVE('',#5669,#5669,#6246,.T.);
#4670=EDGE_CURVE('',#5670,#5670,#6247,.T.);
#4671=EDGE_CURVE('',#5671,#5671,#6248,.T.);
#4672=EDGE_CURVE('',#5672,#5673,#6249,.T.);
#4673=EDGE_CURVE('',#5672,#5673,#6250,.T.);
#4674=EDGE_CURVE('',#5674,#5675,#6251,.T.);
#4675=EDGE_CURVE('',#5674,#5675,#6252,.T.);
#4676=EDGE_CURVE('',#5676,#5677,#6253,.T.);
#4677=EDGE_CURVE('',#5676,#5677,#6254,.T.);
#4678=EDGE_CURVE('',#5575,#5447,#480,.T.);
#4679=EDGE_CURVE('',#5446,#5574,#481,.F.);
#4680=EDGE_CURVE('',#5577,#5445,#482,.T.);
#4681=EDGE_CURVE('',#5444,#5576,#483,.F.);
#4682=EDGE_CURVE('',#5579,#5443,#484,.T.);
#4683=EDGE_CURVE('',#5442,#5578,#485,.F.);
#4684=EDGE_CURVE('',#5581,#5441,#486,.T.);
#4685=EDGE_CURVE('',#5440,#5580,#487,.F.);
#4686=EDGE_CURVE('',#5583,#5449,#488,.T.);
#4687=EDGE_CURVE('',#5448,#5582,#489,.F.);
#4688=EDGE_CURVE('',#5678,#5678,#6255,.T.);
#4689=EDGE_CURVE('',#5538,#5564,#490,.T.);
#4690=EDGE_CURVE('',#5541,#5565,#491,.T.);
#4691=EDGE_CURVE('',#5540,#5566,#492,.T.);
#4692=EDGE_CURVE('',#5567,#5539,#493,.T.);
#4693=EDGE_CURVE('',#5674,#5546,#494,.T.);
#4694=EDGE_CURVE('',#5547,#5675,#495,.F.);
#4695=EDGE_CURVE('',#5672,#5542,#496,.T.);
#4696=EDGE_CURVE('',#5543,#5673,#497,.F.);
#4697=EDGE_CURVE('',#5562,#5544,#498,.T.);
#4698=EDGE_CURVE('',#5545,#5563,#499,.F.);
#4699=EDGE_CURVE('',#5560,#5548,#500,.T.);
#4700=EDGE_CURVE('',#5549,#5561,#501,.F.);
#4701=EDGE_CURVE('',#5676,#5550,#502,.T.);
#4702=EDGE_CURVE('',#5551,#5677,#503,.F.);
#4703=EDGE_CURVE('',#5679,#5679,#6256,.T.);
#4704=EDGE_CURVE('',#5680,#5569,#504,.T.);
#4705=EDGE_CURVE('',#5680,#5681,#505,.T.);
#4706=EDGE_CURVE('',#5681,#5570,#506,.T.);
#4707=EDGE_CURVE('',#5682,#5568,#507,.T.);
#4708=EDGE_CURVE('',#5682,#5680,#508,.T.);
#4709=EDGE_CURVE('',#5683,#5573,#509,.T.);
#4710=EDGE_CURVE('',#5683,#5682,#510,.T.);
#4711=EDGE_CURVE('',#5684,#5572,#511,.T.);
#4712=EDGE_CURVE('',#5683,#5684,#512,.T.);
#4713=EDGE_CURVE('',#5685,#5571,#513,.T.);
#4714=EDGE_CURVE('',#5684,#5685,#514,.T.);
#4715=EDGE_CURVE('',#5685,#5681,#515,.T.);
#4716=EDGE_CURVE('',#5686,#5687,#516,.T.);
#4717=EDGE_CURVE('',#5687,#5688,#517,.T.);
#4718=EDGE_CURVE('',#5689,#5688,#518,.T.);
#4719=EDGE_CURVE('',#5686,#5689,#519,.T.);
#4720=EDGE_CURVE('',#5690,#5690,#6257,.F.);
#4721=EDGE_CURVE('',#5691,#5347,#520,.T.);
#4722=EDGE_CURVE('',#5691,#5692,#114,.T.);
#4723=EDGE_CURVE('',#5692,#5348,#521,.T.);
#4724=EDGE_CURVE('',#5693,#5346,#522,.T.);
#4725=EDGE_CURVE('',#5693,#5691,#115,.T.);
#4726=EDGE_CURVE('',#5694,#5360,#523,.T.);
#4727=EDGE_CURVE('',#5694,#5693,#524,.T.);
#4728=EDGE_CURVE('',#5695,#5359,#525,.T.);
#4729=EDGE_CURVE('',#5695,#5694,#116,.T.);
#4730=EDGE_CURVE('',#5696,#5358,#526,.T.);
#4731=EDGE_CURVE('',#5696,#5695,#117,.T.);
#4732=EDGE_CURVE('',#5697,#5357,#527,.T.);
#4733=EDGE_CURVE('',#5697,#5696,#118,.T.);
#4734=EDGE_CURVE('',#5698,#5356,#528,.T.);
#4735=EDGE_CURVE('',#5698,#5697,#119,.T.);
#4736=EDGE_CURVE('',#5699,#5355,#529,.T.);
#4737=EDGE_CURVE('',#5699,#5698,#6258,.T.);
#4738=EDGE_CURVE('',#5700,#5354,#530,.T.);
#4739=EDGE_CURVE('',#5700,#5699,#6259,.T.);
#4740=EDGE_CURVE('',#5701,#5353,#531,.T.);
#4741=EDGE_CURVE('',#5701,#5700,#532,.T.);
#4742=EDGE_CURVE('',#5702,#5352,#533,.T.);
#4743=EDGE_CURVE('',#5702,#5701,#120,.T.);
#4744=EDGE_CURVE('',#5703,#5351,#534,.T.);
#4745=EDGE_CURVE('',#5703,#5702,#6260,.F.);
#4746=EDGE_CURVE('',#5704,#5350,#535,.T.);
#4747=EDGE_CURVE('',#5704,#5703,#121,.T.);
#4748=EDGE_CURVE('',#5705,#5349,#536,.T.);
#4749=EDGE_CURVE('',#5705,#5704,#122,.T.);
#4750=EDGE_CURVE('',#5692,#5705,#123,.T.);
#4751=EDGE_CURVE('',#5706,#5362,#537,.T.);
#4752=EDGE_CURVE('',#5706,#5707,#124,.T.);
#4753=EDGE_CURVE('',#5707,#5363,#538,.T.);
#4754=EDGE_CURVE('',#5708,#5361,#539,.T.);
#4755=EDGE_CURVE('',#5708,#5706,#540,.T.);
#4756=EDGE_CURVE('',#5709,#5375,#541,.T.);
#4757=EDGE_CURVE('',#5709,#5708,#125,.T.);
#4758=EDGE_CURVE('',#5710,#5374,#542,.T.);
#4759=EDGE_CURVE('',#5710,#5709,#543,.T.);
#4760=EDGE_CURVE('',#5711,#5373,#544,.T.);
#4761=EDGE_CURVE('',#5711,#5710,#545,.T.);
#4762=EDGE_CURVE('',#5712,#5372,#546,.T.);
#4763=EDGE_CURVE('',#5712,#5711,#547,.T.);
#4764=EDGE_CURVE('',#5713,#5371,#548,.T.);
#4765=EDGE_CURVE('',#5713,#5712,#549,.T.);
#4766=EDGE_CURVE('',#5714,#5370,#550,.T.);
#4767=EDGE_CURVE('',#5714,#5713,#551,.T.);
#4768=EDGE_CURVE('',#5715,#5369,#552,.T.);
#4769=EDGE_CURVE('',#5715,#5714,#553,.T.);
#4770=EDGE_CURVE('',#5716,#5368,#554,.T.);
#4771=EDGE_CURVE('',#5716,#5715,#555,.T.);
#4772=EDGE_CURVE('',#5717,#5367,#556,.T.);
#4773=EDGE_CURVE('',#5717,#5716,#557,.T.);
#4774=EDGE_CURVE('',#5718,#5366,#558,.T.);
#4775=EDGE_CURVE('',#5718,#5717,#559,.T.);
#4776=EDGE_CURVE('',#5719,#5365,#560,.T.);
#4777=EDGE_CURVE('',#5719,#5718,#561,.T.);
#4778=EDGE_CURVE('',#5720,#5364,#562,.T.);
#4779=EDGE_CURVE('',#5720,#5719,#563,.T.);
#4780=EDGE_CURVE('',#5707,#5720,#564,.T.);
#4781=EDGE_CURVE('',#5721,#5377,#565,.T.);
#4782=EDGE_CURVE('',#5721,#5722,#126,.T.);
#4783=EDGE_CURVE('',#5722,#5378,#566,.T.);
#4784=EDGE_CURVE('',#5723,#5376,#567,.T.);
#4785=EDGE_CURVE('',#5723,#5721,#127,.T.);
#4786=EDGE_CURVE('',#5724,#5390,#568,.T.);
#4787=EDGE_CURVE('',#5724,#5723,#569,.T.);
#4788=EDGE_CURVE('',#5725,#5389,#570,.T.);
#4789=EDGE_CURVE('',#5725,#5724,#128,.T.);
#4790=EDGE_CURVE('',#5726,#5388,#571,.T.);
#4791=EDGE_CURVE('',#5726,#5725,#129,.T.);
#4792=EDGE_CURVE('',#5727,#5387,#572,.T.);
#4793=EDGE_CURVE('',#5727,#5726,#130,.T.);
#4794=EDGE_CURVE('',#5728,#5386,#573,.T.);
#4795=EDGE_CURVE('',#5728,#5727,#131,.T.);
#4796=EDGE_CURVE('',#5729,#5385,#574,.T.);
#4797=EDGE_CURVE('',#5729,#5728,#6261,.T.);
#4798=EDGE_CURVE('',#5730,#5384,#575,.T.);
#4799=EDGE_CURVE('',#5730,#5729,#6262,.T.);
#4800=EDGE_CURVE('',#5731,#5383,#576,.T.);
#4801=EDGE_CURVE('',#5731,#5730,#577,.T.);
#4802=EDGE_CURVE('',#5732,#5382,#578,.T.);
#4803=EDGE_CURVE('',#5732,#5731,#132,.T.);
#4804=EDGE_CURVE('',#5733,#5381,#579,.T.);
#4805=EDGE_CURVE('',#5733,#5732,#6263,.F.);
#4806=EDGE_CURVE('',#5734,#5380,#580,.T.);
#4807=EDGE_CURVE('',#5734,#5733,#133,.T.);
#4808=EDGE_CURVE('',#5735,#5379,#581,.T.);
#4809=EDGE_CURVE('',#5735,#5734,#134,.T.);
#4810=EDGE_CURVE('',#5722,#5735,#135,.T.);
#4811=EDGE_CURVE('',#5736,#5392,#582,.T.);
#4812=EDGE_CURVE('',#5736,#5737,#583,.T.);
#4813=EDGE_CURVE('',#5737,#5393,#584,.T.);
#4814=EDGE_CURVE('',#5738,#5391,#585,.T.);
#4815=EDGE_CURVE('',#5738,#5736,#586,.T.);
#4816=EDGE_CURVE('',#5739,#5394,#587,.T.);
#4817=EDGE_CURVE('',#5739,#5738,#588,.T.);
#4818=EDGE_CURVE('',#5737,#5739,#589,.T.);
#4819=EDGE_CURVE('',#5740,#5396,#590,.T.);
#4820=EDGE_CURVE('',#5740,#5741,#591,.T.);
#4821=EDGE_CURVE('',#5741,#5397,#592,.T.);
#4822=EDGE_CURVE('',#5742,#5395,#593,.T.);
#4823=EDGE_CURVE('',#5742,#5740,#594,.T.);
#4824=EDGE_CURVE('',#5743,#5411,#595,.T.);
#4825=EDGE_CURVE('',#5743,#5742,#596,.T.);
#4826=EDGE_CURVE('',#5744,#5410,#597,.T.);
#4827=EDGE_CURVE('',#5744,#5743,#136,.T.);
#4828=EDGE_CURVE('',#5745,#5409,#598,.T.);
#4829=EDGE_CURVE('',#5745,#5744,#137,.T.);
#4830=EDGE_CURVE('',#5746,#5408,#599,.T.);
#4831=EDGE_CURVE('',#5746,#5745,#138,.T.);
#4832=EDGE_CURVE('',#5747,#5407,#600,.T.);
#4833=EDGE_CURVE('',#5747,#5746,#6264,.F.);
#4834=EDGE_CURVE('',#5748,#5406,#601,.T.);
#4835=EDGE_CURVE('',#5748,#5747,#602,.T.);
#4836=EDGE_CURVE('',#5749,#5405,#603,.T.);
#4837=EDGE_CURVE('',#5749,#5748,#604,.T.);
#4838=EDGE_CURVE('',#5750,#5404,#605,.T.);
#4839=EDGE_CURVE('',#5750,#5749,#606,.T.);
#4840=EDGE_CURVE('',#5751,#5403,#607,.T.);
#4841=EDGE_CURVE('',#5751,#5750,#608,.T.);
#4842=EDGE_CURVE('',#5752,#5402,#609,.T.);
#4843=EDGE_CURVE('',#5752,#5751,#610,.T.);
#4844=EDGE_CURVE('',#5753,#5401,#611,.T.);
#4845=EDGE_CURVE('',#5753,#5752,#612,.T.);
#4846=EDGE_CURVE('',#5754,#5400,#613,.T.);
#4847=EDGE_CURVE('',#5754,#5753,#139,.T.);
#4848=EDGE_CURVE('',#5755,#5399,#614,.T.);
#4849=EDGE_CURVE('',#5755,#5754,#140,.T.);
#4850=EDGE_CURVE('',#5756,#5398,#615,.T.);
#4851=EDGE_CURVE('',#5756,#5755,#141,.T.);
#4852=EDGE_CURVE('',#5741,#5756,#142,.T.);
#4853=EDGE_CURVE('',#5757,#5758,#143,.T.);
#4854=EDGE_CURVE('',#5759,#5757,#616,.T.);
#4855=EDGE_CURVE('',#5759,#5760,#144,.T.);
#4856=EDGE_CURVE('',#5760,#5758,#617,.T.);
#4857=EDGE_CURVE('',#5761,#5757,#145,.T.);
#4858=EDGE_CURVE('',#5762,#5761,#618,.T.);
#4859=EDGE_CURVE('',#5762,#5759,#146,.T.);
#4860=EDGE_CURVE('',#5763,#5761,#147,.T.);
#4861=EDGE_CURVE('',#5764,#5763,#619,.T.);
#4862=EDGE_CURVE('',#5764,#5762,#148,.T.);
#4863=EDGE_CURVE('',#5765,#5763,#149,.T.);
#4864=EDGE_CURVE('',#5766,#5765,#620,.T.);
#4865=EDGE_CURVE('',#5766,#5764,#150,.T.);
#4866=EDGE_CURVE('',#5767,#5765,#151,.T.);
#4867=EDGE_CURVE('',#5768,#5767,#621,.T.);
#4868=EDGE_CURVE('',#5768,#5766,#152,.T.);
#4869=EDGE_CURVE('',#5769,#5767,#622,.T.);
#4870=EDGE_CURVE('',#5770,#5769,#623,.T.);
#4871=EDGE_CURVE('',#5770,#5768,#624,.T.);
#4872=EDGE_CURVE('',#5771,#5769,#625,.T.);
#4873=EDGE_CURVE('',#5772,#5771,#626,.T.);
#4874=EDGE_CURVE('',#5772,#5770,#627,.T.);
#4875=EDGE_CURVE('',#5773,#5324,#628,.T.);
#4876=EDGE_CURVE('',#5773,#5774,#629,.T.);
#4877=EDGE_CURVE('',#5774,#5325,#630,.T.);
#4878=EDGE_CURVE('',#5775,#5323,#631,.T.);
#4879=EDGE_CURVE('',#5775,#5773,#632,.T.);
#4880=EDGE_CURVE('',#5776,#5341,#633,.T.);
#4881=EDGE_CURVE('',#5776,#5775,#634,.T.);
#4882=EDGE_CURVE('',#5777,#5340,#635,.T.);
#4883=EDGE_CURVE('',#5777,#5776,#153,.T.);
#4884=EDGE_CURVE('',#5778,#5339,#636,.T.);
#4885=EDGE_CURVE('',#5778,#5777,#154,.T.);
#4886=EDGE_CURVE('',#5779,#5338,#637,.T.);
#4887=EDGE_CURVE('',#5779,#5778,#6265,.F.);
#4888=EDGE_CURVE('',#5780,#5337,#638,.T.);
#4889=EDGE_CURVE('',#5780,#5779,#6266,.F.);
#4890=EDGE_CURVE('',#5781,#5336,#639,.T.);
#4891=EDGE_CURVE('',#5781,#5780,#640,.T.);
#4892=EDGE_CURVE('',#5782,#5335,#641,.T.);
#4893=EDGE_CURVE('',#5782,#5781,#155,.T.);
#4894=EDGE_CURVE('',#5783,#5334,#642,.T.);
#4895=EDGE_CURVE('',#5783,#5782,#156,.T.);
#4896=EDGE_CURVE('',#5784,#5333,#643,.T.);
#4897=EDGE_CURVE('',#5784,#5783,#157,.T.);
#4898=EDGE_CURVE('',#5785,#5332,#644,.T.);
#4899=EDGE_CURVE('',#5785,#5784,#645,.T.);
#4900=EDGE_CURVE('',#5786,#5331,#646,.T.);
#4901=EDGE_CURVE('',#5786,#5785,#647,.T.);
#4902=EDGE_CURVE('',#5787,#5330,#648,.T.);
#4903=EDGE_CURVE('',#5787,#5786,#158,.T.);
#4904=EDGE_CURVE('',#5788,#5329,#649,.T.);
#4905=EDGE_CURVE('',#5788,#5787,#159,.T.);
#4906=EDGE_CURVE('',#5789,#5328,#650,.T.);
#4907=EDGE_CURVE('',#5789,#5788,#160,.T.);
#4908=EDGE_CURVE('',#5790,#5327,#651,.T.);
#4909=EDGE_CURVE('',#5790,#5789,#161,.T.);
#4910=EDGE_CURVE('',#5791,#5326,#652,.T.);
#4911=EDGE_CURVE('',#5791,#5790,#162,.T.);
#4912=EDGE_CURVE('',#5774,#5791,#653,.T.);
#4913=EDGE_CURVE('',#5758,#5771,#163,.T.);
#4914=EDGE_CURVE('',#5760,#5772,#164,.T.);
#4915=EDGE_CURVE('',#5792,#5793,#165,.T.);
#4916=EDGE_CURVE('',#5794,#5792,#654,.T.);
#4917=EDGE_CURVE('',#5794,#5795,#166,.T.);
#4918=EDGE_CURVE('',#5795,#5793,#655,.T.);
#4919=EDGE_CURVE('',#5796,#5792,#167,.T.);
#4920=EDGE_CURVE('',#5797,#5796,#656,.T.);
#4921=EDGE_CURVE('',#5797,#5794,#168,.T.);
#4922=EDGE_CURVE('',#5798,#5796,#169,.T.);
#4923=EDGE_CURVE('',#5799,#5798,#657,.T.);
#4924=EDGE_CURVE('',#5799,#5797,#170,.T.);
#4925=EDGE_CURVE('',#5800,#5798,#171,.T.);
#4926=EDGE_CURVE('',#5801,#5800,#658,.T.);
#4927=EDGE_CURVE('',#5801,#5799,#172,.T.);
#4928=EDGE_CURVE('',#5802,#5800,#173,.T.);
#4929=EDGE_CURVE('',#5803,#5802,#659,.T.);
#4930=EDGE_CURVE('',#5803,#5801,#174,.T.);
#4931=EDGE_CURVE('',#5804,#5802,#175,.T.);
#4932=EDGE_CURVE('',#5805,#5804,#660,.T.);
#4933=EDGE_CURVE('',#5805,#5803,#176,.T.);
#4934=EDGE_CURVE('',#5806,#5804,#177,.T.);
#4935=EDGE_CURVE('',#5807,#5806,#661,.T.);
#4936=EDGE_CURVE('',#5807,#5805,#178,.T.);
#4937=EDGE_CURVE('',#5808,#5413,#662,.T.);
#4938=EDGE_CURVE('',#5808,#5809,#179,.T.);
#4939=EDGE_CURVE('',#5809,#5414,#663,.T.);
#4940=EDGE_CURVE('',#5810,#5412,#664,.T.);
#4941=EDGE_CURVE('',#5810,#5808,#180,.T.);
#4942=EDGE_CURVE('',#5811,#5426,#665,.T.);
#4943=EDGE_CURVE('',#5811,#5810,#666,.T.);
#4944=EDGE_CURVE('',#5812,#5425,#667,.T.);
#4945=EDGE_CURVE('',#5812,#5811,#6267,.F.);
#4946=EDGE_CURVE('',#5813,#5424,#668,.T.);
#4947=EDGE_CURVE('',#5813,#5812,#669,.T.);
#4948=EDGE_CURVE('',#5814,#5423,#670,.T.);
#4949=EDGE_CURVE('',#5814,#5813,#671,.T.);
#4950=EDGE_CURVE('',#5815,#5422,#672,.T.);
#4951=EDGE_CURVE('',#5815,#5814,#673,.T.);
#4952=EDGE_CURVE('',#5816,#5421,#674,.T.);
#4953=EDGE_CURVE('',#5816,#5815,#675,.T.);
#4954=EDGE_CURVE('',#5817,#5420,#676,.T.);
#4955=EDGE_CURVE('',#5817,#5816,#677,.T.);
#4956=EDGE_CURVE('',#5818,#5419,#678,.T.);
#4957=EDGE_CURVE('',#5818,#5817,#679,.T.);
#4958=EDGE_CURVE('',#5819,#5418,#680,.T.);
#4959=EDGE_CURVE('',#5819,#5818,#6268,.F.);
#4960=EDGE_CURVE('',#5820,#5417,#681,.T.);
#4961=EDGE_CURVE('',#5820,#5819,#181,.T.);
#4962=EDGE_CURVE('',#5821,#5416,#682,.T.);
#4963=EDGE_CURVE('',#5821,#5820,#182,.T.);
#4964=EDGE_CURVE('',#5822,#5415,#683,.T.);
#4965=EDGE_CURVE('',#5822,#5821,#183,.T.);
#4966=EDGE_CURVE('',#5809,#5822,#184,.T.);
#4967=EDGE_CURVE('',#5793,#5806,#185,.T.);
#4968=EDGE_CURVE('',#5795,#5807,#186,.T.);
#4969=EDGE_CURVE('',#5823,#5428,#684,.T.);
#4970=EDGE_CURVE('',#5823,#5824,#685,.T.);
#4971=EDGE_CURVE('',#5824,#5429,#686,.T.);
#4972=EDGE_CURVE('',#5825,#5427,#687,.T.);
#4973=EDGE_CURVE('',#5825,#5823,#688,.T.);
#4974=EDGE_CURVE('',#5826,#5438,#689,.T.);
#4975=EDGE_CURVE('',#5826,#5825,#690,.T.);
#4976=EDGE_CURVE('',#5827,#5437,#691,.T.);
#4977=EDGE_CURVE('',#5827,#5826,#692,.T.);
#4978=EDGE_CURVE('',#5828,#5436,#693,.T.);
#4979=EDGE_CURVE('',#5828,#5827,#694,.T.);
#4980=EDGE_CURVE('',#5829,#5435,#695,.T.);
#4981=EDGE_CURVE('',#5829,#5828,#696,.T.);
#4982=EDGE_CURVE('',#5830,#5434,#697,.T.);
#4983=EDGE_CURVE('',#5830,#5829,#698,.T.);
#4984=EDGE_CURVE('',#5831,#5433,#699,.T.);
#4985=EDGE_CURVE('',#5831,#5830,#700,.T.);
#4986=EDGE_CURVE('',#5832,#5432,#701,.T.);
#4987=EDGE_CURVE('',#5832,#5831,#702,.T.);
#4988=EDGE_CURVE('',#5833,#5431,#703,.T.);
#4989=EDGE_CURVE('',#5833,#5832,#704,.T.);
#4990=EDGE_CURVE('',#5834,#5430,#705,.T.);
#4991=EDGE_CURVE('',#5834,#5833,#706,.T.);
#4992=EDGE_CURVE('',#5824,#5834,#707,.T.);
#4993=EDGE_CURVE('',#5835,#5686,#708,.T.);
#4994=EDGE_CURVE('',#5835,#5836,#709,.T.);
#4995=EDGE_CURVE('',#5836,#5687,#710,.T.);
#4996=EDGE_CURVE('',#5837,#5689,#711,.T.);
#4997=EDGE_CURVE('',#5835,#5837,#712,.T.);
#4998=EDGE_CURVE('',#5838,#5688,#713,.T.);
#4999=EDGE_CURVE('',#5837,#5838,#714,.T.);
#5000=EDGE_CURVE('',#5836,#5838,#715,.T.);
#5001=VERTEX_POINT('',#13927);
#5002=VERTEX_POINT('',#13929);
#5003=VERTEX_POINT('',#13935);
#5004=VERTEX_POINT('',#13937);
#5005=VERTEX_POINT('',#13943);
#5006=VERTEX_POINT('',#13945);
#5007=VERTEX_POINT('',#13951);
#5008=VERTEX_POINT('',#13953);
#5009=VERTEX_POINT('',#13959);
#5010=VERTEX_POINT('',#13961);
#5011=VERTEX_POINT('',#13967);
#5012=VERTEX_POINT('',#13969);
#5013=VERTEX_POINT('',#13975);
#5014=VERTEX_POINT('',#13977);
#5015=VERTEX_POINT('',#13983);
#5016=VERTEX_POINT('',#13985);
#5017=VERTEX_POINT('',#13991);
#5018=VERTEX_POINT('',#13993);
#5019=VERTEX_POINT('',#13999);
#5020=VERTEX_POINT('',#14001);
#5021=VERTEX_POINT('',#14007);
#5022=VERTEX_POINT('',#14009);
#5023=VERTEX_POINT('',#14015);
#5024=VERTEX_POINT('',#14017);
#5025=VERTEX_POINT('',#14023);
#5026=VERTEX_POINT('',#14025);
#5027=VERTEX_POINT('',#14031);
#5028=VERTEX_POINT('',#14033);
#5029=VERTEX_POINT('',#14039);
#5030=VERTEX_POINT('',#14041);
#5031=VERTEX_POINT('',#14047);
#5032=VERTEX_POINT('',#14049);
#5033=VERTEX_POINT('',#14055);
#5034=VERTEX_POINT('',#14057);
#5035=VERTEX_POINT('',#14063);
#5036=VERTEX_POINT('',#14065);
#5037=VERTEX_POINT('',#14071);
#5038=VERTEX_POINT('',#14073);
#5039=VERTEX_POINT('',#14079);
#5040=VERTEX_POINT('',#14081);
#5041=VERTEX_POINT('',#14087);
#5042=VERTEX_POINT('',#14089);
#5043=VERTEX_POINT('',#14095);
#5044=VERTEX_POINT('',#14097);
#5045=VERTEX_POINT('',#14103);
#5046=VERTEX_POINT('',#14105);
#5047=VERTEX_POINT('',#14111);
#5048=VERTEX_POINT('',#14113);
#5049=VERTEX_POINT('',#14119);
#5050=VERTEX_POINT('',#14121);
#5051=VERTEX_POINT('',#14127);
#5052=VERTEX_POINT('',#14129);
#5053=VERTEX_POINT('',#14135);
#5054=VERTEX_POINT('',#14137);
#5055=VERTEX_POINT('',#14143);
#5056=VERTEX_POINT('',#14145);
#5057=VERTEX_POINT('',#14151);
#5058=VERTEX_POINT('',#14153);
#5059=VERTEX_POINT('',#14159);
#5060=VERTEX_POINT('',#14161);
#5061=VERTEX_POINT('',#14167);
#5062=VERTEX_POINT('',#14169);
#5063=VERTEX_POINT('',#14175);
#5064=VERTEX_POINT('',#14177);
#5065=VERTEX_POINT('',#14183);
#5066=VERTEX_POINT('',#14185);
#5067=VERTEX_POINT('',#14191);
#5068=VERTEX_POINT('',#14193);
#5069=VERTEX_POINT('',#14199);
#5070=VERTEX_POINT('',#14201);
#5071=VERTEX_POINT('',#14207);
#5072=VERTEX_POINT('',#14209);
#5073=VERTEX_POINT('',#14215);
#5074=VERTEX_POINT('',#14217);
#5075=VERTEX_POINT('',#14223);
#5076=VERTEX_POINT('',#14225);
#5077=VERTEX_POINT('',#14231);
#5078=VERTEX_POINT('',#14233);
#5079=VERTEX_POINT('',#14239);
#5080=VERTEX_POINT('',#14241);
#5081=VERTEX_POINT('',#14247);
#5082=VERTEX_POINT('',#14249);
#5083=VERTEX_POINT('',#14255);
#5084=VERTEX_POINT('',#14257);
#5085=VERTEX_POINT('',#14263);
#5086=VERTEX_POINT('',#14265);
#5087=VERTEX_POINT('',#14271);
#5088=VERTEX_POINT('',#14273);
#5089=VERTEX_POINT('',#14279);
#5090=VERTEX_POINT('',#14281);
#5091=VERTEX_POINT('',#14287);
#5092=VERTEX_POINT('',#14289);
#5093=VERTEX_POINT('',#14295);
#5094=VERTEX_POINT('',#14297);
#5095=VERTEX_POINT('',#14303);
#5096=VERTEX_POINT('',#14305);
#5097=VERTEX_POINT('',#14311);
#5098=VERTEX_POINT('',#14313);
#5099=VERTEX_POINT('',#14319);
#5100=VERTEX_POINT('',#14321);
#5101=VERTEX_POINT('',#14327);
#5102=VERTEX_POINT('',#14329);
#5103=VERTEX_POINT('',#14335);
#5104=VERTEX_POINT('',#14337);
#5105=VERTEX_POINT('',#14343);
#5106=VERTEX_POINT('',#14345);
#5107=VERTEX_POINT('',#14351);
#5108=VERTEX_POINT('',#14353);
#5109=VERTEX_POINT('',#14359);
#5110=VERTEX_POINT('',#14361);
#5111=VERTEX_POINT('',#14367);
#5112=VERTEX_POINT('',#14369);
#5113=VERTEX_POINT('',#14375);
#5114=VERTEX_POINT('',#14377);
#5115=VERTEX_POINT('',#14383);
#5116=VERTEX_POINT('',#14385);
#5117=VERTEX_POINT('',#14391);
#5118=VERTEX_POINT('',#14393);
#5119=VERTEX_POINT('',#14399);
#5120=VERTEX_POINT('',#14401);
#5121=VERTEX_POINT('',#14407);
#5122=VERTEX_POINT('',#14409);
#5123=VERTEX_POINT('',#14415);
#5124=VERTEX_POINT('',#14417);
#5125=VERTEX_POINT('',#14423);
#5126=VERTEX_POINT('',#14425);
#5127=VERTEX_POINT('',#14431);
#5128=VERTEX_POINT('',#14433);
#5129=VERTEX_POINT('',#14439);
#5130=VERTEX_POINT('',#14441);
#5131=VERTEX_POINT('',#14447);
#5132=VERTEX_POINT('',#14449);
#5133=VERTEX_POINT('',#14455);
#5134=VERTEX_POINT('',#14457);
#5135=VERTEX_POINT('',#14463);
#5136=VERTEX_POINT('',#14465);
#5137=VERTEX_POINT('',#14471);
#5138=VERTEX_POINT('',#14473);
#5139=VERTEX_POINT('',#14479);
#5140=VERTEX_POINT('',#14481);
#5141=VERTEX_POINT('',#14487);
#5142=VERTEX_POINT('',#14489);
#5143=VERTEX_POINT('',#14495);
#5144=VERTEX_POINT('',#14497);
#5145=VERTEX_POINT('',#14503);
#5146=VERTEX_POINT('',#14505);
#5147=VERTEX_POINT('',#14511);
#5148=VERTEX_POINT('',#14513);
#5149=VERTEX_POINT('',#14519);
#5150=VERTEX_POINT('',#14521);
#5151=VERTEX_POINT('',#14527);
#5152=VERTEX_POINT('',#14529);
#5153=VERTEX_POINT('',#14535);
#5154=VERTEX_POINT('',#14537);
#5155=VERTEX_POINT('',#14543);
#5156=VERTEX_POINT('',#14545);
#5157=VERTEX_POINT('',#14551);
#5158=VERTEX_POINT('',#14553);
#5159=VERTEX_POINT('',#14559);
#5160=VERTEX_POINT('',#14561);
#5161=VERTEX_POINT('',#14567);
#5162=VERTEX_POINT('',#14569);
#5163=VERTEX_POINT('',#14575);
#5164=VERTEX_POINT('',#14577);
#5165=VERTEX_POINT('',#14583);
#5166=VERTEX_POINT('',#14585);
#5167=VERTEX_POINT('',#14591);
#5168=VERTEX_POINT('',#14593);
#5169=VERTEX_POINT('',#14599);
#5170=VERTEX_POINT('',#14601);
#5171=VERTEX_POINT('',#14607);
#5172=VERTEX_POINT('',#14609);
#5173=VERTEX_POINT('',#14615);
#5174=VERTEX_POINT('',#14617);
#5175=VERTEX_POINT('',#14623);
#5176=VERTEX_POINT('',#14625);
#5177=VERTEX_POINT('',#14631);
#5178=VERTEX_POINT('',#14633);
#5179=VERTEX_POINT('',#14639);
#5180=VERTEX_POINT('',#14641);
#5181=VERTEX_POINT('',#14647);
#5182=VERTEX_POINT('',#14648);
#5183=VERTEX_POINT('',#14650);
#5184=VERTEX_POINT('',#14652);
#5185=VERTEX_POINT('',#14656);
#5186=VERTEX_POINT('',#14658);
#5187=VERTEX_POINT('',#14662);
#5188=VERTEX_POINT('',#14664);
#5189=VERTEX_POINT('',#14668);
#5190=VERTEX_POINT('',#14669);
#5191=VERTEX_POINT('',#14671);
#5192=VERTEX_POINT('',#14673);
#5193=VERTEX_POINT('',#14677);
#5194=VERTEX_POINT('',#14679);
#5195=VERTEX_POINT('',#14683);
#5196=VERTEX_POINT('',#14685);
#5197=VERTEX_POINT('',#14689);
#5198=VERTEX_POINT('',#14690);
#5199=VERTEX_POINT('',#14692);
#5200=VERTEX_POINT('',#14694);
#5201=VERTEX_POINT('',#14698);
#5202=VERTEX_POINT('',#14700);
#5203=VERTEX_POINT('',#14704);
#5204=VERTEX_POINT('',#14706);
#5205=VERTEX_POINT('',#14710);
#5206=VERTEX_POINT('',#14711);
#5207=VERTEX_POINT('',#14713);
#5208=VERTEX_POINT('',#14715);
#5209=VERTEX_POINT('',#14719);
#5210=VERTEX_POINT('',#14721);
#5211=VERTEX_POINT('',#14725);
#5212=VERTEX_POINT('',#14727);
#5213=VERTEX_POINT('',#14731);
#5214=VERTEX_POINT('',#14732);
#5215=VERTEX_POINT('',#14734);
#5216=VERTEX_POINT('',#14736);
#5217=VERTEX_POINT('',#14740);
#5218=VERTEX_POINT('',#14742);
#5219=VERTEX_POINT('',#14746);
#5220=VERTEX_POINT('',#14747);
#5221=VERTEX_POINT('',#14749);
#5222=VERTEX_POINT('',#14751);
#5223=VERTEX_POINT('',#14755);
#5224=VERTEX_POINT('',#14757);
#5225=VERTEX_POINT('',#14761);
#5226=VERTEX_POINT('',#14762);
#5227=VERTEX_POINT('',#14764);
#5228=VERTEX_POINT('',#14766);
#5229=VERTEX_POINT('',#14770);
#5230=VERTEX_POINT('',#14772);
#5231=VERTEX_POINT('',#14776);
#5232=VERTEX_POINT('',#14778);
#5233=VERTEX_POINT('',#14782);
#5234=VERTEX_POINT('',#14784);
#5235=VERTEX_POINT('',#14788);
#5236=VERTEX_POINT('',#14790);
#5237=VERTEX_POINT('',#14794);
#5238=VERTEX_POINT('',#14796);
#5239=VERTEX_POINT('',#14800);
#5240=VERTEX_POINT('',#14802);
#5241=VERTEX_POINT('',#14806);
#5242=VERTEX_POINT('',#14808);
#5243=VERTEX_POINT('',#14812);
#5244=VERTEX_POINT('',#14814);
#5245=VERTEX_POINT('',#14818);
#5246=VERTEX_POINT('',#14820);
#5247=VERTEX_POINT('',#14824);
#5248=VERTEX_POINT('',#14826);
#5249=VERTEX_POINT('',#14830);
#5250=VERTEX_POINT('',#14832);
#5251=VERTEX_POINT('',#14836);
#5252=VERTEX_POINT('',#14838);
#5253=VERTEX_POINT('',#14842);
#5254=VERTEX_POINT('',#14844);
#5255=VERTEX_POINT('',#14848);
#5256=VERTEX_POINT('',#14850);
#5257=VERTEX_POINT('',#14854);
#5258=VERTEX_POINT('',#14856);
#5259=VERTEX_POINT('',#14860);
#5260=VERTEX_POINT('',#14862);
#5261=VERTEX_POINT('',#14866);
#5262=VERTEX_POINT('',#14868);
#5263=VERTEX_POINT('',#14872);
#5264=VERTEX_POINT('',#14874);
#5265=VERTEX_POINT('',#14878);
#5266=VERTEX_POINT('',#14880);
#5267=VERTEX_POINT('',#14884);
#5268=VERTEX_POINT('',#14886);
#5269=VERTEX_POINT('',#14890);
#5270=VERTEX_POINT('',#14892);
#5271=VERTEX_POINT('',#14896);
#5272=VERTEX_POINT('',#14898);
#5273=VERTEX_POINT('',#14902);
#5274=VERTEX_POINT('',#14904);
#5275=VERTEX_POINT('',#14908);
#5276=VERTEX_POINT('',#14910);
#5277=VERTEX_POINT('',#14914);
#5278=VERTEX_POINT('',#14916);
#5279=VERTEX_POINT('',#14920);
#5280=VERTEX_POINT('',#14922);
#5281=VERTEX_POINT('',#14926);
#5282=VERTEX_POINT('',#14928);
#5283=VERTEX_POINT('',#14932);
#5284=VERTEX_POINT('',#14934);
#5285=VERTEX_POINT('',#14938);
#5286=VERTEX_POINT('',#14940);
#5287=VERTEX_POINT('',#14944);
#5288=VERTEX_POINT('',#14946);
#5289=VERTEX_POINT('',#14950);
#5290=VERTEX_POINT('',#14952);
#5291=VERTEX_POINT('',#14956);
#5292=VERTEX_POINT('',#14958);
#5293=VERTEX_POINT('',#14962);
#5294=VERTEX_POINT('',#14964);
#5295=VERTEX_POINT('',#14968);
#5296=VERTEX_POINT('',#14970);
#5297=VERTEX_POINT('',#14974);
#5298=VERTEX_POINT('',#14976);
#5299=VERTEX_POINT('',#14980);
#5300=VERTEX_POINT('',#14982);
#5301=VERTEX_POINT('',#14986);
#5302=VERTEX_POINT('',#14988);
#5303=VERTEX_POINT('',#14992);
#5304=VERTEX_POINT('',#14994);
#5305=VERTEX_POINT('',#14998);
#5306=VERTEX_POINT('',#15000);
#5307=VERTEX_POINT('',#15004);
#5308=VERTEX_POINT('',#15006);
#5309=VERTEX_POINT('',#15010);
#5310=VERTEX_POINT('',#15012);
#5311=VERTEX_POINT('',#15016);
#5312=VERTEX_POINT('',#15018);
#5313=VERTEX_POINT('',#15022);
#5314=VERTEX_POINT('',#15024);
#5315=VERTEX_POINT('',#15028);
#5316=VERTEX_POINT('',#15030);
#5317=VERTEX_POINT('',#15034);
#5318=VERTEX_POINT('',#15036);
#5319=VERTEX_POINT('',#15040);
#5320=VERTEX_POINT('',#15042);
#5321=VERTEX_POINT('',#15046);
#5322=VERTEX_POINT('',#15048);
#5323=VERTEX_POINT('',#15076);
#5324=VERTEX_POINT('',#15077);
#5325=VERTEX_POINT('',#15079);
#5326=VERTEX_POINT('',#15081);
#5327=VERTEX_POINT('',#15085);
#5328=VERTEX_POINT('',#15089);
#5329=VERTEX_POINT('',#15093);
#5330=VERTEX_POINT('',#15097);
#5331=VERTEX_POINT('',#15101);
#5332=VERTEX_POINT('',#15103);
#5333=VERTEX_POINT('',#15105);
#5334=VERTEX_POINT('',#15109);
#5335=VERTEX_POINT('',#15113);
#5336=VERTEX_POINT('',#15117);
#5337=VERTEX_POINT('',#15119);
#5338=VERTEX_POINT('',#15121);
#5339=VERTEX_POINT('',#15123);
#5340=VERTEX_POINT('',#15127);
#5341=VERTEX_POINT('',#15131);
#5342=VERTEX_POINT('',#15134);
#5343=VERTEX_POINT('',#15135);
#5344=VERTEX_POINT('',#15137);
#5345=VERTEX_POINT('',#15139);
#5346=VERTEX_POINT('',#15144);
#5347=VERTEX_POINT('',#15145);
#5348=VERTEX_POINT('',#15149);
#5349=VERTEX_POINT('',#15153);
#5350=VERTEX_POINT('',#15157);
#5351=VERTEX_POINT('',#15161);
#5352=VERTEX_POINT('',#15163);
#5353=VERTEX_POINT('',#15167);
#5354=VERTEX_POINT('',#15169);
#5355=VERTEX_POINT('',#15171);
#5356=VERTEX_POINT('',#15173);
#5357=VERTEX_POINT('',#15177);
#5358=VERTEX_POINT('',#15181);
#5359=VERTEX_POINT('',#15185);
#5360=VERTEX_POINT('',#15189);
#5361=VERTEX_POINT('',#15192);
#5362=VERTEX_POINT('',#15193);
#5363=VERTEX_POINT('',#15197);
#5364=VERTEX_POINT('',#15199);
#5365=VERTEX_POINT('',#15201);
#5366=VERTEX_POINT('',#15203);
#5367=VERTEX_POINT('',#15205);
#5368=VERTEX_POINT('',#15207);
#5369=VERTEX_POINT('',#15209);
#5370=VERTEX_POINT('',#15211);
#5371=VERTEX_POINT('',#15213);
#5372=VERTEX_POINT('',#15215);
#5373=VERTEX_POINT('',#15217);
#5374=VERTEX_POINT('',#15219);
#5375=VERTEX_POINT('',#15221);
#5376=VERTEX_POINT('',#15228);
#5377=VERTEX_POINT('',#15229);
#5378=VERTEX_POINT('',#15233);
#5379=VERTEX_POINT('',#15237);
#5380=VERTEX_POINT('',#15241);
#5381=VERTEX_POINT('',#15245);
#5382=VERTEX_POINT('',#15247);
#5383=VERTEX_POINT('',#15251);
#5384=VERTEX_POINT('',#15253);
#5385=VERTEX_POINT('',#15255);
#5386=VERTEX_POINT('',#15257);
#5387=VERTEX_POINT('',#15261);
#5388=VERTEX_POINT('',#15265);
#5389=VERTEX_POINT('',#15269);
#5390=VERTEX_POINT('',#15273);
#5391=VERTEX_POINT('',#15276);
#5392=VERTEX_POINT('',#15277);
#5393=VERTEX_POINT('',#15279);
#5394=VERTEX_POINT('',#15281);
#5395=VERTEX_POINT('',#15284);
#5396=VERTEX_POINT('',#15285);
#5397=VERTEX_POINT('',#15287);
#5398=VERTEX_POINT('',#15291);
#5399=VERTEX_POINT('',#15295);
#5400=VERTEX_POINT('',#15299);
#5401=VERTEX_POINT('',#15303);
#5402=VERTEX_POINT('',#15305);
#5403=VERTEX_POINT('',#15307);
#5404=VERTEX_POINT('',#15309);
#5405=VERTEX_POINT('',#15311);
#5406=VERTEX_POINT('',#15313);
#5407=VERTEX_POINT('',#15315);
#5408=VERTEX_POINT('',#15317);
#5409=VERTEX_POINT('',#15321);
#5410=VERTEX_POINT('',#15325);
#5411=VERTEX_POINT('',#15329);
#5412=VERTEX_POINT('',#15334);
#5413=VERTEX_POINT('',#15335);
#5414=VERTEX_POINT('',#15339);
#5415=VERTEX_POINT('',#15343);
#5416=VERTEX_POINT('',#15347);
#5417=VERTEX_POINT('',#15351);
#5418=VERTEX_POINT('',#15355);
#5419=VERTEX_POINT('',#15357);
#5420=VERTEX_POINT('',#15359);
#5421=VERTEX_POINT('',#15361);
#5422=VERTEX_POINT('',#15363);
#5423=VERTEX_POINT('',#15365);
#5424=VERTEX_POINT('',#15367);
#5425=VERTEX_POINT('',#15369);
#5426=VERTEX_POINT('',#15371);
#5427=VERTEX_POINT('',#15374);
#5428=VERTEX_POINT('',#15375);
#5429=VERTEX_POINT('',#15377);
#5430=VERTEX_POINT('',#15379);
#5431=VERTEX_POINT('',#15381);
#5432=VERTEX_POINT('',#15383);
#5433=VERTEX_POINT('',#15385);
#5434=VERTEX_POINT('',#15387);
#5435=VERTEX_POINT('',#15389);
#5436=VERTEX_POINT('',#15391);
#5437=VERTEX_POINT('',#15393);
#5438=VERTEX_POINT('',#15395);
#5439=VERTEX_POINT('',#15399);
#5440=VERTEX_POINT('',#15401);
#5441=VERTEX_POINT('',#15402);
#5442=VERTEX_POINT('',#15405);
#5443=VERTEX_POINT('',#15406);
#5444=VERTEX_POINT('',#15409);
#5445=VERTEX_POINT('',#15410);
#5446=VERTEX_POINT('',#15413);
#5447=VERTEX_POINT('',#15414);
#5448=VERTEX_POINT('',#15417);
#5449=VERTEX_POINT('',#15418);
#5450=VERTEX_POINT('',#15421);
#5451=VERTEX_POINT('',#15423);
#5452=VERTEX_POINT('',#15425);
#5453=VERTEX_POINT('',#15427);
#5454=VERTEX_POINT('',#15429);
#5455=VERTEX_POINT('',#15431);
#5456=VERTEX_POINT('',#15433);
#5457=VERTEX_POINT('',#15435);
#5458=VERTEX_POINT('',#15437);
#5459=VERTEX_POINT('',#15439);
#5460=VERTEX_POINT('',#15441);
#5461=VERTEX_POINT('',#15443);
#5462=VERTEX_POINT('',#15445);
#5463=VERTEX_POINT('',#15447);
#5464=VERTEX_POINT('',#15449);
#5465=VERTEX_POINT('',#15451);
#5466=VERTEX_POINT('',#15453);
#5467=VERTEX_POINT('',#15455);
#5468=VERTEX_POINT('',#15457);
#5469=VERTEX_POINT('',#15459);
#5470=VERTEX_POINT('',#15461);
#5471=VERTEX_POINT('',#15463);
#5472=VERTEX_POINT('',#15465);
#5473=VERTEX_POINT('',#15467);
#5474=VERTEX_POINT('',#15469);
#5475=VERTEX_POINT('',#15471);
#5476=VERTEX_POINT('',#15473);
#5477=VERTEX_POINT('',#15475);
#5478=VERTEX_POINT('',#15477);
#5479=VERTEX_POINT('',#15479);
#5480=VERTEX_POINT('',#15481);
#5481=VERTEX_POINT('',#15483);
#5482=VERTEX_POINT('',#15485);
#5483=VERTEX_POINT('',#15487);
#5484=VERTEX_POINT('',#15489);
#5485=VERTEX_POINT('',#15491);
#5486=VERTEX_POINT('',#15493);
#5487=VERTEX_POINT('',#15495);
#5488=VERTEX_POINT('',#15497);
#5489=VERTEX_POINT('',#15499);
#5490=VERTEX_POINT('',#15501);
#5491=VERTEX_POINT('',#15503);
#5492=VERTEX_POINT('',#15505);
#5493=VERTEX_POINT('',#15507);
#5494=VERTEX_POINT('',#15509);
#5495=VERTEX_POINT('',#15511);
#5496=VERTEX_POINT('',#15513);
#5497=VERTEX_POINT('',#15515);
#5498=VERTEX_POINT('',#15517);
#5499=VERTEX_POINT('',#15519);
#5500=VERTEX_POINT('',#15521);
#5501=VERTEX_POINT('',#15523);
#5502=VERTEX_POINT('',#15525);
#5503=VERTEX_POINT('',#15527);
#5504=VERTEX_POINT('',#15529);
#5505=VERTEX_POINT('',#15531);
#5506=VERTEX_POINT('',#15533);
#5507=VERTEX_POINT('',#15535);
#5508=VERTEX_POINT('',#15537);
#5509=VERTEX_POINT('',#15539);
#5510=VERTEX_POINT('',#15541);
#5511=VERTEX_POINT('',#15543);
#5512=VERTEX_POINT('',#15545);
#5513=VERTEX_POINT('',#15547);
#5514=VERTEX_POINT('',#15549);
#5515=VERTEX_POINT('',#15551);
#5516=VERTEX_POINT('',#15553);
#5517=VERTEX_POINT('',#15555);
#5518=VERTEX_POINT('',#15557);
#5519=VERTEX_POINT('',#15559);
#5520=VERTEX_POINT('',#15561);
#5521=VERTEX_POINT('',#15563);
#5522=VERTEX_POINT('',#15565);
#5523=VERTEX_POINT('',#15567);
#5524=VERTEX_POINT('',#15569);
#5525=VERTEX_POINT('',#15571);
#5526=VERTEX_POINT('',#15573);
#5527=VERTEX_POINT('',#15575);
#5528=VERTEX_POINT('',#15577);
#5529=VERTEX_POINT('',#15579);
#5530=VERTEX_POINT('',#15581);
#5531=VERTEX_POINT('',#15583);
#5532=VERTEX_POINT('',#15585);
#5533=VERTEX_POINT('',#15587);
#5534=VERTEX_POINT('',#15589);
#5535=VERTEX_POINT('',#15591);
#5536=VERTEX_POINT('',#15593);
#5537=VERTEX_POINT('',#15595);
#5538=VERTEX_POINT('',#15597);
#5539=VERTEX_POINT('',#15599);
#5540=VERTEX_POINT('',#15601);
#5541=VERTEX_POINT('',#15603);
#5542=VERTEX_POINT('',#15606);
#5543=VERTEX_POINT('',#15607);
#5544=VERTEX_POINT('',#15610);
#5545=VERTEX_POINT('',#15611);
#5546=VERTEX_POINT('',#15614);
#5547=VERTEX_POINT('',#15615);
#5548=VERTEX_POINT('',#15618);
#5549=VERTEX_POINT('',#15619);
#5550=VERTEX_POINT('',#15622);
#5551=VERTEX_POINT('',#15623);
#5552=VERTEX_POINT('',#15626);
#5553=VERTEX_POINT('',#15627);
#5554=VERTEX_POINT('',#15629);
#5555=VERTEX_POINT('',#15631);
#5556=VERTEX_POINT('',#15635);
#5557=VERTEX_POINT('',#15636);
#5558=VERTEX_POINT('',#15641);
#5559=VERTEX_POINT('',#15642);
#5560=VERTEX_POINT('',#15647);
#5561=VERTEX_POINT('',#15648);
#5562=VERTEX_POINT('',#15651);
#5563=VERTEX_POINT('',#15652);
#5564=VERTEX_POINT('',#15655);
#5565=VERTEX_POINT('',#15657);
#5566=VERTEX_POINT('',#15659);
#5567=VERTEX_POINT('',#15661);
#5568=VERTEX_POINT('',#15664);
#5569=VERTEX_POINT('',#15665);
#5570=VERTEX_POINT('',#15667);
#5571=VERTEX_POINT('',#15669);
#5572=VERTEX_POINT('',#15671);
#5573=VERTEX_POINT('',#15673);
#5574=VERTEX_POINT('',#15676);
#5575=VERTEX_POINT('',#15677);
#5576=VERTEX_POINT('',#15680);
#5577=VERTEX_POINT('',#15681);
#5578=VERTEX_POINT('',#15684);
#5579=VERTEX_POINT('',#15685);
#5580=VERTEX_POINT('',#15688);
#5581=VERTEX_POINT('',#15689);
#5582=VERTEX_POINT('',#15692);
#5583=VERTEX_POINT('',#15693);
#5584=VERTEX_POINT('',#15696);
#5585=VERTEX_POINT('',#15698);
#5586=VERTEX_POINT('',#15700);
#5587=VERTEX_POINT('',#15702);
#5588=VERTEX_POINT('',#15704);
#5589=VERTEX_POINT('',#15706);
#5590=VERTEX_POINT('',#15708);
#5591=VERTEX_POINT('',#15710);
#5592=VERTEX_POINT('',#15712);
#5593=VERTEX_POINT('',#15714);
#5594=VERTEX_POINT('',#15716);
#5595=VERTEX_POINT('',#15718);
#5596=VERTEX_POINT('',#15720);
#5597=VERTEX_POINT('',#15722);
#5598=VERTEX_POINT('',#15724);
#5599=VERTEX_POINT('',#15726);
#5600=VERTEX_POINT('',#15728);
#5601=VERTEX_POINT('',#15730);
#5602=VERTEX_POINT('',#15732);
#5603=VERTEX_POINT('',#15734);
#5604=VERTEX_POINT('',#15736);
#5605=VERTEX_POINT('',#15738);
#5606=VERTEX_POINT('',#15740);
#5607=VERTEX_POINT('',#15742);
#5608=VERTEX_POINT('',#15744);
#5609=VERTEX_POINT('',#15746);
#5610=VERTEX_POINT('',#15748);
#5611=VERTEX_POINT('',#15750);
#5612=VERTEX_POINT('',#15752);
#5613=VERTEX_POINT('',#15754);
#5614=VERTEX_POINT('',#15756);
#5615=VERTEX_POINT('',#15758);
#5616=VERTEX_POINT('',#15760);
#5617=VERTEX_POINT('',#15762);
#5618=VERTEX_POINT('',#15764);
#5619=VERTEX_POINT('',#15766);
#5620=VERTEX_POINT('',#15768);
#5621=VERTEX_POINT('',#15772);
#5622=VERTEX_POINT('',#15774);
#5623=VERTEX_POINT('',#15776);
#5624=VERTEX_POINT('',#15778);
#5625=VERTEX_POINT('',#15780);
#5626=VERTEX_POINT('',#15782);
#5627=VERTEX_POINT('',#15784);
#5628=VERTEX_POINT('',#15786);
#5629=VERTEX_POINT('',#15788);
#5630=VERTEX_POINT('',#15790);
#5631=VERTEX_POINT('',#15792);
#5632=VERTEX_POINT('',#15794);
#5633=VERTEX_POINT('',#15796);
#5634=VERTEX_POINT('',#15798);
#5635=VERTEX_POINT('',#15800);
#5636=VERTEX_POINT('',#15802);
#5637=VERTEX_POINT('',#15804);
#5638=VERTEX_POINT('',#15806);
#5639=VERTEX_POINT('',#15808);
#5640=VERTEX_POINT('',#15810);
#5641=VERTEX_POINT('',#15812);
#5642=VERTEX_POINT('',#15814);
#5643=VERTEX_POINT('',#15816);
#5644=VERTEX_POINT('',#15818);
#5645=VERTEX_POINT('',#15820);
#5646=VERTEX_POINT('',#15822);
#5647=VERTEX_POINT('',#15824);
#5648=VERTEX_POINT('',#15826);
#5649=VERTEX_POINT('',#15828);
#5650=VERTEX_POINT('',#15830);
#5651=VERTEX_POINT('',#15832);
#5652=VERTEX_POINT('',#15834);
#5653=VERTEX_POINT('',#15836);
#5654=VERTEX_POINT('',#15838);
#5655=VERTEX_POINT('',#15840);
#5656=VERTEX_POINT('',#15842);
#5657=VERTEX_POINT('',#15844);
#5658=VERTEX_POINT('',#15846);
#5659=VERTEX_POINT('',#15848);
#5660=VERTEX_POINT('',#15850);
#5661=VERTEX_POINT('',#15852);
#5662=VERTEX_POINT('',#15854);
#5663=VERTEX_POINT('',#15856);
#5664=VERTEX_POINT('',#15858);
#5665=VERTEX_POINT('',#15860);
#5666=VERTEX_POINT('',#15862);
#5667=VERTEX_POINT('',#15864);
#5668=VERTEX_POINT('',#15866);
#5669=VERTEX_POINT('',#15868);
#5670=VERTEX_POINT('',#15870);
#5671=VERTEX_POINT('',#15872);
#5672=VERTEX_POINT('',#15874);
#5673=VERTEX_POINT('',#15875);
#5674=VERTEX_POINT('',#15878);
#5675=VERTEX_POINT('',#15879);
#5676=VERTEX_POINT('',#15882);
#5677=VERTEX_POINT('',#15883);
#5678=VERTEX_POINT('',#15902);
#5679=VERTEX_POINT('',#16014);
#5680=VERTEX_POINT('',#16016);
#5681=VERTEX_POINT('',#16018);
#5682=VERTEX_POINT('',#16022);
#5683=VERTEX_POINT('',#16026);
#5684=VERTEX_POINT('',#16030);
#5685=VERTEX_POINT('',#16034);
#5686=VERTEX_POINT('',#16040);
#5687=VERTEX_POINT('',#16041);
#5688=VERTEX_POINT('',#16043);
#5689=VERTEX_POINT('',#16045);
#5690=VERTEX_POINT('',#16048);
#5691=VERTEX_POINT('',#16074);
#5692=VERTEX_POINT('',#16078);
#5693=VERTEX_POINT('',#16089);
#5694=VERTEX_POINT('',#16095);
#5695=VERTEX_POINT('',#16106);
#5696=VERTEX_POINT('',#16119);
#5697=VERTEX_POINT('',#16132);
#5698=VERTEX_POINT('',#16145);
#5699=VERTEX_POINT('',#16151);
#5700=VERTEX_POINT('',#16155);
#5701=VERTEX_POINT('',#16159);
#5702=VERTEX_POINT('',#16170);
#5703=VERTEX_POINT('',#16176);
#5704=VERTEX_POINT('',#16187);
#5705=VERTEX_POINT('',#16200);
#5706=VERTEX_POINT('',#16225);
#5707=VERTEX_POINT('',#16229);
#5708=VERTEX_POINT('',#16233);
#5709=VERTEX_POINT('',#16244);
#5710=VERTEX_POINT('',#16250);
#5711=VERTEX_POINT('',#16254);
#5712=VERTEX_POINT('',#16258);
#5713=VERTEX_POINT('',#16262);
#5714=VERTEX_POINT('',#16266);
#5715=VERTEX_POINT('',#16270);
#5716=VERTEX_POINT('',#16274);
#5717=VERTEX_POINT('',#16278);
#5718=VERTEX_POINT('',#16282);
#5719=VERTEX_POINT('',#16286);
#5720=VERTEX_POINT('',#16290);
#5721=VERTEX_POINT('',#16304);
#5722=VERTEX_POINT('',#16308);
#5723=VERTEX_POINT('',#16319);
#5724=VERTEX_POINT('',#16325);
#5725=VERTEX_POINT('',#16336);
#5726=VERTEX_POINT('',#16349);
#5727=VERTEX_POINT('',#16362);
#5728=VERTEX_POINT('',#16375);
#5729=VERTEX_POINT('',#16381);
#5730=VERTEX_POINT('',#16385);
#5731=VERTEX_POINT('',#16389);
#5732=VERTEX_POINT('',#16400);
#5733=VERTEX_POINT('',#16406);
#5734=VERTEX_POINT('',#16417);
#5735=VERTEX_POINT('',#16430);
#5736=VERTEX_POINT('',#16448);
#5737=VERTEX_POINT('',#16450);
#5738=VERTEX_POINT('',#16454);
#5739=VERTEX_POINT('',#16458);
#5740=VERTEX_POINT('',#16465);
#5741=VERTEX_POINT('',#16467);
#5742=VERTEX_POINT('',#16471);
#5743=VERTEX_POINT('',#16475);
#5744=VERTEX_POINT('',#16486);
#5745=VERTEX_POINT('',#16499);
#5746=VERTEX_POINT('',#16512);
#5747=VERTEX_POINT('',#16518);
#5748=VERTEX_POINT('',#16522);
#5749=VERTEX_POINT('',#16526);
#5750=VERTEX_POINT('',#16530);
#5751=VERTEX_POINT('',#16534);
#5752=VERTEX_POINT('',#16538);
#5753=VERTEX_POINT('',#16542);
#5754=VERTEX_POINT('',#16553);
#5755=VERTEX_POINT('',#16566);
#5756=VERTEX_POINT('',#16579);
#5757=VERTEX_POINT('',#16606);
#5758=VERTEX_POINT('',#16607);
#5759=VERTEX_POINT('',#16609);
#5760=VERTEX_POINT('',#16613);
#5761=VERTEX_POINT('',#16626);
#5762=VERTEX_POINT('',#16628);
#5763=VERTEX_POINT('',#16643);
#5764=VERTEX_POINT('',#16645);
#5765=VERTEX_POINT('',#16660);
#5766=VERTEX_POINT('',#16662);
#5767=VERTEX_POINT('',#16677);
#5768=VERTEX_POINT('',#16679);
#5769=VERTEX_POINT('',#16685);
#5770=VERTEX_POINT('',#16687);
#5771=VERTEX_POINT('',#16691);
#5772=VERTEX_POINT('',#16693);
#5773=VERTEX_POINT('',#16697);
#5774=VERTEX_POINT('',#16699);
#5775=VERTEX_POINT('',#16703);
#5776=VERTEX_POINT('',#16707);
#5777=VERTEX_POINT('',#16718);
#5778=VERTEX_POINT('',#16731);
#5779=VERTEX_POINT('',#16737);
#5780=VERTEX_POINT('',#16741);
#5781=VERTEX_POINT('',#16745);
#5782=VERTEX_POINT('',#16756);
#5783=VERTEX_POINT('',#16769);
#5784=VERTEX_POINT('',#16782);
#5785=VERTEX_POINT('',#16788);
#5786=VERTEX_POINT('',#16792);
#5787=VERTEX_POINT('',#16803);
#5788=VERTEX_POINT('',#16816);
#5789=VERTEX_POINT('',#16829);
#5790=VERTEX_POINT('',#16842);
#5791=VERTEX_POINT('',#16855);
#5792=VERTEX_POINT('',#16887);
#5793=VERTEX_POINT('',#16888);
#5794=VERTEX_POINT('',#16890);
#5795=VERTEX_POINT('',#16894);
#5796=VERTEX_POINT('',#16907);
#5797=VERTEX_POINT('',#16909);
#5798=VERTEX_POINT('',#16924);
#5799=VERTEX_POINT('',#16926);
#5800=VERTEX_POINT('',#16941);
#5801=VERTEX_POINT('',#16943);
#5802=VERTEX_POINT('',#16958);
#5803=VERTEX_POINT('',#16960);
#5804=VERTEX_POINT('',#16975);
#5805=VERTEX_POINT('',#16977);
#5806=VERTEX_POINT('',#16992);
#5807=VERTEX_POINT('',#16994);
#5808=VERTEX_POINT('',#17007);
#5809=VERTEX_POINT('',#17011);
#5810=VERTEX_POINT('',#17022);
#5811=VERTEX_POINT('',#17028);
#5812=VERTEX_POINT('',#17032);
#5813=VERTEX_POINT('',#17036);
#5814=VERTEX_POINT('',#17040);
#5815=VERTEX_POINT('',#17044);
#5816=VERTEX_POINT('',#17048);
#5817=VERTEX_POINT('',#17052);
#5818=VERTEX_POINT('',#17056);
#5819=VERTEX_POINT('',#17060);
#5820=VERTEX_POINT('',#17071);
#5821=VERTEX_POINT('',#17084);
#5822=VERTEX_POINT('',#17097);
#5823=VERTEX_POINT('',#17129);
#5824=VERTEX_POINT('',#17131);
#5825=VERTEX_POINT('',#17135);
#5826=VERTEX_POINT('',#17139);
#5827=VERTEX_POINT('',#17143);
#5828=VERTEX_POINT('',#17147);
#5829=VERTEX_POINT('',#17151);
#5830=VERTEX_POINT('',#17155);
#5831=VERTEX_POINT('',#17159);
#5832=VERTEX_POINT('',#17163);
#5833=VERTEX_POINT('',#17167);
#5834=VERTEX_POINT('',#17171);
#5835=VERTEX_POINT('',#17180);
#5836=VERTEX_POINT('',#17182);
#5837=VERTEX_POINT('',#17186);
#5838=VERTEX_POINT('',#17190);
#5839=CIRCLE('',#10163,0.009);
#5840=CIRCLE('',#10164,0.009);
#5841=CIRCLE('',#10169,0.009);
#5842=CIRCLE('',#10170,0.009);
#5843=CIRCLE('',#10175,0.009);
#5844=CIRCLE('',#10176,0.009);
#5845=CIRCLE('',#10181,0.009);
#5846=CIRCLE('',#10182,0.009);
#5847=CIRCLE('',#10187,0.009);
#5848=CIRCLE('',#10188,0.009);
#5849=CIRCLE('',#10193,0.009);
#5850=CIRCLE('',#10194,0.009);
#5851=CIRCLE('',#10199,0.009);
#5852=CIRCLE('',#10200,0.009);
#5853=CIRCLE('',#10205,0.009);
#5854=CIRCLE('',#10206,0.009);
#5855=CIRCLE('',#10211,0.009);
#5856=CIRCLE('',#10212,0.009);
#5857=CIRCLE('',#10217,0.009);
#5858=CIRCLE('',#10218,0.009);
#5859=CIRCLE('',#10223,0.009);
#5860=CIRCLE('',#10224,0.009);
#5861=CIRCLE('',#10229,0.009);
#5862=CIRCLE('',#10230,0.009);
#5863=CIRCLE('',#10235,0.009);
#5864=CIRCLE('',#10236,0.009);
#5865=CIRCLE('',#10241,0.009);
#5866=CIRCLE('',#10242,0.009);
#5867=CIRCLE('',#10247,0.009);
#5868=CIRCLE('',#10248,0.009);
#5869=CIRCLE('',#10253,0.009);
#5870=CIRCLE('',#10254,0.009);
#5871=CIRCLE('',#10259,0.009);
#5872=CIRCLE('',#10260,0.009);
#5873=CIRCLE('',#10265,0.009);
#5874=CIRCLE('',#10266,0.009);
#5875=CIRCLE('',#10271,0.009);
#5876=CIRCLE('',#10272,0.009);
#5877=CIRCLE('',#10277,0.009);
#5878=CIRCLE('',#10278,0.009);
#5879=CIRCLE('',#10283,0.009);
#5880=CIRCLE('',#10284,0.009);
#5881=CIRCLE('',#10289,0.009);
#5882=CIRCLE('',#10290,0.009);
#5883=CIRCLE('',#10295,0.009);
#5884=CIRCLE('',#10296,0.009);
#5885=CIRCLE('',#10301,0.009);
#5886=CIRCLE('',#10302,0.009);
#5887=CIRCLE('',#10307,0.009);
#5888=CIRCLE('',#10308,0.009);
#5889=CIRCLE('',#10313,0.009);
#5890=CIRCLE('',#10314,0.009);
#5891=CIRCLE('',#10319,0.009);
#5892=CIRCLE('',#10320,0.009);
#5893=CIRCLE('',#10325,0.009);
#5894=CIRCLE('',#10326,0.009);
#5895=CIRCLE('',#10331,0.009);
#5896=CIRCLE('',#10332,0.009);
#5897=CIRCLE('',#10337,0.009);
#5898=CIRCLE('',#10338,0.009);
#5899=CIRCLE('',#10343,0.009);
#5900=CIRCLE('',#10344,0.009);
#5901=CIRCLE('',#10349,0.009);
#5902=CIRCLE('',#10350,0.009);
#5903=CIRCLE('',#10355,0.009);
#5904=CIRCLE('',#10356,0.009);
#5905=CIRCLE('',#10361,0.009);
#5906=CIRCLE('',#10362,0.009);
#5907=CIRCLE('',#10367,0.009);
#5908=CIRCLE('',#10368,0.009);
#5909=CIRCLE('',#10373,0.009);
#5910=CIRCLE('',#10374,0.009);
#5911=CIRCLE('',#10379,0.009);
#5912=CIRCLE('',#10380,0.009);
#5913=CIRCLE('',#10385,0.009);
#5914=CIRCLE('',#10386,0.009);
#5915=CIRCLE('',#10391,0.009);
#5916=CIRCLE('',#10392,0.009);
#5917=CIRCLE('',#10397,0.009);
#5918=CIRCLE('',#10398,0.009);
#5919=CIRCLE('',#10403,0.009);
#5920=CIRCLE('',#10404,0.009);
#5921=CIRCLE('',#10409,0.009);
#5922=CIRCLE('',#10410,0.009);
#5923=CIRCLE('',#10415,0.009);
#5924=CIRCLE('',#10416,0.009);
#5925=CIRCLE('',#10421,0.009);
#5926=CIRCLE('',#10422,0.009);
#5927=CIRCLE('',#10427,0.009);
#5928=CIRCLE('',#10428,0.009);
#5929=CIRCLE('',#10433,0.009);
#5930=CIRCLE('',#10434,0.009);
#5931=CIRCLE('',#10439,0.009);
#5932=CIRCLE('',#10440,0.009);
#5933=CIRCLE('',#10445,0.009);
#5934=CIRCLE('',#10446,0.009);
#5935=CIRCLE('',#10451,0.009);
#5936=CIRCLE('',#10452,0.009);
#5937=CIRCLE('',#10457,0.009);
#5938=CIRCLE('',#10458,0.009);
#5939=CIRCLE('',#10463,0.009);
#5940=CIRCLE('',#10464,0.009);
#5941=CIRCLE('',#10469,0.009);
#5942=CIRCLE('',#10470,0.009);
#5943=CIRCLE('',#10475,0.009);
#5944=CIRCLE('',#10476,0.009);
#5945=CIRCLE('',#10481,0.009);
#5946=CIRCLE('',#10482,0.009);
#5947=CIRCLE('',#10487,0.009);
#5948=CIRCLE('',#10488,0.009);
#5949=CIRCLE('',#10493,0.009);
#5950=CIRCLE('',#10494,0.009);
#5951=CIRCLE('',#10499,0.009);
#5952=CIRCLE('',#10500,0.009);
#5953=CIRCLE('',#10505,0.009);
#5954=CIRCLE('',#10506,0.009);
#5955=CIRCLE('',#10511,0.009);
#5956=CIRCLE('',#10512,0.009);
#5957=CIRCLE('',#10517,0.009);
#5958=CIRCLE('',#10518,0.009);
#5959=CIRCLE('',#10523,0.009);
#5960=CIRCLE('',#10524,0.009);
#5961=CIRCLE('',#10529,0.009);
#5962=CIRCLE('',#10530,0.009);
#5963=CIRCLE('',#10535,0.009);
#5964=CIRCLE('',#10536,0.009);
#5965=CIRCLE('',#10541,0.009);
#5966=CIRCLE('',#10542,0.009);
#5967=CIRCLE('',#10547,0.009);
#5968=CIRCLE('',#10548,0.009);
#5969=CIRCLE('',#10553,0.009);
#5970=CIRCLE('',#10554,0.009);
#5971=CIRCLE('',#10559,0.009);
#5972=CIRCLE('',#10560,0.009);
#5973=CIRCLE('',#10565,0.009);
#5974=CIRCLE('',#10566,0.009);
#5975=CIRCLE('',#10571,0.009);
#5976=CIRCLE('',#10572,0.009);
#5977=CIRCLE('',#10577,0.009);
#5978=CIRCLE('',#10578,0.009);
#5979=CIRCLE('',#10583,0.009);
#5980=CIRCLE('',#10584,0.009);
#5981=CIRCLE('',#10589,0.009);
#5982=CIRCLE('',#10590,0.009);
#5983=CIRCLE('',#10595,0.009);
#5984=CIRCLE('',#10596,0.009);
#5985=CIRCLE('',#10601,0.009);
#5986=CIRCLE('',#10602,0.009);
#5987=CIRCLE('',#10607,0.009);
#5988=CIRCLE('',#10608,0.009);
#5989=CIRCLE('',#10613,0.009);
#5990=CIRCLE('',#10614,0.009);
#5991=CIRCLE('',#10619,0.009);
#5992=CIRCLE('',#10620,0.009);
#5993=CIRCLE('',#10625,0.009);
#5994=CIRCLE('',#10626,0.009);
#5995=CIRCLE('',#10631,0.009);
#5996=CIRCLE('',#10632,0.009);
#5997=CIRCLE('',#10637,0.009);
#5998=CIRCLE('',#10638,0.009);
#5999=CIRCLE('',#10643,0.009);
#6000=CIRCLE('',#10644,0.009);
#6001=CIRCLE('',#10649,0.009);
#6002=CIRCLE('',#10650,0.009);
#6003=CIRCLE('',#10655,0.009);
#6004=CIRCLE('',#10656,0.009);
#6005=CIRCLE('',#10661,0.009);
#6006=CIRCLE('',#10662,0.009);
#6007=CIRCLE('',#10667,0.009);
#6008=CIRCLE('',#10668,0.009);
#6009=CIRCLE('',#10673,0.009);
#6010=CIRCLE('',#10674,0.009);
#6011=CIRCLE('',#10679,0.009);
#6012=CIRCLE('',#10680,0.009);
#6013=CIRCLE('',#10685,0.009);
#6014=CIRCLE('',#10686,0.009);
#6015=CIRCLE('',#10691,0.009);
#6016=CIRCLE('',#10692,0.009);
#6017=CIRCLE('',#10697,0.009);
#6018=CIRCLE('',#10698,0.009);
#6019=CIRCLE('',#10777,0.00448803435553637);
#6020=CIRCLE('',#10778,0.00441679418708872);
#6021=CIRCLE('',#10779,0.00426830901959467);
#6022=CIRCLE('',#10780,0.004414800050743);
#6023=CIRCLE('',#10781,0.0031136330082948);
#6024=CIRCLE('',#10782,0.00426830901959663);
#6025=CIRCLE('',#10783,0.00441480005074284);
#6026=CIRCLE('',#10784,0.00311363300831334);
#6027=CIRCLE('',#10785,0.00189146336371224);
#6028=CIRCLE('',#10786,0.00209604890793126);
#6029=CIRCLE('',#10787,0.0167513517700601);
#6030=CIRCLE('',#10789,0.003);
#6031=CIRCLE('',#10790,0.0025);
#6032=CIRCLE('',#10791,0.0025);
#6033=CIRCLE('',#10792,0.0025);
#6034=CIRCLE('',#10793,0.0025);
#6035=CIRCLE('',#10794,0.0025);
#6036=CIRCLE('',#10795,0.0025);
#6037=CIRCLE('',#10796,0.0025);
#6038=CIRCLE('',#10797,0.0025);
#6039=CIRCLE('',#10798,0.0025);
#6040=CIRCLE('',#10799,0.0025);
#6041=CIRCLE('',#10800,0.00925);
#6042=CIRCLE('',#10801,0.00925);
#6043=CIRCLE('',#10802,0.00925);
#6044=CIRCLE('',#10803,0.00925);
#6045=CIRCLE('',#10804,0.00925);
#6046=CIRCLE('',#10805,0.00925);
#6047=CIRCLE('',#10806,0.00925);
#6048=CIRCLE('',#10807,0.00925);
#6049=CIRCLE('',#10808,0.00925);
#6050=CIRCLE('',#10809,0.00925);
#6051=CIRCLE('',#10810,0.00925);
#6052=CIRCLE('',#10811,0.00925);
#6053=CIRCLE('',#10812,0.00925);
#6054=CIRCLE('',#10813,0.00925);
#6055=CIRCLE('',#10814,0.00925);
#6056=CIRCLE('',#10815,0.00925);
#6057=CIRCLE('',#10816,0.00925);
#6058=CIRCLE('',#10817,0.00925);
#6059=CIRCLE('',#10818,0.00925);
#6060=CIRCLE('',#10819,0.00925);
#6061=CIRCLE('',#10820,0.00925);
#6062=CIRCLE('',#10821,0.00925);
#6063=CIRCLE('',#10822,0.00925);
#6064=CIRCLE('',#10823,0.00925);
#6065=CIRCLE('',#10824,0.00925);
#6066=CIRCLE('',#10825,0.00925);
#6067=CIRCLE('',#10826,0.00925);
#6068=CIRCLE('',#10827,0.00925);
#6069=CIRCLE('',#10828,0.00925);
#6070=CIRCLE('',#10829,0.00925);
#6071=CIRCLE('',#10830,0.00925);
#6072=CIRCLE('',#10831,0.00925);
#6073=CIRCLE('',#10832,0.00925);
#6074=CIRCLE('',#10833,0.00925);
#6075=CIRCLE('',#10834,0.00925);
#6076=CIRCLE('',#10835,0.00925);
#6077=CIRCLE('',#10836,0.00925);
#6078=CIRCLE('',#10837,0.00925);
#6079=CIRCLE('',#10838,0.00925);
#6080=CIRCLE('',#10839,0.00925);
#6081=CIRCLE('',#10840,0.00925);
#6082=CIRCLE('',#10841,0.00925);
#6083=CIRCLE('',#10842,0.00925);
#6084=CIRCLE('',#10843,0.00925);
#6085=CIRCLE('',#10844,0.00925);
#6086=CIRCLE('',#10845,0.00925);
#6087=CIRCLE('',#10846,0.00925);
#6088=CIRCLE('',#10847,0.00925);
#6089=CIRCLE('',#10848,0.00925);
#6090=CIRCLE('',#10849,0.00925);
#6091=CIRCLE('',#10850,0.00925);
#6092=CIRCLE('',#10851,0.00925);
#6093=CIRCLE('',#10852,0.00925);
#6094=CIRCLE('',#10853,0.00925);
#6095=CIRCLE('',#10854,0.00925);
#6096=CIRCLE('',#10855,0.00925);
#6097=CIRCLE('',#10856,0.00925);
#6098=CIRCLE('',#10857,0.00925);
#6099=CIRCLE('',#10858,0.00925);
#6100=CIRCLE('',#10859,0.00925);
#6101=CIRCLE('',#10860,0.00925);
#6102=CIRCLE('',#10861,0.00925);
#6103=CIRCLE('',#10862,0.00925);
#6104=CIRCLE('',#10863,0.00925);
#6105=CIRCLE('',#10864,0.00925);
#6106=CIRCLE('',#10865,0.00925);
#6107=CIRCLE('',#10866,0.00925);
#6108=CIRCLE('',#10867,0.00925);
#6109=CIRCLE('',#10868,0.00925);
#6110=CIRCLE('',#10869,0.00925);
#6111=CIRCLE('',#10870,0.00925);
#6112=CIRCLE('',#10871,0.00925);
#6113=CIRCLE('',#10872,0.00925);
#6114=CIRCLE('',#10873,0.00925);
#6115=CIRCLE('',#10874,0.00925);
#6116=CIRCLE('',#10875,0.00925);
#6117=CIRCLE('',#10876,0.00925);
#6118=CIRCLE('',#10877,0.00925);
#6119=CIRCLE('',#10878,0.00925);
#6120=CIRCLE('',#10879,0.00925);
#6121=CIRCLE('',#10880,0.00925);
#6122=CIRCLE('',#10881,0.00925);
#6123=CIRCLE('',#10882,0.00925);
#6124=CIRCLE('',#10883,0.00925);
#6125=CIRCLE('',#10884,0.00925);
#6126=CIRCLE('',#10885,0.00925);
#6127=CIRCLE('',#10886,0.00925);
#6128=CIRCLE('',#10887,0.00925);
#6129=CIRCLE('',#10888,0.0025);
#6130=CIRCLE('',#10889,0.0025);
#6131=CIRCLE('',#10890,0.0025);
#6132=CIRCLE('',#10891,0.0025);
#6133=CIRCLE('',#10892,0.0025);
#6134=CIRCLE('',#10893,0.0025);
#6135=CIRCLE('',#10894,0.0025);
#6136=CIRCLE('',#10895,0.0025);
#6137=CIRCLE('',#10896,0.0025);
#6138=CIRCLE('',#10897,0.0025);
#6139=CIRCLE('',#10898,0.00925);
#6140=CIRCLE('',#10899,0.003);
#6141=CIRCLE('',#10900,0.00925);
#6142=CIRCLE('',#10901,0.003);
#6143=CIRCLE('',#10903,0.00925);
#6144=CIRCLE('',#10905,0.00925);
#6145=CIRCLE('',#10907,0.0025);
#6146=CIRCLE('',#10908,0.0025);
#6147=CIRCLE('',#10909,0.0025);
#6148=CIRCLE('',#10910,0.0025);
#6149=CIRCLE('',#10911,0.0025);
#6150=CIRCLE('',#10912,0.0025);
#6151=CIRCLE('',#10913,0.0025);
#6152=CIRCLE('',#10914,0.0025);
#6153=CIRCLE('',#10915,0.0025);
#6154=CIRCLE('',#10916,0.0025);
#6155=CIRCLE('',#10917,0.0025);
#6156=CIRCLE('',#10918,0.0025);
#6157=CIRCLE('',#10919,0.0025);
#6158=CIRCLE('',#10920,0.0025);
#6159=CIRCLE('',#10921,0.00925);
#6160=CIRCLE('',#10922,0.00925);
#6161=CIRCLE('',#10923,0.00925);
#6162=CIRCLE('',#10924,0.00925);
#6163=CIRCLE('',#10925,0.00925);
#6164=CIRCLE('',#10926,0.00925);
#6165=CIRCLE('',#10927,0.00925);
#6166=CIRCLE('',#10928,0.00925);
#6167=CIRCLE('',#10929,0.00925);
#6168=CIRCLE('',#10930,0.00925);
#6169=CIRCLE('',#10931,0.00925);
#6170=CIRCLE('',#10932,0.00925);
#6171=CIRCLE('',#10933,0.00925);
#6172=CIRCLE('',#10934,0.00925);
#6173=CIRCLE('',#10935,0.00925);
#6174=CIRCLE('',#10936,0.00925);
#6175=CIRCLE('',#10937,0.00925);
#6176=CIRCLE('',#10938,0.00925);
#6177=CIRCLE('',#10939,0.00925);
#6178=CIRCLE('',#10940,0.00925);
#6179=CIRCLE('',#10941,0.00925);
#6180=CIRCLE('',#10942,0.00925);
#6181=CIRCLE('',#10943,0.00925);
#6182=CIRCLE('',#10944,0.00925);
#6183=CIRCLE('',#10945,0.00925);
#6184=CIRCLE('',#10946,0.00925);
#6185=CIRCLE('',#10947,0.00925);
#6186=CIRCLE('',#10948,0.00925);
#6187=CIRCLE('',#10949,0.00925);
#6188=CIRCLE('',#10950,0.00925);
#6189=CIRCLE('',#10951,0.00925);
#6190=CIRCLE('',#10952,0.00925);
#6191=CIRCLE('',#10953,0.00925);
#6192=CIRCLE('',#10954,0.00925);
#6193=CIRCLE('',#10955,0.00925);
#6194=CIRCLE('',#10956,0.00925);
#6195=CIRCLE('',#10957,0.00925);
#6196=CIRCLE('',#10958,0.003);
#6197=CIRCLE('',#10959,0.003);
#6198=CIRCLE('',#10960,0.00925);
#6199=CIRCLE('',#10961,0.00925);
#6200=CIRCLE('',#10962,0.00925);
#6201=CIRCLE('',#10963,0.00925);
#6202=CIRCLE('',#10964,0.00925);
#6203=CIRCLE('',#10965,0.00925);
#6204=CIRCLE('',#10966,0.00925);
#6205=CIRCLE('',#10967,0.00925);
#6206=CIRCLE('',#10968,0.00925);
#6207=CIRCLE('',#10969,0.00925);
#6208=CIRCLE('',#10970,0.00925);
#6209=CIRCLE('',#10971,0.00925);
#6210=CIRCLE('',#10972,0.00925);
#6211=CIRCLE('',#10973,0.00925);
#6212=CIRCLE('',#10974,0.00925);
#6213=CIRCLE('',#10975,0.00925);
#6214=CIRCLE('',#10976,0.00925);
#6215=CIRCLE('',#10977,0.00925);
#6216=CIRCLE('',#10978,0.00925);
#6217=CIRCLE('',#10979,0.00925);
#6218=CIRCLE('',#10980,0.00925);
#6219=CIRCLE('',#10981,0.00925);
#6220=CIRCLE('',#10982,0.00925);
#6221=CIRCLE('',#10983,0.00925);
#6222=CIRCLE('',#10984,0.00925);
#6223=CIRCLE('',#10985,0.00925);
#6224=CIRCLE('',#10986,0.00925);
#6225=CIRCLE('',#10987,0.00925);
#6226=CIRCLE('',#10988,0.00925);
#6227=CIRCLE('',#10989,0.00925);
#6228=CIRCLE('',#10990,0.00925);
#6229=CIRCLE('',#10991,0.00925);
#6230=CIRCLE('',#10992,0.00925);
#6231=CIRCLE('',#10993,0.00925);
#6232=CIRCLE('',#10994,0.00925);
#6233=CIRCLE('',#10995,0.00925);
#6234=CIRCLE('',#10996,0.00925);
#6235=CIRCLE('',#10997,0.00925);
#6236=CIRCLE('',#10998,0.00925);
#6237=CIRCLE('',#10999,0.00925);
#6238=CIRCLE('',#11000,0.00925);
#6239=CIRCLE('',#11001,0.00925);
#6240=CIRCLE('',#11002,0.00925);
#6241=CIRCLE('',#11003,0.00925);
#6242=CIRCLE('',#11004,0.00925);
#6243=CIRCLE('',#11005,0.00925);
#6244=CIRCLE('',#11006,0.00925);
#6245=CIRCLE('',#11007,0.00925);
#6246=CIRCLE('',#11008,0.00925);
#6247=CIRCLE('',#11009,0.00925);
#6248=CIRCLE('',#11010,0.00925);
#6249=CIRCLE('',#11011,0.0025);
#6250=CIRCLE('',#11012,0.0025);
#6251=CIRCLE('',#11013,0.0025);
#6252=CIRCLE('',#11014,0.0025);
#6253=CIRCLE('',#11015,0.0025);
#6254=CIRCLE('',#11016,0.0025);
#6255=CIRCLE('',#11023,0.01);
#6256=CIRCLE('',#11120,0.01);
#6257=CIRCLE('',#11127,0.003);
#6258=CIRCLE('',#11146,0.0031136330082948);
#6259=CIRCLE('',#11148,0.004414800050743);
#6260=CIRCLE('',#11151,0.00426830901959467);
#6261=CIRCLE('',#11169,0.00311363300831334);
#6262=CIRCLE('',#11171,0.00441480005074284);
#6263=CIRCLE('',#11174,0.00426830901959663);
#6264=CIRCLE('',#11185,0.00189146336371224);
#6265=CIRCLE('',#11199,0.00441679418708872);
#6266=CIRCLE('',#11201,0.00448803435553637);
#6267=CIRCLE('',#11209,0.0167513517700601);
#6268=CIRCLE('',#11217,0.00209604890793126);
#6269=EDGE_LOOP('',(#1770));
#6270=EDGE_LOOP('',(#1771));
#6271=EDGE_LOOP('',(#1772));
#6272=EDGE_LOOP('',(#1773));
#6273=EDGE_LOOP('',(#1774));
#6274=EDGE_LOOP('',(#1775));
#6275=EDGE_LOOP('',(#1776));
#6276=EDGE_LOOP('',(#1777));
#6277=EDGE_LOOP('',(#1778));
#6278=EDGE_LOOP('',(#1779));
#6279=EDGE_LOOP('',(#1780));
#6280=EDGE_LOOP('',(#1781));
#6281=EDGE_LOOP('',(#1782));
#6282=EDGE_LOOP('',(#1783));
#6283=EDGE_LOOP('',(#1784));
#6284=EDGE_LOOP('',(#1785));
#6285=EDGE_LOOP('',(#1786));
#6286=EDGE_LOOP('',(#1787));
#6287=EDGE_LOOP('',(#1788));
#6288=EDGE_LOOP('',(#1789));
#6289=EDGE_LOOP('',(#1790));
#6290=EDGE_LOOP('',(#1791));
#6291=EDGE_LOOP('',(#1792));
#6292=EDGE_LOOP('',(#1793));
#6293=EDGE_LOOP('',(#1794));
#6294=EDGE_LOOP('',(#1795));
#6295=EDGE_LOOP('',(#1796));
#6296=EDGE_LOOP('',(#1797));
#6297=EDGE_LOOP('',(#1798));
#6298=EDGE_LOOP('',(#1799));
#6299=EDGE_LOOP('',(#1800));
#6300=EDGE_LOOP('',(#1801));
#6301=EDGE_LOOP('',(#1802));
#6302=EDGE_LOOP('',(#1803));
#6303=EDGE_LOOP('',(#1804));
#6304=EDGE_LOOP('',(#1805));
#6305=EDGE_LOOP('',(#1806));
#6306=EDGE_LOOP('',(#1807));
#6307=EDGE_LOOP('',(#1808));
#6308=EDGE_LOOP('',(#1809));
#6309=EDGE_LOOP('',(#1810));
#6310=EDGE_LOOP('',(#1811));
#6311=EDGE_LOOP('',(#1812));
#6312=EDGE_LOOP('',(#1813));
#6313=EDGE_LOOP('',(#1814));
#6314=EDGE_LOOP('',(#1815));
#6315=EDGE_LOOP('',(#1816));
#6316=EDGE_LOOP('',(#1817));
#6317=EDGE_LOOP('',(#1818));
#6318=EDGE_LOOP('',(#1819));
#6319=EDGE_LOOP('',(#1820));
#6320=EDGE_LOOP('',(#1821));
#6321=EDGE_LOOP('',(#1822));
#6322=EDGE_LOOP('',(#1823));
#6323=EDGE_LOOP('',(#1824));
#6324=EDGE_LOOP('',(#1825));
#6325=EDGE_LOOP('',(#1826));
#6326=EDGE_LOOP('',(#1827));
#6327=EDGE_LOOP('',(#1828));
#6328=EDGE_LOOP('',(#1829));
#6329=EDGE_LOOP('',(#1830));
#6330=EDGE_LOOP('',(#1831));
#6331=EDGE_LOOP('',(#1832));
#6332=EDGE_LOOP('',(#1833));
#6333=EDGE_LOOP('',(#1834));
#6334=EDGE_LOOP('',(#1835));
#6335=EDGE_LOOP('',(#1836));
#6336=EDGE_LOOP('',(#1837));
#6337=EDGE_LOOP('',(#1838));
#6338=EDGE_LOOP('',(#1839));
#6339=EDGE_LOOP('',(#1840));
#6340=EDGE_LOOP('',(#1841));
#6341=EDGE_LOOP('',(#1842));
#6342=EDGE_LOOP('',(#1843));
#6343=EDGE_LOOP('',(#1844));
#6344=EDGE_LOOP('',(#1845));
#6345=EDGE_LOOP('',(#1846));
#6346=EDGE_LOOP('',(#1847));
#6347=EDGE_LOOP('',(#1848));
#6348=EDGE_LOOP('',(#1849));
#6349=EDGE_LOOP('',(#1850));
#6350=EDGE_LOOP('',(#1851));
#6351=EDGE_LOOP('',(#1852));
#6352=EDGE_LOOP('',(#1853));
#6353=EDGE_LOOP('',(#1854));
#6354=EDGE_LOOP('',(#1855));
#6355=EDGE_LOOP('',(#1856));
#6356=EDGE_LOOP('',(#1857));
#6357=EDGE_LOOP('',(#1858));
#6358=EDGE_LOOP('',(#1859));
#6359=EDGE_LOOP('',(#1860));
#6360=EDGE_LOOP('',(#1861));
#6361=EDGE_LOOP('',(#1862));
#6362=EDGE_LOOP('',(#1863));
#6363=EDGE_LOOP('',(#1864));
#6364=EDGE_LOOP('',(#1865));
#6365=EDGE_LOOP('',(#1866));
#6366=EDGE_LOOP('',(#1867));
#6367=EDGE_LOOP('',(#1868));
#6368=EDGE_LOOP('',(#1869));
#6369=EDGE_LOOP('',(#1870));
#6370=EDGE_LOOP('',(#1871));
#6371=EDGE_LOOP('',(#1872));
#6372=EDGE_LOOP('',(#1873));
#6373=EDGE_LOOP('',(#1874));
#6374=EDGE_LOOP('',(#1875));
#6375=EDGE_LOOP('',(#1876));
#6376=EDGE_LOOP('',(#1877));
#6377=EDGE_LOOP('',(#1878));
#6378=EDGE_LOOP('',(#1879));
#6379=EDGE_LOOP('',(#1880));
#6380=EDGE_LOOP('',(#1881));
#6381=EDGE_LOOP('',(#1882));
#6382=EDGE_LOOP('',(#1883));
#6383=EDGE_LOOP('',(#1884));
#6384=EDGE_LOOP('',(#1885));
#6385=EDGE_LOOP('',(#1886));
#6386=EDGE_LOOP('',(#1887));
#6387=EDGE_LOOP('',(#1888));
#6388=EDGE_LOOP('',(#1889));
#6389=EDGE_LOOP('',(#1890));
#6390=EDGE_LOOP('',(#1891));
#6391=EDGE_LOOP('',(#1892));
#6392=EDGE_LOOP('',(#1893));
#6393=EDGE_LOOP('',(#1894));
#6394=EDGE_LOOP('',(#1895));
#6395=EDGE_LOOP('',(#1896));
#6396=EDGE_LOOP('',(#1897));
#6397=EDGE_LOOP('',(#1898));
#6398=EDGE_LOOP('',(#1899));
#6399=EDGE_LOOP('',(#1900));
#6400=EDGE_LOOP('',(#1901));
#6401=EDGE_LOOP('',(#1902));
#6402=EDGE_LOOP('',(#1903));
#6403=EDGE_LOOP('',(#1904));
#6404=EDGE_LOOP('',(#1905));
#6405=EDGE_LOOP('',(#1906));
#6406=EDGE_LOOP('',(#1907));
#6407=EDGE_LOOP('',(#1908));
#6408=EDGE_LOOP('',(#1909));
#6409=EDGE_LOOP('',(#1910));
#6410=EDGE_LOOP('',(#1911));
#6411=EDGE_LOOP('',(#1912));
#6412=EDGE_LOOP('',(#1913));
#6413=EDGE_LOOP('',(#1914));
#6414=EDGE_LOOP('',(#1915));
#6415=EDGE_LOOP('',(#1916));
#6416=EDGE_LOOP('',(#1917));
#6417=EDGE_LOOP('',(#1918));
#6418=EDGE_LOOP('',(#1919));
#6419=EDGE_LOOP('',(#1920));
#6420=EDGE_LOOP('',(#1921));
#6421=EDGE_LOOP('',(#1922));
#6422=EDGE_LOOP('',(#1923));
#6423=EDGE_LOOP('',(#1924));
#6424=EDGE_LOOP('',(#1925));
#6425=EDGE_LOOP('',(#1926));
#6426=EDGE_LOOP('',(#1927));
#6427=EDGE_LOOP('',(#1928));
#6428=EDGE_LOOP('',(#1929));
#6429=EDGE_LOOP('',(#1930));
#6430=EDGE_LOOP('',(#1931));
#6431=EDGE_LOOP('',(#1932));
#6432=EDGE_LOOP('',(#1933));
#6433=EDGE_LOOP('',(#1934));
#6434=EDGE_LOOP('',(#1935));
#6435=EDGE_LOOP('',(#1936));
#6436=EDGE_LOOP('',(#1937));
#6437=EDGE_LOOP('',(#1938));
#6438=EDGE_LOOP('',(#1939));
#6439=EDGE_LOOP('',(#1940));
#6440=EDGE_LOOP('',(#1941));
#6441=EDGE_LOOP('',(#1942));
#6442=EDGE_LOOP('',(#1943));
#6443=EDGE_LOOP('',(#1944));
#6444=EDGE_LOOP('',(#1945));
#6445=EDGE_LOOP('',(#1946));
#6446=EDGE_LOOP('',(#1947));
#6447=EDGE_LOOP('',(#1948));
#6448=EDGE_LOOP('',(#1949));
#6449=EDGE_LOOP('',(#1950));
#6450=EDGE_LOOP('',(#1951));
#6451=EDGE_LOOP('',(#1952));
#6452=EDGE_LOOP('',(#1953));
#6453=EDGE_LOOP('',(#1954));
#6454=EDGE_LOOP('',(#1955));
#6455=EDGE_LOOP('',(#1956));
#6456=EDGE_LOOP('',(#1957));
#6457=EDGE_LOOP('',(#1958));
#6458=EDGE_LOOP('',(#1959));
#6459=EDGE_LOOP('',(#1960));
#6460=EDGE_LOOP('',(#1961));
#6461=EDGE_LOOP('',(#1962));
#6462=EDGE_LOOP('',(#1963));
#6463=EDGE_LOOP('',(#1964));
#6464=EDGE_LOOP('',(#1965));
#6465=EDGE_LOOP('',(#1966));
#6466=EDGE_LOOP('',(#1967));
#6467=EDGE_LOOP('',(#1968));
#6468=EDGE_LOOP('',(#1969));
#6469=EDGE_LOOP('',(#1970));
#6470=EDGE_LOOP('',(#1971));
#6471=EDGE_LOOP('',(#1972));
#6472=EDGE_LOOP('',(#1973));
#6473=EDGE_LOOP('',(#1974));
#6474=EDGE_LOOP('',(#1975));
#6475=EDGE_LOOP('',(#1976));
#6476=EDGE_LOOP('',(#1977));
#6477=EDGE_LOOP('',(#1978));
#6478=EDGE_LOOP('',(#1979));
#6479=EDGE_LOOP('',(#1980));
#6480=EDGE_LOOP('',(#1981));
#6481=EDGE_LOOP('',(#1982));
#6482=EDGE_LOOP('',(#1983));
#6483=EDGE_LOOP('',(#1984));
#6484=EDGE_LOOP('',(#1985));
#6485=EDGE_LOOP('',(#1986));
#6486=EDGE_LOOP('',(#1987));
#6487=EDGE_LOOP('',(#1988));
#6488=EDGE_LOOP('',(#1989));
#6489=EDGE_LOOP('',(#1990));
#6490=EDGE_LOOP('',(#1991));
#6491=EDGE_LOOP('',(#1992));
#6492=EDGE_LOOP('',(#1993));
#6493=EDGE_LOOP('',(#1994));
#6494=EDGE_LOOP('',(#1995));
#6495=EDGE_LOOP('',(#1996));
#6496=EDGE_LOOP('',(#1997));
#6497=EDGE_LOOP('',(#1998));
#6498=EDGE_LOOP('',(#1999));
#6499=EDGE_LOOP('',(#2000));
#6500=EDGE_LOOP('',(#2001));
#6501=EDGE_LOOP('',(#2002));
#6502=EDGE_LOOP('',(#2003));
#6503=EDGE_LOOP('',(#2004));
#6504=EDGE_LOOP('',(#2005));
#6505=EDGE_LOOP('',(#2006));
#6506=EDGE_LOOP('',(#2007));
#6507=EDGE_LOOP('',(#2008));
#6508=EDGE_LOOP('',(#2009));
#6509=EDGE_LOOP('',(#2010));
#6510=EDGE_LOOP('',(#2011));
#6511=EDGE_LOOP('',(#2012));
#6512=EDGE_LOOP('',(#2013));
#6513=EDGE_LOOP('',(#2014));
#6514=EDGE_LOOP('',(#2015));
#6515=EDGE_LOOP('',(#2016));
#6516=EDGE_LOOP('',(#2017));
#6517=EDGE_LOOP('',(#2018));
#6518=EDGE_LOOP('',(#2019));
#6519=EDGE_LOOP('',(#2020));
#6520=EDGE_LOOP('',(#2021));
#6521=EDGE_LOOP('',(#2022));
#6522=EDGE_LOOP('',(#2023));
#6523=EDGE_LOOP('',(#2024));
#6524=EDGE_LOOP('',(#2025));
#6525=EDGE_LOOP('',(#2026));
#6526=EDGE_LOOP('',(#2027));
#6527=EDGE_LOOP('',(#2028));
#6528=EDGE_LOOP('',(#2029));
#6529=EDGE_LOOP('',(#2030));
#6530=EDGE_LOOP('',(#2031));
#6531=EDGE_LOOP('',(#2032));
#6532=EDGE_LOOP('',(#2033));
#6533=EDGE_LOOP('',(#2034));
#6534=EDGE_LOOP('',(#2035));
#6535=EDGE_LOOP('',(#2036));
#6536=EDGE_LOOP('',(#2037));
#6537=EDGE_LOOP('',(#2038));
#6538=EDGE_LOOP('',(#2039));
#6539=EDGE_LOOP('',(#2040));
#6540=EDGE_LOOP('',(#2041));
#6541=EDGE_LOOP('',(#2042));
#6542=EDGE_LOOP('',(#2043));
#6543=EDGE_LOOP('',(#2044));
#6544=EDGE_LOOP('',(#2045));
#6545=EDGE_LOOP('',(#2046));
#6546=EDGE_LOOP('',(#2047));
#6547=EDGE_LOOP('',(#2048));
#6548=EDGE_LOOP('',(#2049));
#6549=EDGE_LOOP('',(#2050));
#6550=EDGE_LOOP('',(#2051));
#6551=EDGE_LOOP('',(#2052));
#6552=EDGE_LOOP('',(#2053));
#6553=EDGE_LOOP('',(#2054));
#6554=EDGE_LOOP('',(#2055));
#6555=EDGE_LOOP('',(#2056));
#6556=EDGE_LOOP('',(#2057));
#6557=EDGE_LOOP('',(#2058));
#6558=EDGE_LOOP('',(#2059));
#6559=EDGE_LOOP('',(#2060));
#6560=EDGE_LOOP('',(#2061));
#6561=EDGE_LOOP('',(#2062));
#6562=EDGE_LOOP('',(#2063));
#6563=EDGE_LOOP('',(#2064));
#6564=EDGE_LOOP('',(#2065));
#6565=EDGE_LOOP('',(#2066));
#6566=EDGE_LOOP('',(#2067));
#6567=EDGE_LOOP('',(#2068));
#6568=EDGE_LOOP('',(#2069));
#6569=EDGE_LOOP('',(#2070));
#6570=EDGE_LOOP('',(#2071));
#6571=EDGE_LOOP('',(#2072));
#6572=EDGE_LOOP('',(#2073));
#6573=EDGE_LOOP('',(#2074));
#6574=EDGE_LOOP('',(#2075));
#6575=EDGE_LOOP('',(#2076));
#6576=EDGE_LOOP('',(#2077));
#6577=EDGE_LOOP('',(#2078));
#6578=EDGE_LOOP('',(#2079));
#6579=EDGE_LOOP('',(#2080));
#6580=EDGE_LOOP('',(#2081));
#6581=EDGE_LOOP('',(#2082));
#6582=EDGE_LOOP('',(#2083));
#6583=EDGE_LOOP('',(#2084));
#6584=EDGE_LOOP('',(#2085));
#6585=EDGE_LOOP('',(#2086));
#6586=EDGE_LOOP('',(#2087));
#6587=EDGE_LOOP('',(#2088));
#6588=EDGE_LOOP('',(#2089));
#6589=EDGE_LOOP('',(#2090));
#6590=EDGE_LOOP('',(#2091));
#6591=EDGE_LOOP('',(#2092));
#6592=EDGE_LOOP('',(#2093));
#6593=EDGE_LOOP('',(#2094));
#6594=EDGE_LOOP('',(#2095));
#6595=EDGE_LOOP('',(#2096));
#6596=EDGE_LOOP('',(#2097));
#6597=EDGE_LOOP('',(#2098));
#6598=EDGE_LOOP('',(#2099));
#6599=EDGE_LOOP('',(#2100));
#6600=EDGE_LOOP('',(#2101));
#6601=EDGE_LOOP('',(#2102));
#6602=EDGE_LOOP('',(#2103));
#6603=EDGE_LOOP('',(#2104));
#6604=EDGE_LOOP('',(#2105));
#6605=EDGE_LOOP('',(#2106));
#6606=EDGE_LOOP('',(#2107));
#6607=EDGE_LOOP('',(#2108));
#6608=EDGE_LOOP('',(#2109));
#6609=EDGE_LOOP('',(#2110));
#6610=EDGE_LOOP('',(#2111));
#6611=EDGE_LOOP('',(#2112));
#6612=EDGE_LOOP('',(#2113));
#6613=EDGE_LOOP('',(#2114));
#6614=EDGE_LOOP('',(#2115));
#6615=EDGE_LOOP('',(#2116));
#6616=EDGE_LOOP('',(#2117));
#6617=EDGE_LOOP('',(#2118));
#6618=EDGE_LOOP('',(#2119));
#6619=EDGE_LOOP('',(#2120));
#6620=EDGE_LOOP('',(#2121));
#6621=EDGE_LOOP('',(#2122));
#6622=EDGE_LOOP('',(#2123));
#6623=EDGE_LOOP('',(#2124));
#6624=EDGE_LOOP('',(#2125));
#6625=EDGE_LOOP('',(#2126));
#6626=EDGE_LOOP('',(#2127));
#6627=EDGE_LOOP('',(#2128));
#6628=EDGE_LOOP('',(#2129));
#6629=EDGE_LOOP('',(#2130,#2131,#2132,#2133));
#6630=EDGE_LOOP('',(#2134,#2135,#2136,#2137));
#6631=EDGE_LOOP('',(#2138,#2139,#2140,#2141));
#6632=EDGE_LOOP('',(#2142,#2143,#2144,#2145));
#6633=EDGE_LOOP('',(#2146,#2147,#2148,#2149));
#6634=EDGE_LOOP('',(#2150,#2151,#2152,#2153));
#6635=EDGE_LOOP('',(#2154,#2155,#2156,#2157));
#6636=EDGE_LOOP('',(#2158,#2159,#2160,#2161));
#6637=EDGE_LOOP('',(#2162,#2163,#2164,#2165));
#6638=EDGE_LOOP('',(#2166,#2167,#2168,#2169));
#6639=EDGE_LOOP('',(#2170,#2171,#2172,#2173));
#6640=EDGE_LOOP('',(#2174,#2175,#2176,#2177));
#6641=EDGE_LOOP('',(#2178,#2179,#2180,#2181));
#6642=EDGE_LOOP('',(#2182,#2183,#2184,#2185));
#6643=EDGE_LOOP('',(#2186,#2187,#2188,#2189));
#6644=EDGE_LOOP('',(#2190,#2191,#2192,#2193));
#6645=EDGE_LOOP('',(#2194,#2195,#2196,#2197));
#6646=EDGE_LOOP('',(#2198,#2199,#2200,#2201));
#6647=EDGE_LOOP('',(#2202,#2203,#2204,#2205));
#6648=EDGE_LOOP('',(#2206,#2207,#2208,#2209));
#6649=EDGE_LOOP('',(#2210,#2211,#2212,#2213));
#6650=EDGE_LOOP('',(#2214,#2215,#2216,#2217));
#6651=EDGE_LOOP('',(#2218,#2219,#2220,#2221));
#6652=EDGE_LOOP('',(#2222,#2223,#2224,#2225));
#6653=EDGE_LOOP('',(#2226,#2227,#2228,#2229));
#6654=EDGE_LOOP('',(#2230,#2231,#2232,#2233));
#6655=EDGE_LOOP('',(#2234,#2235,#2236,#2237));
#6656=EDGE_LOOP('',(#2238,#2239,#2240,#2241));
#6657=EDGE_LOOP('',(#2242,#2243,#2244,#2245));
#6658=EDGE_LOOP('',(#2246,#2247,#2248,#2249));
#6659=EDGE_LOOP('',(#2250,#2251,#2252,#2253));
#6660=EDGE_LOOP('',(#2254,#2255,#2256,#2257));
#6661=EDGE_LOOP('',(#2258,#2259,#2260,#2261));
#6662=EDGE_LOOP('',(#2262,#2263,#2264,#2265));
#6663=EDGE_LOOP('',(#2266,#2267,#2268,#2269));
#6664=EDGE_LOOP('',(#2270,#2271,#2272,#2273));
#6665=EDGE_LOOP('',(#2274,#2275,#2276,#2277));
#6666=EDGE_LOOP('',(#2278,#2279,#2280,#2281));
#6667=EDGE_LOOP('',(#2282,#2283,#2284,#2285));
#6668=EDGE_LOOP('',(#2286,#2287,#2288,#2289));
#6669=EDGE_LOOP('',(#2290,#2291,#2292,#2293));
#6670=EDGE_LOOP('',(#2294,#2295,#2296,#2297));
#6671=EDGE_LOOP('',(#2298,#2299,#2300,#2301));
#6672=EDGE_LOOP('',(#2302,#2303,#2304,#2305));
#6673=EDGE_LOOP('',(#2306,#2307,#2308,#2309));
#6674=EDGE_LOOP('',(#2310,#2311,#2312,#2313));
#6675=EDGE_LOOP('',(#2314,#2315,#2316,#2317));
#6676=EDGE_LOOP('',(#2318,#2319,#2320,#2321));
#6677=EDGE_LOOP('',(#2322,#2323,#2324,#2325));
#6678=EDGE_LOOP('',(#2326,#2327,#2328,#2329));
#6679=EDGE_LOOP('',(#2330,#2331,#2332,#2333));
#6680=EDGE_LOOP('',(#2334,#2335,#2336,#2337));
#6681=EDGE_LOOP('',(#2338,#2339,#2340,#2341));
#6682=EDGE_LOOP('',(#2342,#2343,#2344,#2345));
#6683=EDGE_LOOP('',(#2346,#2347,#2348,#2349));
#6684=EDGE_LOOP('',(#2350,#2351,#2352,#2353));
#6685=EDGE_LOOP('',(#2354,#2355,#2356,#2357));
#6686=EDGE_LOOP('',(#2358,#2359,#2360,#2361));
#6687=EDGE_LOOP('',(#2362,#2363,#2364,#2365));
#6688=EDGE_LOOP('',(#2366,#2367,#2368,#2369));
#6689=EDGE_LOOP('',(#2370,#2371,#2372,#2373));
#6690=EDGE_LOOP('',(#2374,#2375,#2376,#2377));
#6691=EDGE_LOOP('',(#2378,#2379,#2380,#2381));
#6692=EDGE_LOOP('',(#2382,#2383,#2384,#2385));
#6693=EDGE_LOOP('',(#2386,#2387,#2388,#2389));
#6694=EDGE_LOOP('',(#2390,#2391,#2392,#2393));
#6695=EDGE_LOOP('',(#2394,#2395,#2396,#2397));
#6696=EDGE_LOOP('',(#2398,#2399,#2400,#2401));
#6697=EDGE_LOOP('',(#2402,#2403,#2404,#2405));
#6698=EDGE_LOOP('',(#2406,#2407,#2408,#2409));
#6699=EDGE_LOOP('',(#2410,#2411,#2412,#2413));
#6700=EDGE_LOOP('',(#2414,#2415,#2416,#2417,#2418,#2419,#2420,#2421,#2422,
#2423,#2424,#2425,#2426,#2427,#2428,#2429,#2430,#2431,#2432,#2433,#2434,
#2435,#2436,#2437,#2438,#2439,#2440,#2441,#2442,#2443,#2444,#2445,#2446,
#2447,#2448,#2449,#2450,#2451,#2452,#2453,#2454,#2455,#2456,#2457,#2458,
#2459,#2460,#2461,#2462));
#6701=EDGE_LOOP('',(#2463,#2464,#2465));
#6702=EDGE_LOOP('',(#2466,#2467,#2468));
#6703=EDGE_LOOP('',(#2469,#2470,#2471,#2472));
#6704=EDGE_LOOP('',(#2473,#2474,#2475,#2476));
#6705=EDGE_LOOP('',(#2477,#2478,#2479,#2480));
#6706=EDGE_LOOP('',(#2481,#2482,#2483,#2484));
#6707=EDGE_LOOP('',(#2485,#2486,#2487,#2488,#2489,#2490,#2491,#2492,#2493,
#2494,#2495,#2496,#2497,#2498,#2499,#2500,#2501,#2502,#2503,#2504,#2505,
#2506,#2507,#2508,#2509,#2510,#2511,#2512,#2513,#2514,#2515,#2516,#2517,
#2518,#2519,#2520,#2521,#2522,#2523,#2524,#2525,#2526,#2527,#2528,#2529,
#2530,#2531,#2532,#2533));
#6708=EDGE_LOOP('',(#2534,#2535,#2536));
#6709=EDGE_LOOP('',(#2537,#2538,#2539));
#6710=EDGE_LOOP('',(#2540,#2541,#2542,#2543));
#6711=EDGE_LOOP('',(#2544,#2545,#2546,#2547));
#6712=EDGE_LOOP('',(#2548,#2549,#2550,#2551));
#6713=EDGE_LOOP('',(#2552,#2553,#2554,#2555));
#6714=EDGE_LOOP('',(#2556,#2557,#2558,#2559,#2560,#2561,#2562,#2563,#2564,
#2565,#2566,#2567,#2568,#2569,#2570,#2571,#2572,#2573,#2574));
#6715=EDGE_LOOP('',(#2575,#2576,#2577,#2578));
#6716=EDGE_LOOP('',(#2579,#2580,#2581,#2582,#2583,#2584,#2585,#2586,#2587,
#2588,#2589,#2590,#2591,#2592,#2593));
#6717=EDGE_LOOP('',(#2594,#2595,#2596,#2597,#2598,#2599,#2600,#2601,#2602,
#2603,#2604,#2605,#2606,#2607,#2608));
#6718=EDGE_LOOP('',(#2609,#2610,#2611,#2612,#2613,#2614,#2615,#2616,#2617,
#2618,#2619,#2620,#2621,#2622,#2623));
#6719=EDGE_LOOP('',(#2624,#2625,#2626,#2627));
#6720=EDGE_LOOP('',(#2628,#2629,#2630,#2631,#2632,#2633,#2634,#2635,#2636,
#2637,#2638,#2639,#2640,#2641,#2642,#2643,#2644));
#6721=EDGE_LOOP('',(#2645,#2646,#2647,#2648,#2649,#2650,#2651,#2652,#2653,
#2654,#2655,#2656,#2657,#2658,#2659));
#6722=EDGE_LOOP('',(#2660,#2661,#2662,#2663,#2664,#2665,#2666,#2667,#2668,
#2669,#2670,#2671));
#6723=EDGE_LOOP('',(#2672));
#6724=EDGE_LOOP('',(#2673,#2674));
#6725=EDGE_LOOP('',(#2675,#2676));
#6726=EDGE_LOOP('',(#2677,#2678));
#6727=EDGE_LOOP('',(#2679,#2680));
#6728=EDGE_LOOP('',(#2681,#2682));
#6729=EDGE_LOOP('',(#2683));
#6730=EDGE_LOOP('',(#2684));
#6731=EDGE_LOOP('',(#2685));
#6732=EDGE_LOOP('',(#2686));
#6733=EDGE_LOOP('',(#2687));
#6734=EDGE_LOOP('',(#2688));
#6735=EDGE_LOOP('',(#2689));
#6736=EDGE_LOOP('',(#2690));
#6737=EDGE_LOOP('',(#2691));
#6738=EDGE_LOOP('',(#2692));
#6739=EDGE_LOOP('',(#2693));
#6740=EDGE_LOOP('',(#2694));
#6741=EDGE_LOOP('',(#2695));
#6742=EDGE_LOOP('',(#2696));
#6743=EDGE_LOOP('',(#2697));
#6744=EDGE_LOOP('',(#2698));
#6745=EDGE_LOOP('',(#2699));
#6746=EDGE_LOOP('',(#2700));
#6747=EDGE_LOOP('',(#2701));
#6748=EDGE_LOOP('',(#2702));
#6749=EDGE_LOOP('',(#2703));
#6750=EDGE_LOOP('',(#2704));
#6751=EDGE_LOOP('',(#2705));
#6752=EDGE_LOOP('',(#2706));
#6753=EDGE_LOOP('',(#2707));
#6754=EDGE_LOOP('',(#2708));
#6755=EDGE_LOOP('',(#2709));
#6756=EDGE_LOOP('',(#2710));
#6757=EDGE_LOOP('',(#2711));
#6758=EDGE_LOOP('',(#2712));
#6759=EDGE_LOOP('',(#2713));
#6760=EDGE_LOOP('',(#2714));
#6761=EDGE_LOOP('',(#2715));
#6762=EDGE_LOOP('',(#2716));
#6763=EDGE_LOOP('',(#2717));
#6764=EDGE_LOOP('',(#2718));
#6765=EDGE_LOOP('',(#2719));
#6766=EDGE_LOOP('',(#2720));
#6767=EDGE_LOOP('',(#2721));
#6768=EDGE_LOOP('',(#2722));
#6769=EDGE_LOOP('',(#2723));
#6770=EDGE_LOOP('',(#2724));
#6771=EDGE_LOOP('',(#2725));
#6772=EDGE_LOOP('',(#2726));
#6773=EDGE_LOOP('',(#2727));
#6774=EDGE_LOOP('',(#2728));
#6775=EDGE_LOOP('',(#2729));
#6776=EDGE_LOOP('',(#2730));
#6777=EDGE_LOOP('',(#2731));
#6778=EDGE_LOOP('',(#2732));
#6779=EDGE_LOOP('',(#2733));
#6780=EDGE_LOOP('',(#2734));
#6781=EDGE_LOOP('',(#2735));
#6782=EDGE_LOOP('',(#2736));
#6783=EDGE_LOOP('',(#2737));
#6784=EDGE_LOOP('',(#2738));
#6785=EDGE_LOOP('',(#2739));
#6786=EDGE_LOOP('',(#2740));
#6787=EDGE_LOOP('',(#2741));
#6788=EDGE_LOOP('',(#2742));
#6789=EDGE_LOOP('',(#2743));
#6790=EDGE_LOOP('',(#2744));
#6791=EDGE_LOOP('',(#2745));
#6792=EDGE_LOOP('',(#2746));
#6793=EDGE_LOOP('',(#2747));
#6794=EDGE_LOOP('',(#2748));
#6795=EDGE_LOOP('',(#2749));
#6796=EDGE_LOOP('',(#2750));
#6797=EDGE_LOOP('',(#2751));
#6798=EDGE_LOOP('',(#2752));
#6799=EDGE_LOOP('',(#2753));
#6800=EDGE_LOOP('',(#2754));
#6801=EDGE_LOOP('',(#2755));
#6802=EDGE_LOOP('',(#2756));
#6803=EDGE_LOOP('',(#2757));
#6804=EDGE_LOOP('',(#2758));
#6805=EDGE_LOOP('',(#2759));
#6806=EDGE_LOOP('',(#2760));
#6807=EDGE_LOOP('',(#2761));
#6808=EDGE_LOOP('',(#2762));
#6809=EDGE_LOOP('',(#2763));
#6810=EDGE_LOOP('',(#2764));
#6811=EDGE_LOOP('',(#2765));
#6812=EDGE_LOOP('',(#2766));
#6813=EDGE_LOOP('',(#2767));
#6814=EDGE_LOOP('',(#2768));
#6815=EDGE_LOOP('',(#2769));
#6816=EDGE_LOOP('',(#2770));
#6817=EDGE_LOOP('',(#2771,#2772,#2773,#2774,#2775,#2776));
#6818=EDGE_LOOP('',(#2777,#2778));
#6819=EDGE_LOOP('',(#2779,#2780));
#6820=EDGE_LOOP('',(#2781,#2782));
#6821=EDGE_LOOP('',(#2783,#2784));
#6822=EDGE_LOOP('',(#2785,#2786));
#6823=EDGE_LOOP('',(#2787,#2788,#2789,#2790));
#6824=EDGE_LOOP('',(#2791,#2792,#2793,#2794));
#6825=EDGE_LOOP('',(#2795,#2796,#2797,#2798));
#6826=EDGE_LOOP('',(#2799,#2800));
#6827=EDGE_LOOP('',(#2801,#2802));
#6828=EDGE_LOOP('',(#2803,#2804,#2805,#2806,#2807,#2808));
#6829=EDGE_LOOP('',(#2809,#2810,#2811,#2812,#2813,#2814));
#6830=EDGE_LOOP('',(#2815,#2816));
#6831=EDGE_LOOP('',(#2817,#2818));
#6832=EDGE_LOOP('',(#2819,#2820));
#6833=EDGE_LOOP('',(#2821,#2822));
#6834=EDGE_LOOP('',(#2823,#2824));
#6835=EDGE_LOOP('',(#2825));
#6836=EDGE_LOOP('',(#2826));
#6837=EDGE_LOOP('',(#2827));
#6838=EDGE_LOOP('',(#2828));
#6839=EDGE_LOOP('',(#2829));
#6840=EDGE_LOOP('',(#2830));
#6841=EDGE_LOOP('',(#2831));
#6842=EDGE_LOOP('',(#2832));
#6843=EDGE_LOOP('',(#2833));
#6844=EDGE_LOOP('',(#2834));
#6845=EDGE_LOOP('',(#2835));
#6846=EDGE_LOOP('',(#2836));
#6847=EDGE_LOOP('',(#2837));
#6848=EDGE_LOOP('',(#2838));
#6849=EDGE_LOOP('',(#2839));
#6850=EDGE_LOOP('',(#2840));
#6851=EDGE_LOOP('',(#2841));
#6852=EDGE_LOOP('',(#2842));
#6853=EDGE_LOOP('',(#2843));
#6854=EDGE_LOOP('',(#2844));
#6855=EDGE_LOOP('',(#2845));
#6856=EDGE_LOOP('',(#2846));
#6857=EDGE_LOOP('',(#2847));
#6858=EDGE_LOOP('',(#2848));
#6859=EDGE_LOOP('',(#2849));
#6860=EDGE_LOOP('',(#2850));
#6861=EDGE_LOOP('',(#2851));
#6862=EDGE_LOOP('',(#2852));
#6863=EDGE_LOOP('',(#2853));
#6864=EDGE_LOOP('',(#2854));
#6865=EDGE_LOOP('',(#2855));
#6866=EDGE_LOOP('',(#2856));
#6867=EDGE_LOOP('',(#2857));
#6868=EDGE_LOOP('',(#2858));
#6869=EDGE_LOOP('',(#2859));
#6870=EDGE_LOOP('',(#2860));
#6871=EDGE_LOOP('',(#2861));
#6872=EDGE_LOOP('',(#2862,#2863,#2864,#2865));
#6873=EDGE_LOOP('',(#2866));
#6874=EDGE_LOOP('',(#2867));
#6875=EDGE_LOOP('',(#2868));
#6876=EDGE_LOOP('',(#2869));
#6877=EDGE_LOOP('',(#2870));
#6878=EDGE_LOOP('',(#2871));
#6879=EDGE_LOOP('',(#2872));
#6880=EDGE_LOOP('',(#2873));
#6881=EDGE_LOOP('',(#2874));
#6882=EDGE_LOOP('',(#2875));
#6883=EDGE_LOOP('',(#2876));
#6884=EDGE_LOOP('',(#2877));
#6885=EDGE_LOOP('',(#2878));
#6886=EDGE_LOOP('',(#2879));
#6887=EDGE_LOOP('',(#2880));
#6888=EDGE_LOOP('',(#2881));
#6889=EDGE_LOOP('',(#2882));
#6890=EDGE_LOOP('',(#2883));
#6891=EDGE_LOOP('',(#2884));
#6892=EDGE_LOOP('',(#2885));
#6893=EDGE_LOOP('',(#2886));
#6894=EDGE_LOOP('',(#2887));
#6895=EDGE_LOOP('',(#2888));
#6896=EDGE_LOOP('',(#2889));
#6897=EDGE_LOOP('',(#2890));
#6898=EDGE_LOOP('',(#2891));
#6899=EDGE_LOOP('',(#2892));
#6900=EDGE_LOOP('',(#2893));
#6901=EDGE_LOOP('',(#2894));
#6902=EDGE_LOOP('',(#2895));
#6903=EDGE_LOOP('',(#2896));
#6904=EDGE_LOOP('',(#2897));
#6905=EDGE_LOOP('',(#2898));
#6906=EDGE_LOOP('',(#2899));
#6907=EDGE_LOOP('',(#2900));
#6908=EDGE_LOOP('',(#2901));
#6909=EDGE_LOOP('',(#2902));
#6910=EDGE_LOOP('',(#2903));
#6911=EDGE_LOOP('',(#2904));
#6912=EDGE_LOOP('',(#2905));
#6913=EDGE_LOOP('',(#2906));
#6914=EDGE_LOOP('',(#2907));
#6915=EDGE_LOOP('',(#2908));
#6916=EDGE_LOOP('',(#2909));
#6917=EDGE_LOOP('',(#2910));
#6918=EDGE_LOOP('',(#2911));
#6919=EDGE_LOOP('',(#2912));
#6920=EDGE_LOOP('',(#2913));
#6921=EDGE_LOOP('',(#2914));
#6922=EDGE_LOOP('',(#2915));
#6923=EDGE_LOOP('',(#2916));
#6924=EDGE_LOOP('',(#2917,#2918));
#6925=EDGE_LOOP('',(#2919,#2920));
#6926=EDGE_LOOP('',(#2921,#2922));
#6927=EDGE_LOOP('',(#2923,#2924,#2925,#2926));
#6928=EDGE_LOOP('',(#2927,#2928,#2929,#2930));
#6929=EDGE_LOOP('',(#2931,#2932,#2933,#2934));
#6930=EDGE_LOOP('',(#2935,#2936,#2937,#2938));
#6931=EDGE_LOOP('',(#2939,#2940,#2941,#2942));
#6932=EDGE_LOOP('',(#2943));
#6933=EDGE_LOOP('',(#2944,#2945,#2946,#2947));
#6934=EDGE_LOOP('',(#2948,#2949,#2950,#2951));
#6935=EDGE_LOOP('',(#2952,#2953,#2954,#2955));
#6936=EDGE_LOOP('',(#2956,#2957,#2958,#2959));
#6937=EDGE_LOOP('',(#2960,#2961,#2962,#2963));
#6938=EDGE_LOOP('',(#2964,#2965,#2966,#2967));
#6939=EDGE_LOOP('',(#2968,#2969,#2970,#2971));
#6940=EDGE_LOOP('',(#2972,#2973,#2974,#2975));
#6941=EDGE_LOOP('',(#2976));
#6942=EDGE_LOOP('',(#2977));
#6943=EDGE_LOOP('',(#2978));
#6944=EDGE_LOOP('',(#2979));
#6945=EDGE_LOOP('',(#2980));
#6946=EDGE_LOOP('',(#2981));
#6947=EDGE_LOOP('',(#2982));
#6948=EDGE_LOOP('',(#2983));
#6949=EDGE_LOOP('',(#2984));
#6950=EDGE_LOOP('',(#2985));
#6951=EDGE_LOOP('',(#2986));
#6952=EDGE_LOOP('',(#2987));
#6953=EDGE_LOOP('',(#2988));
#6954=EDGE_LOOP('',(#2989));
#6955=EDGE_LOOP('',(#2990));
#6956=EDGE_LOOP('',(#2991));
#6957=EDGE_LOOP('',(#2992));
#6958=EDGE_LOOP('',(#2993));
#6959=EDGE_LOOP('',(#2994));
#6960=EDGE_LOOP('',(#2995));
#6961=EDGE_LOOP('',(#2996));
#6962=EDGE_LOOP('',(#2997));
#6963=EDGE_LOOP('',(#2998));
#6964=EDGE_LOOP('',(#2999));
#6965=EDGE_LOOP('',(#3000));
#6966=EDGE_LOOP('',(#3001));
#6967=EDGE_LOOP('',(#3002));
#6968=EDGE_LOOP('',(#3003));
#6969=EDGE_LOOP('',(#3004));
#6970=EDGE_LOOP('',(#3005));
#6971=EDGE_LOOP('',(#3006));
#6972=EDGE_LOOP('',(#3007));
#6973=EDGE_LOOP('',(#3008));
#6974=EDGE_LOOP('',(#3009));
#6975=EDGE_LOOP('',(#3010));
#6976=EDGE_LOOP('',(#3011));
#6977=EDGE_LOOP('',(#3012));
#6978=EDGE_LOOP('',(#3013));
#6979=EDGE_LOOP('',(#3014));
#6980=EDGE_LOOP('',(#3015));
#6981=EDGE_LOOP('',(#3016));
#6982=EDGE_LOOP('',(#3017));
#6983=EDGE_LOOP('',(#3018));
#6984=EDGE_LOOP('',(#3019));
#6985=EDGE_LOOP('',(#3020));
#6986=EDGE_LOOP('',(#3021));
#6987=EDGE_LOOP('',(#3022));
#6988=EDGE_LOOP('',(#3023));
#6989=EDGE_LOOP('',(#3024));
#6990=EDGE_LOOP('',(#3025));
#6991=EDGE_LOOP('',(#3026));
#6992=EDGE_LOOP('',(#3027));
#6993=EDGE_LOOP('',(#3028));
#6994=EDGE_LOOP('',(#3029));
#6995=EDGE_LOOP('',(#3030));
#6996=EDGE_LOOP('',(#3031));
#6997=EDGE_LOOP('',(#3032));
#6998=EDGE_LOOP('',(#3033));
#6999=EDGE_LOOP('',(#3034));
#7000=EDGE_LOOP('',(#3035));
#7001=EDGE_LOOP('',(#3036));
#7002=EDGE_LOOP('',(#3037));
#7003=EDGE_LOOP('',(#3038));
#7004=EDGE_LOOP('',(#3039));
#7005=EDGE_LOOP('',(#3040));
#7006=EDGE_LOOP('',(#3041));
#7007=EDGE_LOOP('',(#3042));
#7008=EDGE_LOOP('',(#3043));
#7009=EDGE_LOOP('',(#3044));
#7010=EDGE_LOOP('',(#3045));
#7011=EDGE_LOOP('',(#3046));
#7012=EDGE_LOOP('',(#3047));
#7013=EDGE_LOOP('',(#3048));
#7014=EDGE_LOOP('',(#3049));
#7015=EDGE_LOOP('',(#3050));
#7016=EDGE_LOOP('',(#3051));
#7017=EDGE_LOOP('',(#3052));
#7018=EDGE_LOOP('',(#3053));
#7019=EDGE_LOOP('',(#3054));
#7020=EDGE_LOOP('',(#3055));
#7021=EDGE_LOOP('',(#3056));
#7022=EDGE_LOOP('',(#3057));
#7023=EDGE_LOOP('',(#3058));
#7024=EDGE_LOOP('',(#3059));
#7025=EDGE_LOOP('',(#3060));
#7026=EDGE_LOOP('',(#3061));
#7027=EDGE_LOOP('',(#3062));
#7028=EDGE_LOOP('',(#3063));
#7029=EDGE_LOOP('',(#3064));
#7030=EDGE_LOOP('',(#3065));
#7031=EDGE_LOOP('',(#3066));
#7032=EDGE_LOOP('',(#3067));
#7033=EDGE_LOOP('',(#3068));
#7034=EDGE_LOOP('',(#3069));
#7035=EDGE_LOOP('',(#3070));
#7036=EDGE_LOOP('',(#3071));
#7037=EDGE_LOOP('',(#3072));
#7038=EDGE_LOOP('',(#3073));
#7039=EDGE_LOOP('',(#3074));
#7040=EDGE_LOOP('',(#3075));
#7041=EDGE_LOOP('',(#3076));
#7042=EDGE_LOOP('',(#3077));
#7043=EDGE_LOOP('',(#3078));
#7044=EDGE_LOOP('',(#3079));
#7045=EDGE_LOOP('',(#3080));
#7046=EDGE_LOOP('',(#3081));
#7047=EDGE_LOOP('',(#3082));
#7048=EDGE_LOOP('',(#3083));
#7049=EDGE_LOOP('',(#3084));
#7050=EDGE_LOOP('',(#3085));
#7051=EDGE_LOOP('',(#3086));
#7052=EDGE_LOOP('',(#3087));
#7053=EDGE_LOOP('',(#3088));
#7054=EDGE_LOOP('',(#3089));
#7055=EDGE_LOOP('',(#3090));
#7056=EDGE_LOOP('',(#3091));
#7057=EDGE_LOOP('',(#3092));
#7058=EDGE_LOOP('',(#3093));
#7059=EDGE_LOOP('',(#3094));
#7060=EDGE_LOOP('',(#3095));
#7061=EDGE_LOOP('',(#3096));
#7062=EDGE_LOOP('',(#3097));
#7063=EDGE_LOOP('',(#3098));
#7064=EDGE_LOOP('',(#3099));
#7065=EDGE_LOOP('',(#3100));
#7066=EDGE_LOOP('',(#3101));
#7067=EDGE_LOOP('',(#3102));
#7068=EDGE_LOOP('',(#3103));
#7069=EDGE_LOOP('',(#3104));
#7070=EDGE_LOOP('',(#3105));
#7071=EDGE_LOOP('',(#3106));
#7072=EDGE_LOOP('',(#3107));
#7073=EDGE_LOOP('',(#3108));
#7074=EDGE_LOOP('',(#3109));
#7075=EDGE_LOOP('',(#3110));
#7076=EDGE_LOOP('',(#3111));
#7077=EDGE_LOOP('',(#3112));
#7078=EDGE_LOOP('',(#3113));
#7079=EDGE_LOOP('',(#3114));
#7080=EDGE_LOOP('',(#3115));
#7081=EDGE_LOOP('',(#3116));
#7082=EDGE_LOOP('',(#3117));
#7083=EDGE_LOOP('',(#3118));
#7084=EDGE_LOOP('',(#3119));
#7085=EDGE_LOOP('',(#3120));
#7086=EDGE_LOOP('',(#3121));
#7087=EDGE_LOOP('',(#3122));
#7088=EDGE_LOOP('',(#3123));
#7089=EDGE_LOOP('',(#3124));
#7090=EDGE_LOOP('',(#3125));
#7091=EDGE_LOOP('',(#3126));
#7092=EDGE_LOOP('',(#3127));
#7093=EDGE_LOOP('',(#3128));
#7094=EDGE_LOOP('',(#3129));
#7095=EDGE_LOOP('',(#3130));
#7096=EDGE_LOOP('',(#3131));
#7097=EDGE_LOOP('',(#3132));
#7098=EDGE_LOOP('',(#3133));
#7099=EDGE_LOOP('',(#3134));
#7100=EDGE_LOOP('',(#3135));
#7101=EDGE_LOOP('',(#3136));
#7102=EDGE_LOOP('',(#3137));
#7103=EDGE_LOOP('',(#3138));
#7104=EDGE_LOOP('',(#3139));
#7105=EDGE_LOOP('',(#3140));
#7106=EDGE_LOOP('',(#3141));
#7107=EDGE_LOOP('',(#3142));
#7108=EDGE_LOOP('',(#3143));
#7109=EDGE_LOOP('',(#3144));
#7110=EDGE_LOOP('',(#3145));
#7111=EDGE_LOOP('',(#3146));
#7112=EDGE_LOOP('',(#3147));
#7113=EDGE_LOOP('',(#3148));
#7114=EDGE_LOOP('',(#3149));
#7115=EDGE_LOOP('',(#3150));
#7116=EDGE_LOOP('',(#3151));
#7117=EDGE_LOOP('',(#3152));
#7118=EDGE_LOOP('',(#3153,#3154,#3155,#3156));
#7119=EDGE_LOOP('',(#3157,#3158,#3159,#3160));
#7120=EDGE_LOOP('',(#3161,#3162,#3163,#3164));
#7121=EDGE_LOOP('',(#3165,#3166,#3167,#3168));
#7122=EDGE_LOOP('',(#3169,#3170,#3171,#3172));
#7123=EDGE_LOOP('',(#3173,#3174,#3175,#3176));
#7124=EDGE_LOOP('',(#3177,#3178,#3179,#3180));
#7125=EDGE_LOOP('',(#3181));
#7126=EDGE_LOOP('',(#3182,#3183,#3184,#3185,#3186,#3187));
#7127=EDGE_LOOP('',(#3188,#3189,#3190,#3191));
#7128=EDGE_LOOP('',(#3192,#3193,#3194,#3195));
#7129=EDGE_LOOP('',(#3196,#3197,#3198,#3199));
#7130=EDGE_LOOP('',(#3200,#3201,#3202,#3203));
#7131=EDGE_LOOP('',(#3204,#3205,#3206,#3207));
#7132=EDGE_LOOP('',(#3208,#3209,#3210,#3211));
#7133=EDGE_LOOP('',(#3212,#3213,#3214,#3215));
#7134=EDGE_LOOP('',(#3216,#3217,#3218,#3219));
#7135=EDGE_LOOP('',(#3220,#3221,#3222,#3223));
#7136=EDGE_LOOP('',(#3224,#3225,#3226,#3227));
#7137=EDGE_LOOP('',(#3228,#3229,#3230,#3231));
#7138=EDGE_LOOP('',(#3232,#3233,#3234,#3235));
#7139=EDGE_LOOP('',(#3236));
#7140=EDGE_LOOP('',(#3237));
#7141=EDGE_LOOP('',(#3238));
#7142=EDGE_LOOP('',(#3239));
#7143=EDGE_LOOP('',(#3240,#3241,#3242,#3243));
#7144=EDGE_LOOP('',(#3244,#3245,#3246,#3247));
#7145=EDGE_LOOP('',(#3248,#3249,#3250,#3251));
#7146=EDGE_LOOP('',(#3252,#3253,#3254,#3255));
#7147=EDGE_LOOP('',(#3256,#3257,#3258,#3259));
#7148=EDGE_LOOP('',(#3260,#3261,#3262,#3263));
#7149=EDGE_LOOP('',(#3264,#3265,#3266,#3267));
#7150=EDGE_LOOP('',(#3268,#3269,#3270,#3271));
#7151=EDGE_LOOP('',(#3272,#3273,#3274,#3275));
#7152=EDGE_LOOP('',(#3276,#3277,#3278,#3279));
#7153=EDGE_LOOP('',(#3280,#3281,#3282,#3283));
#7154=EDGE_LOOP('',(#3284,#3285,#3286,#3287));
#7155=EDGE_LOOP('',(#3288,#3289,#3290,#3291));
#7156=EDGE_LOOP('',(#3292,#3293,#3294,#3295));
#7157=EDGE_LOOP('',(#3296,#3297,#3298,#3299));
#7158=EDGE_LOOP('',(#3300,#3301,#3302,#3303));
#7159=EDGE_LOOP('',(#3304,#3305,#3306,#3307));
#7160=EDGE_LOOP('',(#3308,#3309,#3310,#3311,#3312,#3313,#3314,#3315,#3316,
#3317,#3318,#3319,#3320,#3321,#3322));
#7161=EDGE_LOOP('',(#3323,#3324,#3325,#3326));
#7162=EDGE_LOOP('',(#3327,#3328,#3329,#3330));
#7163=EDGE_LOOP('',(#3331,#3332,#3333,#3334));
#7164=EDGE_LOOP('',(#3335,#3336,#3337,#3338));
#7165=EDGE_LOOP('',(#3339,#3340,#3341,#3342));
#7166=EDGE_LOOP('',(#3343,#3344,#3345,#3346));
#7167=EDGE_LOOP('',(#3347,#3348,#3349,#3350));
#7168=EDGE_LOOP('',(#3351,#3352,#3353,#3354));
#7169=EDGE_LOOP('',(#3355,#3356,#3357,#3358));
#7170=EDGE_LOOP('',(#3359,#3360,#3361,#3362));
#7171=EDGE_LOOP('',(#3363,#3364,#3365,#3366));
#7172=EDGE_LOOP('',(#3367,#3368,#3369,#3370));
#7173=EDGE_LOOP('',(#3371,#3372,#3373,#3374));
#7174=EDGE_LOOP('',(#3375,#3376,#3377,#3378));
#7175=EDGE_LOOP('',(#3379,#3380,#3381,#3382));
#7176=EDGE_LOOP('',(#3383,#3384,#3385,#3386,#3387,#3388,#3389,#3390,#3391,
#3392,#3393,#3394,#3395,#3396,#3397));
#7177=EDGE_LOOP('',(#3398,#3399,#3400,#3401));
#7178=EDGE_LOOP('',(#3402,#3403,#3404,#3405));
#7179=EDGE_LOOP('',(#3406,#3407,#3408,#3409));
#7180=EDGE_LOOP('',(#3410,#3411,#3412,#3413));
#7181=EDGE_LOOP('',(#3414,#3415,#3416,#3417));
#7182=EDGE_LOOP('',(#3418,#3419,#3420,#3421));
#7183=EDGE_LOOP('',(#3422,#3423,#3424,#3425));
#7184=EDGE_LOOP('',(#3426,#3427,#3428,#3429));
#7185=EDGE_LOOP('',(#3430,#3431,#3432,#3433));
#7186=EDGE_LOOP('',(#3434,#3435,#3436,#3437));
#7187=EDGE_LOOP('',(#3438,#3439,#3440,#3441));
#7188=EDGE_LOOP('',(#3442,#3443,#3444,#3445));
#7189=EDGE_LOOP('',(#3446,#3447,#3448,#3449));
#7190=EDGE_LOOP('',(#3450,#3451,#3452,#3453));
#7191=EDGE_LOOP('',(#3454,#3455,#3456,#3457));
#7192=EDGE_LOOP('',(#3458,#3459,#3460,#3461,#3462,#3463,#3464,#3465,#3466,
#3467,#3468,#3469,#3470,#3471,#3472));
#7193=EDGE_LOOP('',(#3473,#3474,#3475,#3476));
#7194=EDGE_LOOP('',(#3477,#3478,#3479,#3480));
#7195=EDGE_LOOP('',(#3481,#3482,#3483,#3484));
#7196=EDGE_LOOP('',(#3485,#3486,#3487,#3488));
#7197=EDGE_LOOP('',(#3489,#3490,#3491,#3492));
#7198=EDGE_LOOP('',(#3493,#3494,#3495,#3496));
#7199=EDGE_LOOP('',(#3497,#3498,#3499,#3500));
#7200=EDGE_LOOP('',(#3501,#3502,#3503,#3504));
#7201=EDGE_LOOP('',(#3505,#3506,#3507,#3508));
#7202=EDGE_LOOP('',(#3509,#3510,#3511,#3512));
#7203=EDGE_LOOP('',(#3513,#3514,#3515,#3516));
#7204=EDGE_LOOP('',(#3517,#3518,#3519,#3520));
#7205=EDGE_LOOP('',(#3521,#3522,#3523,#3524));
#7206=EDGE_LOOP('',(#3525,#3526,#3527,#3528));
#7207=EDGE_LOOP('',(#3529,#3530,#3531,#3532));
#7208=EDGE_LOOP('',(#3533,#3534,#3535,#3536));
#7209=EDGE_LOOP('',(#3537,#3538,#3539,#3540));
#7210=EDGE_LOOP('',(#3541,#3542,#3543,#3544));
#7211=EDGE_LOOP('',(#3545,#3546,#3547,#3548));
#7212=EDGE_LOOP('',(#3549,#3550,#3551,#3552));
#7213=EDGE_LOOP('',(#3553,#3554,#3555,#3556));
#7214=EDGE_LOOP('',(#3557,#3558,#3559,#3560));
#7215=EDGE_LOOP('',(#3561,#3562,#3563,#3564,#3565,#3566,#3567,#3568,#3569,
#3570,#3571,#3572,#3573,#3574,#3575,#3576,#3577));
#7216=EDGE_LOOP('',(#3578,#3579,#3580,#3581));
#7217=EDGE_LOOP('',(#3582,#3583,#3584,#3585));
#7218=EDGE_LOOP('',(#3586,#3587,#3588,#3589));
#7219=EDGE_LOOP('',(#3590,#3591,#3592,#3593));
#7220=EDGE_LOOP('',(#3594,#3595,#3596,#3597));
#7221=EDGE_LOOP('',(#3598,#3599,#3600,#3601));
#7222=EDGE_LOOP('',(#3602,#3603,#3604,#3605));
#7223=EDGE_LOOP('',(#3606,#3607,#3608,#3609));
#7224=EDGE_LOOP('',(#3610,#3611,#3612,#3613));
#7225=EDGE_LOOP('',(#3614,#3615,#3616,#3617));
#7226=EDGE_LOOP('',(#3618,#3619,#3620,#3621));
#7227=EDGE_LOOP('',(#3622,#3623,#3624,#3625));
#7228=EDGE_LOOP('',(#3626,#3627,#3628,#3629));
#7229=EDGE_LOOP('',(#3630,#3631,#3632,#3633));
#7230=EDGE_LOOP('',(#3634,#3635,#3636,#3637));
#7231=EDGE_LOOP('',(#3638,#3639,#3640,#3641));
#7232=EDGE_LOOP('',(#3642,#3643,#3644,#3645));
#7233=EDGE_LOOP('',(#3646,#3647,#3648,#3649));
#7234=EDGE_LOOP('',(#3650,#3651,#3652,#3653));
#7235=EDGE_LOOP('',(#3654,#3655,#3656,#3657));
#7236=EDGE_LOOP('',(#3658,#3659,#3660,#3661));
#7237=EDGE_LOOP('',(#3662,#3663,#3664,#3665));
#7238=EDGE_LOOP('',(#3666,#3667,#3668,#3669));
#7239=EDGE_LOOP('',(#3670,#3671,#3672,#3673));
#7240=EDGE_LOOP('',(#3674,#3675,#3676,#3677));
#7241=EDGE_LOOP('',(#3678,#3679,#3680,#3681));
#7242=EDGE_LOOP('',(#3682,#3683,#3684,#3685));
#7243=EDGE_LOOP('',(#3686,#3687,#3688,#3689,#3690,#3691,#3692,#3693,#3694,
#3695,#3696,#3697,#3698,#3699,#3700,#3701,#3702,#3703,#3704));
#7244=EDGE_LOOP('',(#3705,#3706,#3707,#3708,#3709,#3710,#3711,#3712));
#7245=EDGE_LOOP('',(#3713,#3714,#3715,#3716));
#7246=EDGE_LOOP('',(#3717,#3718,#3719,#3720));
#7247=EDGE_LOOP('',(#3721,#3722,#3723,#3724));
#7248=EDGE_LOOP('',(#3725,#3726,#3727,#3728));
#7249=EDGE_LOOP('',(#3729,#3730,#3731,#3732));
#7250=EDGE_LOOP('',(#3733,#3734,#3735,#3736));
#7251=EDGE_LOOP('',(#3737,#3738,#3739,#3740));
#7252=EDGE_LOOP('',(#3741,#3742,#3743,#3744));
#7253=EDGE_LOOP('',(#3745,#3746,#3747,#3748));
#7254=EDGE_LOOP('',(#3749,#3750,#3751,#3752));
#7255=EDGE_LOOP('',(#3753,#3754,#3755,#3756));
#7256=EDGE_LOOP('',(#3757,#3758,#3759,#3760));
#7257=EDGE_LOOP('',(#3761,#3762,#3763,#3764));
#7258=EDGE_LOOP('',(#3765,#3766,#3767,#3768));
#7259=EDGE_LOOP('',(#3769,#3770,#3771,#3772));
#7260=EDGE_LOOP('',(#3773,#3774,#3775,#3776));
#7261=EDGE_LOOP('',(#3777,#3778,#3779,#3780));
#7262=EDGE_LOOP('',(#3781,#3782,#3783,#3784));
#7263=EDGE_LOOP('',(#3785,#3786,#3787,#3788));
#7264=EDGE_LOOP('',(#3789,#3790,#3791,#3792));
#7265=EDGE_LOOP('',(#3793,#3794,#3795,#3796));
#7266=EDGE_LOOP('',(#3797,#3798,#3799,#3800));
#7267=EDGE_LOOP('',(#3801,#3802,#3803,#3804));
#7268=EDGE_LOOP('',(#3805,#3806,#3807,#3808,#3809,#3810,#3811,#3812,#3813,
#3814,#3815,#3816,#3817,#3818,#3819));
#7269=EDGE_LOOP('',(#3820,#3821,#3822,#3823,#3824,#3825,#3826,#3827));
#7270=EDGE_LOOP('',(#3828,#3829,#3830,#3831));
#7271=EDGE_LOOP('',(#3832,#3833,#3834,#3835));
#7272=EDGE_LOOP('',(#3836,#3837,#3838,#3839));
#7273=EDGE_LOOP('',(#3840,#3841,#3842,#3843));
#7274=EDGE_LOOP('',(#3844,#3845,#3846,#3847));
#7275=EDGE_LOOP('',(#3848,#3849,#3850,#3851));
#7276=EDGE_LOOP('',(#3852,#3853,#3854,#3855));
#7277=EDGE_LOOP('',(#3856,#3857,#3858,#3859));
#7278=EDGE_LOOP('',(#3860,#3861,#3862,#3863));
#7279=EDGE_LOOP('',(#3864,#3865,#3866,#3867));
#7280=EDGE_LOOP('',(#3868,#3869,#3870,#3871));
#7281=EDGE_LOOP('',(#3872,#3873,#3874,#3875));
#7282=EDGE_LOOP('',(#3876,#3877,#3878,#3879,#3880,#3881,#3882,#3883,#3884,
#3885,#3886,#3887));
#7283=EDGE_LOOP('',(#3888,#3889,#3890,#3891,#3892,#3893,#3894,#3895));
#7284=EDGE_LOOP('',(#3896,#3897,#3898,#3899,#3900,#3901,#3902,#3903));
#7285=EDGE_LOOP('',(#3904,#3905,#3906,#3907));
#7286=EDGE_LOOP('',(#3908,#3909,#3910,#3911));
#7287=EDGE_LOOP('',(#3912,#3913,#3914,#3915));
#7288=EDGE_LOOP('',(#3916,#3917,#3918,#3919));
#7289=EDGE_LOOP('',(#3920,#3921,#3922,#3923));
#7290=FACE_BOUND('',#6269,.T.);
#7291=FACE_BOUND('',#6270,.T.);
#7292=FACE_BOUND('',#6271,.T.);
#7293=FACE_BOUND('',#6272,.T.);
#7294=FACE_BOUND('',#6273,.T.);
#7295=FACE_BOUND('',#6274,.T.);
#7296=FACE_BOUND('',#6275,.T.);
#7297=FACE_BOUND('',#6276,.T.);
#7298=FACE_BOUND('',#6277,.T.);
#7299=FACE_BOUND('',#6278,.T.);
#7300=FACE_BOUND('',#6279,.T.);
#7301=FACE_BOUND('',#6280,.T.);
#7302=FACE_BOUND('',#6281,.T.);
#7303=FACE_BOUND('',#6282,.T.);
#7304=FACE_BOUND('',#6283,.T.);
#7305=FACE_BOUND('',#6284,.T.);
#7306=FACE_BOUND('',#6285,.T.);
#7307=FACE_BOUND('',#6286,.T.);
#7308=FACE_BOUND('',#6287,.T.);
#7309=FACE_BOUND('',#6288,.T.);
#7310=FACE_BOUND('',#6289,.T.);
#7311=FACE_BOUND('',#6290,.T.);
#7312=FACE_BOUND('',#6291,.T.);
#7313=FACE_BOUND('',#6292,.T.);
#7314=FACE_BOUND('',#6293,.T.);
#7315=FACE_BOUND('',#6294,.T.);
#7316=FACE_BOUND('',#6295,.T.);
#7317=FACE_BOUND('',#6296,.T.);
#7318=FACE_BOUND('',#6297,.T.);
#7319=FACE_BOUND('',#6298,.T.);
#7320=FACE_BOUND('',#6299,.T.);
#7321=FACE_BOUND('',#6300,.T.);
#7322=FACE_BOUND('',#6301,.T.);
#7323=FACE_BOUND('',#6302,.T.);
#7324=FACE_BOUND('',#6303,.T.);
#7325=FACE_BOUND('',#6304,.T.);
#7326=FACE_BOUND('',#6305,.T.);
#7327=FACE_BOUND('',#6306,.T.);
#7328=FACE_BOUND('',#6307,.T.);
#7329=FACE_BOUND('',#6308,.T.);
#7330=FACE_BOUND('',#6309,.T.);
#7331=FACE_BOUND('',#6310,.T.);
#7332=FACE_BOUND('',#6311,.T.);
#7333=FACE_BOUND('',#6312,.T.);
#7334=FACE_BOUND('',#6313,.T.);
#7335=FACE_BOUND('',#6314,.T.);
#7336=FACE_BOUND('',#6315,.T.);
#7337=FACE_BOUND('',#6316,.T.);
#7338=FACE_BOUND('',#6317,.T.);
#7339=FACE_BOUND('',#6318,.T.);
#7340=FACE_BOUND('',#6319,.T.);
#7341=FACE_BOUND('',#6320,.T.);
#7342=FACE_BOUND('',#6321,.T.);
#7343=FACE_BOUND('',#6322,.T.);
#7344=FACE_BOUND('',#6323,.T.);
#7345=FACE_BOUND('',#6324,.T.);
#7346=FACE_BOUND('',#6325,.T.);
#7347=FACE_BOUND('',#6326,.T.);
#7348=FACE_BOUND('',#6327,.T.);
#7349=FACE_BOUND('',#6328,.T.);
#7350=FACE_BOUND('',#6329,.T.);
#7351=FACE_BOUND('',#6330,.T.);
#7352=FACE_BOUND('',#6331,.T.);
#7353=FACE_BOUND('',#6332,.T.);
#7354=FACE_BOUND('',#6333,.T.);
#7355=FACE_BOUND('',#6334,.T.);
#7356=FACE_BOUND('',#6335,.T.);
#7357=FACE_BOUND('',#6336,.T.);
#7358=FACE_BOUND('',#6337,.T.);
#7359=FACE_BOUND('',#6338,.T.);
#7360=FACE_BOUND('',#6339,.T.);
#7361=FACE_BOUND('',#6340,.T.);
#7362=FACE_BOUND('',#6341,.T.);
#7363=FACE_BOUND('',#6342,.T.);
#7364=FACE_BOUND('',#6343,.T.);
#7365=FACE_BOUND('',#6344,.T.);
#7366=FACE_BOUND('',#6345,.T.);
#7367=FACE_BOUND('',#6346,.T.);
#7368=FACE_BOUND('',#6347,.T.);
#7369=FACE_BOUND('',#6348,.T.);
#7370=FACE_BOUND('',#6349,.T.);
#7371=FACE_BOUND('',#6350,.T.);
#7372=FACE_BOUND('',#6351,.T.);
#7373=FACE_BOUND('',#6352,.T.);
#7374=FACE_BOUND('',#6353,.T.);
#7375=FACE_BOUND('',#6354,.T.);
#7376=FACE_BOUND('',#6355,.T.);
#7377=FACE_BOUND('',#6356,.T.);
#7378=FACE_BOUND('',#6357,.T.);
#7379=FACE_BOUND('',#6358,.T.);
#7380=FACE_BOUND('',#6359,.T.);
#7381=FACE_BOUND('',#6360,.T.);
#7382=FACE_BOUND('',#6361,.T.);
#7383=FACE_BOUND('',#6362,.T.);
#7384=FACE_BOUND('',#6363,.T.);
#7385=FACE_BOUND('',#6364,.T.);
#7386=FACE_BOUND('',#6365,.T.);
#7387=FACE_BOUND('',#6366,.T.);
#7388=FACE_BOUND('',#6367,.T.);
#7389=FACE_BOUND('',#6368,.T.);
#7390=FACE_BOUND('',#6369,.T.);
#7391=FACE_BOUND('',#6370,.T.);
#7392=FACE_BOUND('',#6371,.T.);
#7393=FACE_BOUND('',#6372,.T.);
#7394=FACE_BOUND('',#6373,.T.);
#7395=FACE_BOUND('',#6374,.T.);
#7396=FACE_BOUND('',#6375,.T.);
#7397=FACE_BOUND('',#6376,.T.);
#7398=FACE_BOUND('',#6377,.T.);
#7399=FACE_BOUND('',#6378,.T.);
#7400=FACE_BOUND('',#6379,.T.);
#7401=FACE_BOUND('',#6380,.T.);
#7402=FACE_BOUND('',#6381,.T.);
#7403=FACE_BOUND('',#6382,.T.);
#7404=FACE_BOUND('',#6383,.T.);
#7405=FACE_BOUND('',#6384,.T.);
#7406=FACE_BOUND('',#6385,.T.);
#7407=FACE_BOUND('',#6386,.T.);
#7408=FACE_BOUND('',#6387,.T.);
#7409=FACE_BOUND('',#6388,.T.);
#7410=FACE_BOUND('',#6389,.T.);
#7411=FACE_BOUND('',#6390,.T.);
#7412=FACE_BOUND('',#6391,.T.);
#7413=FACE_BOUND('',#6392,.T.);
#7414=FACE_BOUND('',#6393,.T.);
#7415=FACE_BOUND('',#6394,.T.);
#7416=FACE_BOUND('',#6395,.T.);
#7417=FACE_BOUND('',#6396,.T.);
#7418=FACE_BOUND('',#6397,.T.);
#7419=FACE_BOUND('',#6398,.T.);
#7420=FACE_BOUND('',#6399,.T.);
#7421=FACE_BOUND('',#6400,.T.);
#7422=FACE_BOUND('',#6401,.T.);
#7423=FACE_BOUND('',#6402,.T.);
#7424=FACE_BOUND('',#6403,.T.);
#7425=FACE_BOUND('',#6404,.T.);
#7426=FACE_BOUND('',#6405,.T.);
#7427=FACE_BOUND('',#6406,.T.);
#7428=FACE_BOUND('',#6407,.T.);
#7429=FACE_BOUND('',#6408,.T.);
#7430=FACE_BOUND('',#6409,.T.);
#7431=FACE_BOUND('',#6410,.T.);
#7432=FACE_BOUND('',#6411,.T.);
#7433=FACE_BOUND('',#6412,.T.);
#7434=FACE_BOUND('',#6413,.T.);
#7435=FACE_BOUND('',#6414,.T.);
#7436=FACE_BOUND('',#6415,.T.);
#7437=FACE_BOUND('',#6416,.T.);
#7438=FACE_BOUND('',#6417,.T.);
#7439=FACE_BOUND('',#6418,.T.);
#7440=FACE_BOUND('',#6419,.T.);
#7441=FACE_BOUND('',#6420,.T.);
#7442=FACE_BOUND('',#6421,.T.);
#7443=FACE_BOUND('',#6422,.T.);
#7444=FACE_BOUND('',#6423,.T.);
#7445=FACE_BOUND('',#6424,.T.);
#7446=FACE_BOUND('',#6425,.T.);
#7447=FACE_BOUND('',#6426,.T.);
#7448=FACE_BOUND('',#6427,.T.);
#7449=FACE_BOUND('',#6428,.T.);
#7450=FACE_BOUND('',#6429,.T.);
#7451=FACE_BOUND('',#6430,.T.);
#7452=FACE_BOUND('',#6431,.T.);
#7453=FACE_BOUND('',#6432,.T.);
#7454=FACE_BOUND('',#6433,.T.);
#7455=FACE_BOUND('',#6434,.T.);
#7456=FACE_BOUND('',#6435,.T.);
#7457=FACE_BOUND('',#6436,.T.);
#7458=FACE_BOUND('',#6437,.T.);
#7459=FACE_BOUND('',#6438,.T.);
#7460=FACE_BOUND('',#6439,.T.);
#7461=FACE_BOUND('',#6440,.T.);
#7462=FACE_BOUND('',#6441,.T.);
#7463=FACE_BOUND('',#6442,.T.);
#7464=FACE_BOUND('',#6443,.T.);
#7465=FACE_BOUND('',#6444,.T.);
#7466=FACE_BOUND('',#6445,.T.);
#7467=FACE_BOUND('',#6446,.T.);
#7468=FACE_BOUND('',#6447,.T.);
#7469=FACE_BOUND('',#6448,.T.);
#7470=FACE_BOUND('',#6449,.T.);
#7471=FACE_BOUND('',#6450,.T.);
#7472=FACE_BOUND('',#6451,.T.);
#7473=FACE_BOUND('',#6452,.T.);
#7474=FACE_BOUND('',#6453,.T.);
#7475=FACE_BOUND('',#6454,.T.);
#7476=FACE_BOUND('',#6455,.T.);
#7477=FACE_BOUND('',#6456,.T.);
#7478=FACE_BOUND('',#6457,.T.);
#7479=FACE_BOUND('',#6458,.T.);
#7480=FACE_BOUND('',#6459,.T.);
#7481=FACE_BOUND('',#6460,.T.);
#7482=FACE_BOUND('',#6461,.T.);
#7483=FACE_BOUND('',#6462,.T.);
#7484=FACE_BOUND('',#6463,.T.);
#7485=FACE_BOUND('',#6464,.T.);
#7486=FACE_BOUND('',#6465,.T.);
#7487=FACE_BOUND('',#6466,.T.);
#7488=FACE_BOUND('',#6467,.T.);
#7489=FACE_BOUND('',#6468,.T.);
#7490=FACE_BOUND('',#6469,.T.);
#7491=FACE_BOUND('',#6470,.T.);
#7492=FACE_BOUND('',#6471,.T.);
#7493=FACE_BOUND('',#6472,.T.);
#7494=FACE_BOUND('',#6473,.T.);
#7495=FACE_BOUND('',#6474,.T.);
#7496=FACE_BOUND('',#6475,.T.);
#7497=FACE_BOUND('',#6476,.T.);
#7498=FACE_BOUND('',#6477,.T.);
#7499=FACE_BOUND('',#6478,.T.);
#7500=FACE_BOUND('',#6479,.T.);
#7501=FACE_BOUND('',#6480,.T.);
#7502=FACE_BOUND('',#6481,.T.);
#7503=FACE_BOUND('',#6482,.T.);
#7504=FACE_BOUND('',#6483,.T.);
#7505=FACE_BOUND('',#6484,.T.);
#7506=FACE_BOUND('',#6485,.T.);
#7507=FACE_BOUND('',#6486,.T.);
#7508=FACE_BOUND('',#6487,.T.);
#7509=FACE_BOUND('',#6488,.T.);
#7510=FACE_BOUND('',#6489,.T.);
#7511=FACE_BOUND('',#6490,.T.);
#7512=FACE_BOUND('',#6491,.T.);
#7513=FACE_BOUND('',#6492,.T.);
#7514=FACE_BOUND('',#6493,.T.);
#7515=FACE_BOUND('',#6494,.T.);
#7516=FACE_BOUND('',#6495,.T.);
#7517=FACE_BOUND('',#6496,.T.);
#7518=FACE_BOUND('',#6497,.T.);
#7519=FACE_BOUND('',#6498,.T.);
#7520=FACE_BOUND('',#6499,.T.);
#7521=FACE_BOUND('',#6500,.T.);
#7522=FACE_BOUND('',#6501,.T.);
#7523=FACE_BOUND('',#6502,.T.);
#7524=FACE_BOUND('',#6503,.T.);
#7525=FACE_BOUND('',#6504,.T.);
#7526=FACE_BOUND('',#6505,.T.);
#7527=FACE_BOUND('',#6506,.T.);
#7528=FACE_BOUND('',#6507,.T.);
#7529=FACE_BOUND('',#6508,.T.);
#7530=FACE_BOUND('',#6509,.T.);
#7531=FACE_BOUND('',#6510,.T.);
#7532=FACE_BOUND('',#6511,.T.);
#7533=FACE_BOUND('',#6512,.T.);
#7534=FACE_BOUND('',#6513,.T.);
#7535=FACE_BOUND('',#6514,.T.);
#7536=FACE_BOUND('',#6515,.T.);
#7537=FACE_BOUND('',#6516,.T.);
#7538=FACE_BOUND('',#6517,.T.);
#7539=FACE_BOUND('',#6518,.T.);
#7540=FACE_BOUND('',#6519,.T.);
#7541=FACE_BOUND('',#6520,.T.);
#7542=FACE_BOUND('',#6521,.T.);
#7543=FACE_BOUND('',#6522,.T.);
#7544=FACE_BOUND('',#6523,.T.);
#7545=FACE_BOUND('',#6524,.T.);
#7546=FACE_BOUND('',#6525,.T.);
#7547=FACE_BOUND('',#6526,.T.);
#7548=FACE_BOUND('',#6527,.T.);
#7549=FACE_BOUND('',#6528,.T.);
#7550=FACE_BOUND('',#6529,.T.);
#7551=FACE_BOUND('',#6530,.T.);
#7552=FACE_BOUND('',#6531,.T.);
#7553=FACE_BOUND('',#6532,.T.);
#7554=FACE_BOUND('',#6533,.T.);
#7555=FACE_BOUND('',#6534,.T.);
#7556=FACE_BOUND('',#6535,.T.);
#7557=FACE_BOUND('',#6536,.T.);
#7558=FACE_BOUND('',#6537,.T.);
#7559=FACE_BOUND('',#6538,.T.);
#7560=FACE_BOUND('',#6539,.T.);
#7561=FACE_BOUND('',#6540,.T.);
#7562=FACE_BOUND('',#6541,.T.);
#7563=FACE_BOUND('',#6542,.T.);
#7564=FACE_BOUND('',#6543,.T.);
#7565=FACE_BOUND('',#6544,.T.);
#7566=FACE_BOUND('',#6545,.T.);
#7567=FACE_BOUND('',#6546,.T.);
#7568=FACE_BOUND('',#6547,.T.);
#7569=FACE_BOUND('',#6548,.T.);
#7570=FACE_BOUND('',#6549,.T.);
#7571=FACE_BOUND('',#6550,.T.);
#7572=FACE_BOUND('',#6551,.T.);
#7573=FACE_BOUND('',#6552,.T.);
#7574=FACE_BOUND('',#6553,.T.);
#7575=FACE_BOUND('',#6554,.T.);
#7576=FACE_BOUND('',#6555,.T.);
#7577=FACE_BOUND('',#6556,.T.);
#7578=FACE_BOUND('',#6557,.T.);
#7579=FACE_BOUND('',#6558,.T.);
#7580=FACE_BOUND('',#6559,.T.);
#7581=FACE_BOUND('',#6560,.T.);
#7582=FACE_BOUND('',#6561,.T.);
#7583=FACE_BOUND('',#6562,.T.);
#7584=FACE_BOUND('',#6563,.T.);
#7585=FACE_BOUND('',#6564,.T.);
#7586=FACE_BOUND('',#6565,.T.);
#7587=FACE_BOUND('',#6566,.T.);
#7588=FACE_BOUND('',#6567,.T.);
#7589=FACE_BOUND('',#6568,.T.);
#7590=FACE_BOUND('',#6569,.T.);
#7591=FACE_BOUND('',#6570,.T.);
#7592=FACE_BOUND('',#6571,.T.);
#7593=FACE_BOUND('',#6572,.T.);
#7594=FACE_BOUND('',#6573,.T.);
#7595=FACE_BOUND('',#6574,.T.);
#7596=FACE_BOUND('',#6575,.T.);
#7597=FACE_BOUND('',#6576,.T.);
#7598=FACE_BOUND('',#6577,.T.);
#7599=FACE_BOUND('',#6578,.T.);
#7600=FACE_BOUND('',#6579,.T.);
#7601=FACE_BOUND('',#6580,.T.);
#7602=FACE_BOUND('',#6581,.T.);
#7603=FACE_BOUND('',#6582,.T.);
#7604=FACE_BOUND('',#6583,.T.);
#7605=FACE_BOUND('',#6584,.T.);
#7606=FACE_BOUND('',#6585,.T.);
#7607=FACE_BOUND('',#6586,.T.);
#7608=FACE_BOUND('',#6587,.T.);
#7609=FACE_BOUND('',#6588,.T.);
#7610=FACE_BOUND('',#6589,.T.);
#7611=FACE_BOUND('',#6590,.T.);
#7612=FACE_BOUND('',#6591,.T.);
#7613=FACE_BOUND('',#6592,.T.);
#7614=FACE_BOUND('',#6593,.T.);
#7615=FACE_BOUND('',#6594,.T.);
#7616=FACE_BOUND('',#6595,.T.);
#7617=FACE_BOUND('',#6596,.T.);
#7618=FACE_BOUND('',#6597,.T.);
#7619=FACE_BOUND('',#6598,.T.);
#7620=FACE_BOUND('',#6599,.T.);
#7621=FACE_BOUND('',#6600,.T.);
#7622=FACE_BOUND('',#6601,.T.);
#7623=FACE_BOUND('',#6602,.T.);
#7624=FACE_BOUND('',#6603,.T.);
#7625=FACE_BOUND('',#6604,.T.);
#7626=FACE_BOUND('',#6605,.T.);
#7627=FACE_BOUND('',#6606,.T.);
#7628=FACE_BOUND('',#6607,.T.);
#7629=FACE_BOUND('',#6608,.T.);
#7630=FACE_BOUND('',#6609,.T.);
#7631=FACE_BOUND('',#6610,.T.);
#7632=FACE_BOUND('',#6611,.T.);
#7633=FACE_BOUND('',#6612,.T.);
#7634=FACE_BOUND('',#6613,.T.);
#7635=FACE_BOUND('',#6614,.T.);
#7636=FACE_BOUND('',#6615,.T.);
#7637=FACE_BOUND('',#6616,.T.);
#7638=FACE_BOUND('',#6617,.T.);
#7639=FACE_BOUND('',#6618,.T.);
#7640=FACE_BOUND('',#6619,.T.);
#7641=FACE_BOUND('',#6620,.T.);
#7642=FACE_BOUND('',#6621,.T.);
#7643=FACE_BOUND('',#6622,.T.);
#7644=FACE_BOUND('',#6623,.T.);
#7645=FACE_BOUND('',#6624,.T.);
#7646=FACE_BOUND('',#6625,.T.);
#7647=FACE_BOUND('',#6626,.T.);
#7648=FACE_BOUND('',#6627,.T.);
#7649=FACE_BOUND('',#6628,.T.);
#7650=FACE_BOUND('',#6629,.T.);
#7651=FACE_BOUND('',#6630,.T.);
#7652=FACE_BOUND('',#6631,.T.);
#7653=FACE_BOUND('',#6632,.T.);
#7654=FACE_BOUND('',#6633,.T.);
#7655=FACE_BOUND('',#6634,.T.);
#7656=FACE_BOUND('',#6635,.T.);
#7657=FACE_BOUND('',#6636,.T.);
#7658=FACE_BOUND('',#6637,.T.);
#7659=FACE_BOUND('',#6638,.T.);
#7660=FACE_BOUND('',#6639,.T.);
#7661=FACE_BOUND('',#6640,.T.);
#7662=FACE_BOUND('',#6641,.T.);
#7663=FACE_BOUND('',#6642,.T.);
#7664=FACE_BOUND('',#6643,.T.);
#7665=FACE_BOUND('',#6644,.T.);
#7666=FACE_BOUND('',#6645,.T.);
#7667=FACE_BOUND('',#6646,.T.);
#7668=FACE_BOUND('',#6647,.T.);
#7669=FACE_BOUND('',#6648,.T.);
#7670=FACE_BOUND('',#6649,.T.);
#7671=FACE_BOUND('',#6650,.T.);
#7672=FACE_BOUND('',#6651,.T.);
#7673=FACE_BOUND('',#6652,.T.);
#7674=FACE_BOUND('',#6653,.T.);
#7675=FACE_BOUND('',#6654,.T.);
#7676=FACE_BOUND('',#6655,.T.);
#7677=FACE_BOUND('',#6656,.T.);
#7678=FACE_BOUND('',#6657,.T.);
#7679=FACE_BOUND('',#6658,.T.);
#7680=FACE_BOUND('',#6659,.T.);
#7681=FACE_BOUND('',#6660,.T.);
#7682=FACE_BOUND('',#6661,.T.);
#7683=FACE_BOUND('',#6662,.T.);
#7684=FACE_BOUND('',#6663,.T.);
#7685=FACE_BOUND('',#6664,.T.);
#7686=FACE_BOUND('',#6665,.T.);
#7687=FACE_BOUND('',#6666,.T.);
#7688=FACE_BOUND('',#6667,.T.);
#7689=FACE_BOUND('',#6668,.T.);
#7690=FACE_BOUND('',#6669,.T.);
#7691=FACE_BOUND('',#6670,.T.);
#7692=FACE_BOUND('',#6671,.T.);
#7693=FACE_BOUND('',#6672,.T.);
#7694=FACE_BOUND('',#6673,.T.);
#7695=FACE_BOUND('',#6674,.T.);
#7696=FACE_BOUND('',#6675,.T.);
#7697=FACE_BOUND('',#6676,.T.);
#7698=FACE_BOUND('',#6677,.T.);
#7699=FACE_BOUND('',#6678,.T.);
#7700=FACE_BOUND('',#6679,.T.);
#7701=FACE_BOUND('',#6680,.T.);
#7702=FACE_BOUND('',#6681,.T.);
#7703=FACE_BOUND('',#6682,.T.);
#7704=FACE_BOUND('',#6683,.T.);
#7705=FACE_BOUND('',#6684,.T.);
#7706=FACE_BOUND('',#6685,.T.);
#7707=FACE_BOUND('',#6686,.T.);
#7708=FACE_BOUND('',#6687,.T.);
#7709=FACE_BOUND('',#6688,.T.);
#7710=FACE_BOUND('',#6689,.T.);
#7711=FACE_BOUND('',#6690,.T.);
#7712=FACE_BOUND('',#6691,.T.);
#7713=FACE_BOUND('',#6692,.T.);
#7714=FACE_BOUND('',#6693,.T.);
#7715=FACE_BOUND('',#6694,.T.);
#7716=FACE_BOUND('',#6695,.T.);
#7717=FACE_BOUND('',#6696,.T.);
#7718=FACE_BOUND('',#6697,.T.);
#7719=FACE_BOUND('',#6698,.T.);
#7720=FACE_BOUND('',#6699,.T.);
#7721=FACE_BOUND('',#6700,.T.);
#7722=FACE_BOUND('',#6701,.T.);
#7723=FACE_BOUND('',#6702,.T.);
#7724=FACE_BOUND('',#6703,.T.);
#7725=FACE_BOUND('',#6704,.T.);
#7726=FACE_BOUND('',#6705,.T.);
#7727=FACE_BOUND('',#6706,.T.);
#7728=FACE_BOUND('',#6707,.T.);
#7729=FACE_BOUND('',#6708,.T.);
#7730=FACE_BOUND('',#6709,.T.);
#7731=FACE_BOUND('',#6710,.T.);
#7732=FACE_BOUND('',#6711,.T.);
#7733=FACE_BOUND('',#6712,.T.);
#7734=FACE_BOUND('',#6713,.T.);
#7735=FACE_BOUND('',#6714,.T.);
#7736=FACE_BOUND('',#6715,.T.);
#7737=FACE_BOUND('',#6716,.T.);
#7738=FACE_BOUND('',#6717,.T.);
#7739=FACE_BOUND('',#6718,.T.);
#7740=FACE_BOUND('',#6719,.T.);
#7741=FACE_BOUND('',#6720,.T.);
#7742=FACE_BOUND('',#6721,.T.);
#7743=FACE_BOUND('',#6722,.T.);
#7744=FACE_BOUND('',#6723,.T.);
#7745=FACE_BOUND('',#6724,.T.);
#7746=FACE_BOUND('',#6725,.T.);
#7747=FACE_BOUND('',#6726,.T.);
#7748=FACE_BOUND('',#6727,.T.);
#7749=FACE_BOUND('',#6728,.T.);
#7750=FACE_BOUND('',#6729,.T.);
#7751=FACE_BOUND('',#6730,.T.);
#7752=FACE_BOUND('',#6731,.T.);
#7753=FACE_BOUND('',#6732,.T.);
#7754=FACE_BOUND('',#6733,.T.);
#7755=FACE_BOUND('',#6734,.T.);
#7756=FACE_BOUND('',#6735,.T.);
#7757=FACE_BOUND('',#6736,.T.);
#7758=FACE_BOUND('',#6737,.T.);
#7759=FACE_BOUND('',#6738,.T.);
#7760=FACE_BOUND('',#6739,.T.);
#7761=FACE_BOUND('',#6740,.T.);
#7762=FACE_BOUND('',#6741,.T.);
#7763=FACE_BOUND('',#6742,.T.);
#7764=FACE_BOUND('',#6743,.T.);
#7765=FACE_BOUND('',#6744,.T.);
#7766=FACE_BOUND('',#6745,.T.);
#7767=FACE_BOUND('',#6746,.T.);
#7768=FACE_BOUND('',#6747,.T.);
#7769=FACE_BOUND('',#6748,.T.);
#7770=FACE_BOUND('',#6749,.T.);
#7771=FACE_BOUND('',#6750,.T.);
#7772=FACE_BOUND('',#6751,.T.);
#7773=FACE_BOUND('',#6752,.T.);
#7774=FACE_BOUND('',#6753,.T.);
#7775=FACE_BOUND('',#6754,.T.);
#7776=FACE_BOUND('',#6755,.T.);
#7777=FACE_BOUND('',#6756,.T.);
#7778=FACE_BOUND('',#6757,.T.);
#7779=FACE_BOUND('',#6758,.T.);
#7780=FACE_BOUND('',#6759,.T.);
#7781=FACE_BOUND('',#6760,.T.);
#7782=FACE_BOUND('',#6761,.T.);
#7783=FACE_BOUND('',#6762,.T.);
#7784=FACE_BOUND('',#6763,.T.);
#7785=FACE_BOUND('',#6764,.T.);
#7786=FACE_BOUND('',#6765,.T.);
#7787=FACE_BOUND('',#6766,.T.);
#7788=FACE_BOUND('',#6767,.T.);
#7789=FACE_BOUND('',#6768,.T.);
#7790=FACE_BOUND('',#6769,.T.);
#7791=FACE_BOUND('',#6770,.T.);
#7792=FACE_BOUND('',#6771,.T.);
#7793=FACE_BOUND('',#6772,.T.);
#7794=FACE_BOUND('',#6773,.T.);
#7795=FACE_BOUND('',#6774,.T.);
#7796=FACE_BOUND('',#6775,.T.);
#7797=FACE_BOUND('',#6776,.T.);
#7798=FACE_BOUND('',#6777,.T.);
#7799=FACE_BOUND('',#6778,.T.);
#7800=FACE_BOUND('',#6779,.T.);
#7801=FACE_BOUND('',#6780,.T.);
#7802=FACE_BOUND('',#6781,.T.);
#7803=FACE_BOUND('',#6782,.T.);
#7804=FACE_BOUND('',#6783,.T.);
#7805=FACE_BOUND('',#6784,.T.);
#7806=FACE_BOUND('',#6785,.T.);
#7807=FACE_BOUND('',#6786,.T.);
#7808=FACE_BOUND('',#6787,.T.);
#7809=FACE_BOUND('',#6788,.T.);
#7810=FACE_BOUND('',#6789,.T.);
#7811=FACE_BOUND('',#6790,.T.);
#7812=FACE_BOUND('',#6791,.T.);
#7813=FACE_BOUND('',#6792,.T.);
#7814=FACE_BOUND('',#6793,.T.);
#7815=FACE_BOUND('',#6794,.T.);
#7816=FACE_BOUND('',#6795,.T.);
#7817=FACE_BOUND('',#6796,.T.);
#7818=FACE_BOUND('',#6797,.T.);
#7819=FACE_BOUND('',#6798,.T.);
#7820=FACE_BOUND('',#6799,.T.);
#7821=FACE_BOUND('',#6800,.T.);
#7822=FACE_BOUND('',#6801,.T.);
#7823=FACE_BOUND('',#6802,.T.);
#7824=FACE_BOUND('',#6803,.T.);
#7825=FACE_BOUND('',#6804,.T.);
#7826=FACE_BOUND('',#6805,.T.);
#7827=FACE_BOUND('',#6806,.T.);
#7828=FACE_BOUND('',#6807,.T.);
#7829=FACE_BOUND('',#6808,.T.);
#7830=FACE_BOUND('',#6809,.T.);
#7831=FACE_BOUND('',#6810,.T.);
#7832=FACE_BOUND('',#6811,.T.);
#7833=FACE_BOUND('',#6812,.T.);
#7834=FACE_BOUND('',#6813,.T.);
#7835=FACE_BOUND('',#6814,.T.);
#7836=FACE_BOUND('',#6815,.T.);
#7837=FACE_BOUND('',#6816,.T.);
#7838=FACE_BOUND('',#6817,.T.);
#7839=FACE_BOUND('',#6818,.T.);
#7840=FACE_BOUND('',#6819,.T.);
#7841=FACE_BOUND('',#6820,.T.);
#7842=FACE_BOUND('',#6821,.T.);
#7843=FACE_BOUND('',#6822,.T.);
#7844=FACE_BOUND('',#6823,.T.);
#7845=FACE_BOUND('',#6824,.T.);
#7846=FACE_BOUND('',#6825,.T.);
#7847=FACE_BOUND('',#6826,.T.);
#7848=FACE_BOUND('',#6827,.T.);
#7849=FACE_BOUND('',#6828,.T.);
#7850=FACE_BOUND('',#6829,.T.);
#7851=FACE_BOUND('',#6830,.T.);
#7852=FACE_BOUND('',#6831,.T.);
#7853=FACE_BOUND('',#6832,.T.);
#7854=FACE_BOUND('',#6833,.T.);
#7855=FACE_BOUND('',#6834,.T.);
#7856=FACE_BOUND('',#6835,.T.);
#7857=FACE_BOUND('',#6836,.T.);
#7858=FACE_BOUND('',#6837,.T.);
#7859=FACE_BOUND('',#6838,.T.);
#7860=FACE_BOUND('',#6839,.T.);
#7861=FACE_BOUND('',#6840,.T.);
#7862=FACE_BOUND('',#6841,.T.);
#7863=FACE_BOUND('',#6842,.T.);
#7864=FACE_BOUND('',#6843,.T.);
#7865=FACE_BOUND('',#6844,.T.);
#7866=FACE_BOUND('',#6845,.T.);
#7867=FACE_BOUND('',#6846,.T.);
#7868=FACE_BOUND('',#6847,.T.);
#7869=FACE_BOUND('',#6848,.T.);
#7870=FACE_BOUND('',#6849,.T.);
#7871=FACE_BOUND('',#6850,.T.);
#7872=FACE_BOUND('',#6851,.T.);
#7873=FACE_BOUND('',#6852,.T.);
#7874=FACE_BOUND('',#6853,.T.);
#7875=FACE_BOUND('',#6854,.T.);
#7876=FACE_BOUND('',#6855,.T.);
#7877=FACE_BOUND('',#6856,.T.);
#7878=FACE_BOUND('',#6857,.T.);
#7879=FACE_BOUND('',#6858,.T.);
#7880=FACE_BOUND('',#6859,.T.);
#7881=FACE_BOUND('',#6860,.T.);
#7882=FACE_BOUND('',#6861,.T.);
#7883=FACE_BOUND('',#6862,.T.);
#7884=FACE_BOUND('',#6863,.T.);
#7885=FACE_BOUND('',#6864,.T.);
#7886=FACE_BOUND('',#6865,.T.);
#7887=FACE_BOUND('',#6866,.T.);
#7888=FACE_BOUND('',#6867,.T.);
#7889=FACE_BOUND('',#6868,.T.);
#7890=FACE_BOUND('',#6869,.T.);
#7891=FACE_BOUND('',#6870,.T.);
#7892=FACE_BOUND('',#6871,.T.);
#7893=FACE_BOUND('',#6872,.T.);
#7894=FACE_BOUND('',#6873,.T.);
#7895=FACE_BOUND('',#6874,.T.);
#7896=FACE_BOUND('',#6875,.T.);
#7897=FACE_BOUND('',#6876,.T.);
#7898=FACE_BOUND('',#6877,.T.);
#7899=FACE_BOUND('',#6878,.T.);
#7900=FACE_BOUND('',#6879,.T.);
#7901=FACE_BOUND('',#6880,.T.);
#7902=FACE_BOUND('',#6881,.T.);
#7903=FACE_BOUND('',#6882,.T.);
#7904=FACE_BOUND('',#6883,.T.);
#7905=FACE_BOUND('',#6884,.T.);
#7906=FACE_BOUND('',#6885,.T.);
#7907=FACE_BOUND('',#6886,.T.);
#7908=FACE_BOUND('',#6887,.T.);
#7909=FACE_BOUND('',#6888,.T.);
#7910=FACE_BOUND('',#6889,.T.);
#7911=FACE_BOUND('',#6890,.T.);
#7912=FACE_BOUND('',#6891,.T.);
#7913=FACE_BOUND('',#6892,.T.);
#7914=FACE_BOUND('',#6893,.T.);
#7915=FACE_BOUND('',#6894,.T.);
#7916=FACE_BOUND('',#6895,.T.);
#7917=FACE_BOUND('',#6896,.T.);
#7918=FACE_BOUND('',#6897,.T.);
#7919=FACE_BOUND('',#6898,.T.);
#7920=FACE_BOUND('',#6899,.T.);
#7921=FACE_BOUND('',#6900,.T.);
#7922=FACE_BOUND('',#6901,.T.);
#7923=FACE_BOUND('',#6902,.T.);
#7924=FACE_BOUND('',#6903,.T.);
#7925=FACE_BOUND('',#6904,.T.);
#7926=FACE_BOUND('',#6905,.T.);
#7927=FACE_BOUND('',#6906,.T.);
#7928=FACE_BOUND('',#6907,.T.);
#7929=FACE_BOUND('',#6908,.T.);
#7930=FACE_BOUND('',#6909,.T.);
#7931=FACE_BOUND('',#6910,.T.);
#7932=FACE_BOUND('',#6911,.T.);
#7933=FACE_BOUND('',#6912,.T.);
#7934=FACE_BOUND('',#6913,.T.);
#7935=FACE_BOUND('',#6914,.T.);
#7936=FACE_BOUND('',#6915,.T.);
#7937=FACE_BOUND('',#6916,.T.);
#7938=FACE_BOUND('',#6917,.T.);
#7939=FACE_BOUND('',#6918,.T.);
#7940=FACE_BOUND('',#6919,.T.);
#7941=FACE_BOUND('',#6920,.T.);
#7942=FACE_BOUND('',#6921,.T.);
#7943=FACE_BOUND('',#6922,.T.);
#7944=FACE_BOUND('',#6923,.T.);
#7945=FACE_BOUND('',#6924,.T.);
#7946=FACE_BOUND('',#6925,.T.);
#7947=FACE_BOUND('',#6926,.T.);
#7948=FACE_BOUND('',#6927,.T.);
#7949=FACE_BOUND('',#6928,.T.);
#7950=FACE_BOUND('',#6929,.T.);
#7951=FACE_BOUND('',#6930,.T.);
#7952=FACE_BOUND('',#6931,.T.);
#7953=FACE_BOUND('',#6932,.T.);
#7954=FACE_BOUND('',#6933,.T.);
#7955=FACE_BOUND('',#6934,.T.);
#7956=FACE_BOUND('',#6935,.T.);
#7957=FACE_BOUND('',#6936,.T.);
#7958=FACE_BOUND('',#6937,.T.);
#7959=FACE_BOUND('',#6938,.T.);
#7960=FACE_BOUND('',#6939,.T.);
#7961=FACE_BOUND('',#6940,.T.);
#7962=FACE_BOUND('',#6941,.T.);
#7963=FACE_BOUND('',#6942,.T.);
#7964=FACE_BOUND('',#6943,.T.);
#7965=FACE_BOUND('',#6944,.T.);
#7966=FACE_BOUND('',#6945,.T.);
#7967=FACE_BOUND('',#6946,.T.);
#7968=FACE_BOUND('',#6947,.T.);
#7969=FACE_BOUND('',#6948,.T.);
#7970=FACE_BOUND('',#6949,.T.);
#7971=FACE_BOUND('',#6950,.T.);
#7972=FACE_BOUND('',#6951,.T.);
#7973=FACE_BOUND('',#6952,.T.);
#7974=FACE_BOUND('',#6953,.T.);
#7975=FACE_BOUND('',#6954,.T.);
#7976=FACE_BOUND('',#6955,.T.);
#7977=FACE_BOUND('',#6956,.T.);
#7978=FACE_BOUND('',#6957,.T.);
#7979=FACE_BOUND('',#6958,.T.);
#7980=FACE_BOUND('',#6959,.T.);
#7981=FACE_BOUND('',#6960,.T.);
#7982=FACE_BOUND('',#6961,.T.);
#7983=FACE_BOUND('',#6962,.T.);
#7984=FACE_BOUND('',#6963,.T.);
#7985=FACE_BOUND('',#6964,.T.);
#7986=FACE_BOUND('',#6965,.T.);
#7987=FACE_BOUND('',#6966,.T.);
#7988=FACE_BOUND('',#6967,.T.);
#7989=FACE_BOUND('',#6968,.T.);
#7990=FACE_BOUND('',#6969,.T.);
#7991=FACE_BOUND('',#6970,.T.);
#7992=FACE_BOUND('',#6971,.T.);
#7993=FACE_BOUND('',#6972,.T.);
#7994=FACE_BOUND('',#6973,.T.);
#7995=FACE_BOUND('',#6974,.T.);
#7996=FACE_BOUND('',#6975,.T.);
#7997=FACE_BOUND('',#6976,.T.);
#7998=FACE_BOUND('',#6977,.T.);
#7999=FACE_BOUND('',#6978,.T.);
#8000=FACE_BOUND('',#6979,.T.);
#8001=FACE_BOUND('',#6980,.T.);
#8002=FACE_BOUND('',#6981,.T.);
#8003=FACE_BOUND('',#6982,.T.);
#8004=FACE_BOUND('',#6983,.T.);
#8005=FACE_BOUND('',#6984,.T.);
#8006=FACE_BOUND('',#6985,.T.);
#8007=FACE_BOUND('',#6986,.T.);
#8008=FACE_BOUND('',#6987,.T.);
#8009=FACE_BOUND('',#6988,.T.);
#8010=FACE_BOUND('',#6989,.T.);
#8011=FACE_BOUND('',#6990,.T.);
#8012=FACE_BOUND('',#6991,.T.);
#8013=FACE_BOUND('',#6992,.T.);
#8014=FACE_BOUND('',#6993,.T.);
#8015=FACE_BOUND('',#6994,.T.);
#8016=FACE_BOUND('',#6995,.T.);
#8017=FACE_BOUND('',#6996,.T.);
#8018=FACE_BOUND('',#6997,.T.);
#8019=FACE_BOUND('',#6998,.T.);
#8020=FACE_BOUND('',#6999,.T.);
#8021=FACE_BOUND('',#7000,.T.);
#8022=FACE_BOUND('',#7001,.T.);
#8023=FACE_BOUND('',#7002,.T.);
#8024=FACE_BOUND('',#7003,.T.);
#8025=FACE_BOUND('',#7004,.T.);
#8026=FACE_BOUND('',#7005,.T.);
#8027=FACE_BOUND('',#7006,.T.);
#8028=FACE_BOUND('',#7007,.T.);
#8029=FACE_BOUND('',#7008,.T.);
#8030=FACE_BOUND('',#7009,.T.);
#8031=FACE_BOUND('',#7010,.T.);
#8032=FACE_BOUND('',#7011,.T.);
#8033=FACE_BOUND('',#7012,.T.);
#8034=FACE_BOUND('',#7013,.T.);
#8035=FACE_BOUND('',#7014,.T.);
#8036=FACE_BOUND('',#7015,.T.);
#8037=FACE_BOUND('',#7016,.T.);
#8038=FACE_BOUND('',#7017,.T.);
#8039=FACE_BOUND('',#7018,.T.);
#8040=FACE_BOUND('',#7019,.T.);
#8041=FACE_BOUND('',#7020,.T.);
#8042=FACE_BOUND('',#7021,.T.);
#8043=FACE_BOUND('',#7022,.T.);
#8044=FACE_BOUND('',#7023,.T.);
#8045=FACE_BOUND('',#7024,.T.);
#8046=FACE_BOUND('',#7025,.T.);
#8047=FACE_BOUND('',#7026,.T.);
#8048=FACE_BOUND('',#7027,.T.);
#8049=FACE_BOUND('',#7028,.T.);
#8050=FACE_BOUND('',#7029,.T.);
#8051=FACE_BOUND('',#7030,.T.);
#8052=FACE_BOUND('',#7031,.T.);
#8053=FACE_BOUND('',#7032,.T.);
#8054=FACE_BOUND('',#7033,.T.);
#8055=FACE_BOUND('',#7034,.T.);
#8056=FACE_BOUND('',#7035,.T.);
#8057=FACE_BOUND('',#7036,.T.);
#8058=FACE_BOUND('',#7037,.T.);
#8059=FACE_BOUND('',#7038,.T.);
#8060=FACE_BOUND('',#7039,.T.);
#8061=FACE_BOUND('',#7040,.T.);
#8062=FACE_BOUND('',#7041,.T.);
#8063=FACE_BOUND('',#7042,.T.);
#8064=FACE_BOUND('',#7043,.T.);
#8065=FACE_BOUND('',#7044,.T.);
#8066=FACE_BOUND('',#7045,.T.);
#8067=FACE_BOUND('',#7046,.T.);
#8068=FACE_BOUND('',#7047,.T.);
#8069=FACE_BOUND('',#7048,.T.);
#8070=FACE_BOUND('',#7049,.T.);
#8071=FACE_BOUND('',#7050,.T.);
#8072=FACE_BOUND('',#7051,.T.);
#8073=FACE_BOUND('',#7052,.T.);
#8074=FACE_BOUND('',#7053,.T.);
#8075=FACE_BOUND('',#7054,.T.);
#8076=FACE_BOUND('',#7055,.T.);
#8077=FACE_BOUND('',#7056,.T.);
#8078=FACE_BOUND('',#7057,.T.);
#8079=FACE_BOUND('',#7058,.T.);
#8080=FACE_BOUND('',#7059,.T.);
#8081=FACE_BOUND('',#7060,.T.);
#8082=FACE_BOUND('',#7061,.T.);
#8083=FACE_BOUND('',#7062,.T.);
#8084=FACE_BOUND('',#7063,.T.);
#8085=FACE_BOUND('',#7064,.T.);
#8086=FACE_BOUND('',#7065,.T.);
#8087=FACE_BOUND('',#7066,.T.);
#8088=FACE_BOUND('',#7067,.T.);
#8089=FACE_BOUND('',#7068,.T.);
#8090=FACE_BOUND('',#7069,.T.);
#8091=FACE_BOUND('',#7070,.T.);
#8092=FACE_BOUND('',#7071,.T.);
#8093=FACE_BOUND('',#7072,.T.);
#8094=FACE_BOUND('',#7073,.T.);
#8095=FACE_BOUND('',#7074,.T.);
#8096=FACE_BOUND('',#7075,.T.);
#8097=FACE_BOUND('',#7076,.T.);
#8098=FACE_BOUND('',#7077,.T.);
#8099=FACE_BOUND('',#7078,.T.);
#8100=FACE_BOUND('',#7079,.T.);
#8101=FACE_BOUND('',#7080,.T.);
#8102=FACE_BOUND('',#7081,.T.);
#8103=FACE_BOUND('',#7082,.T.);
#8104=FACE_BOUND('',#7083,.T.);
#8105=FACE_BOUND('',#7084,.T.);
#8106=FACE_BOUND('',#7085,.T.);
#8107=FACE_BOUND('',#7086,.T.);
#8108=FACE_BOUND('',#7087,.T.);
#8109=FACE_BOUND('',#7088,.T.);
#8110=FACE_BOUND('',#7089,.T.);
#8111=FACE_BOUND('',#7090,.T.);
#8112=FACE_BOUND('',#7091,.T.);
#8113=FACE_BOUND('',#7092,.T.);
#8114=FACE_BOUND('',#7093,.T.);
#8115=FACE_BOUND('',#7094,.T.);
#8116=FACE_BOUND('',#7095,.T.);
#8117=FACE_BOUND('',#7096,.T.);
#8118=FACE_BOUND('',#7097,.T.);
#8119=FACE_BOUND('',#7098,.T.);
#8120=FACE_BOUND('',#7099,.T.);
#8121=FACE_BOUND('',#7100,.T.);
#8122=FACE_BOUND('',#7101,.T.);
#8123=FACE_BOUND('',#7102,.T.);
#8124=FACE_BOUND('',#7103,.T.);
#8125=FACE_BOUND('',#7104,.T.);
#8126=FACE_BOUND('',#7105,.T.);
#8127=FACE_BOUND('',#7106,.T.);
#8128=FACE_BOUND('',#7107,.T.);
#8129=FACE_BOUND('',#7108,.T.);
#8130=FACE_BOUND('',#7109,.T.);
#8131=FACE_BOUND('',#7110,.T.);
#8132=FACE_BOUND('',#7111,.T.);
#8133=FACE_BOUND('',#7112,.T.);
#8134=FACE_BOUND('',#7113,.T.);
#8135=FACE_BOUND('',#7114,.T.);
#8136=FACE_BOUND('',#7115,.T.);
#8137=FACE_BOUND('',#7116,.T.);
#8138=FACE_BOUND('',#7117,.T.);
#8139=FACE_BOUND('',#7118,.T.);
#8140=FACE_BOUND('',#7119,.T.);
#8141=FACE_BOUND('',#7120,.T.);
#8142=FACE_BOUND('',#7121,.T.);
#8143=FACE_BOUND('',#7122,.T.);
#8144=FACE_BOUND('',#7123,.T.);
#8145=FACE_BOUND('',#7124,.T.);
#8146=FACE_BOUND('',#7125,.T.);
#8147=FACE_BOUND('',#7126,.T.);
#8148=FACE_BOUND('',#7127,.T.);
#8149=FACE_BOUND('',#7128,.T.);
#8150=FACE_BOUND('',#7129,.T.);
#8151=FACE_BOUND('',#7130,.T.);
#8152=FACE_BOUND('',#7131,.T.);
#8153=FACE_BOUND('',#7132,.T.);
#8154=FACE_BOUND('',#7133,.T.);
#8155=FACE_BOUND('',#7134,.T.);
#8156=FACE_BOUND('',#7135,.T.);
#8157=FACE_BOUND('',#7136,.T.);
#8158=FACE_BOUND('',#7137,.T.);
#8159=FACE_BOUND('',#7138,.T.);
#8160=FACE_BOUND('',#7139,.T.);
#8161=FACE_BOUND('',#7140,.T.);
#8162=FACE_BOUND('',#7141,.T.);
#8163=FACE_BOUND('',#7142,.T.);
#8164=FACE_BOUND('',#7143,.T.);
#8165=FACE_BOUND('',#7144,.T.);
#8166=FACE_BOUND('',#7145,.T.);
#8167=FACE_BOUND('',#7146,.T.);
#8168=FACE_BOUND('',#7147,.T.);
#8169=FACE_BOUND('',#7148,.T.);
#8170=FACE_BOUND('',#7149,.T.);
#8171=FACE_BOUND('',#7150,.T.);
#8172=FACE_BOUND('',#7151,.T.);
#8173=FACE_BOUND('',#7152,.T.);
#8174=FACE_BOUND('',#7153,.T.);
#8175=FACE_BOUND('',#7154,.T.);
#8176=FACE_BOUND('',#7155,.T.);
#8177=FACE_BOUND('',#7156,.T.);
#8178=FACE_BOUND('',#7157,.T.);
#8179=FACE_BOUND('',#7158,.T.);
#8180=FACE_BOUND('',#7159,.T.);
#8181=FACE_BOUND('',#7160,.T.);
#8182=FACE_BOUND('',#7161,.T.);
#8183=FACE_BOUND('',#7162,.T.);
#8184=FACE_BOUND('',#7163,.T.);
#8185=FACE_BOUND('',#7164,.T.);
#8186=FACE_BOUND('',#7165,.T.);
#8187=FACE_BOUND('',#7166,.T.);
#8188=FACE_BOUND('',#7167,.T.);
#8189=FACE_BOUND('',#7168,.T.);
#8190=FACE_BOUND('',#7169,.T.);
#8191=FACE_BOUND('',#7170,.T.);
#8192=FACE_BOUND('',#7171,.T.);
#8193=FACE_BOUND('',#7172,.T.);
#8194=FACE_BOUND('',#7173,.T.);
#8195=FACE_BOUND('',#7174,.T.);
#8196=FACE_BOUND('',#7175,.T.);
#8197=FACE_BOUND('',#7176,.T.);
#8198=FACE_BOUND('',#7177,.T.);
#8199=FACE_BOUND('',#7178,.T.);
#8200=FACE_BOUND('',#7179,.T.);
#8201=FACE_BOUND('',#7180,.T.);
#8202=FACE_BOUND('',#7181,.T.);
#8203=FACE_BOUND('',#7182,.T.);
#8204=FACE_BOUND('',#7183,.T.);
#8205=FACE_BOUND('',#7184,.T.);
#8206=FACE_BOUND('',#7185,.T.);
#8207=FACE_BOUND('',#7186,.T.);
#8208=FACE_BOUND('',#7187,.T.);
#8209=FACE_BOUND('',#7188,.T.);
#8210=FACE_BOUND('',#7189,.T.);
#8211=FACE_BOUND('',#7190,.T.);
#8212=FACE_BOUND('',#7191,.T.);
#8213=FACE_BOUND('',#7192,.T.);
#8214=FACE_BOUND('',#7193,.T.);
#8215=FACE_BOUND('',#7194,.T.);
#8216=FACE_BOUND('',#7195,.T.);
#8217=FACE_BOUND('',#7196,.T.);
#8218=FACE_BOUND('',#7197,.T.);
#8219=FACE_BOUND('',#7198,.T.);
#8220=FACE_BOUND('',#7199,.T.);
#8221=FACE_BOUND('',#7200,.T.);
#8222=FACE_BOUND('',#7201,.T.);
#8223=FACE_BOUND('',#7202,.T.);
#8224=FACE_BOUND('',#7203,.T.);
#8225=FACE_BOUND('',#7204,.T.);
#8226=FACE_BOUND('',#7205,.T.);
#8227=FACE_BOUND('',#7206,.T.);
#8228=FACE_BOUND('',#7207,.T.);
#8229=FACE_BOUND('',#7208,.T.);
#8230=FACE_BOUND('',#7209,.T.);
#8231=FACE_BOUND('',#7210,.T.);
#8232=FACE_BOUND('',#7211,.T.);
#8233=FACE_BOUND('',#7212,.T.);
#8234=FACE_BOUND('',#7213,.T.);
#8235=FACE_BOUND('',#7214,.T.);
#8236=FACE_BOUND('',#7215,.T.);
#8237=FACE_BOUND('',#7216,.T.);
#8238=FACE_BOUND('',#7217,.T.);
#8239=FACE_BOUND('',#7218,.T.);
#8240=FACE_BOUND('',#7219,.T.);
#8241=FACE_BOUND('',#7220,.T.);
#8242=FACE_BOUND('',#7221,.T.);
#8243=FACE_BOUND('',#7222,.T.);
#8244=FACE_BOUND('',#7223,.T.);
#8245=FACE_BOUND('',#7224,.T.);
#8246=FACE_BOUND('',#7225,.T.);
#8247=FACE_BOUND('',#7226,.T.);
#8248=FACE_BOUND('',#7227,.T.);
#8249=FACE_BOUND('',#7228,.T.);
#8250=FACE_BOUND('',#7229,.T.);
#8251=FACE_BOUND('',#7230,.T.);
#8252=FACE_BOUND('',#7231,.T.);
#8253=FACE_BOUND('',#7232,.T.);
#8254=FACE_BOUND('',#7233,.T.);
#8255=FACE_BOUND('',#7234,.T.);
#8256=FACE_BOUND('',#7235,.T.);
#8257=FACE_BOUND('',#7236,.T.);
#8258=FACE_BOUND('',#7237,.T.);
#8259=FACE_BOUND('',#7238,.T.);
#8260=FACE_BOUND('',#7239,.T.);
#8261=FACE_BOUND('',#7240,.T.);
#8262=FACE_BOUND('',#7241,.T.);
#8263=FACE_BOUND('',#7242,.T.);
#8264=FACE_BOUND('',#7243,.T.);
#8265=FACE_BOUND('',#7244,.T.);
#8266=FACE_BOUND('',#7245,.T.);
#8267=FACE_BOUND('',#7246,.T.);
#8268=FACE_BOUND('',#7247,.T.);
#8269=FACE_BOUND('',#7248,.T.);
#8270=FACE_BOUND('',#7249,.T.);
#8271=FACE_BOUND('',#7250,.T.);
#8272=FACE_BOUND('',#7251,.T.);
#8273=FACE_BOUND('',#7252,.T.);
#8274=FACE_BOUND('',#7253,.T.);
#8275=FACE_BOUND('',#7254,.T.);
#8276=FACE_BOUND('',#7255,.T.);
#8277=FACE_BOUND('',#7256,.T.);
#8278=FACE_BOUND('',#7257,.T.);
#8279=FACE_BOUND('',#7258,.T.);
#8280=FACE_BOUND('',#7259,.T.);
#8281=FACE_BOUND('',#7260,.T.);
#8282=FACE_BOUND('',#7261,.T.);
#8283=FACE_BOUND('',#7262,.T.);
#8284=FACE_BOUND('',#7263,.T.);
#8285=FACE_BOUND('',#7264,.T.);
#8286=FACE_BOUND('',#7265,.T.);
#8287=FACE_BOUND('',#7266,.T.);
#8288=FACE_BOUND('',#7267,.T.);
#8289=FACE_BOUND('',#7268,.T.);
#8290=FACE_BOUND('',#7269,.T.);
#8291=FACE_BOUND('',#7270,.T.);
#8292=FACE_BOUND('',#7271,.T.);
#8293=FACE_BOUND('',#7272,.T.);
#8294=FACE_BOUND('',#7273,.T.);
#8295=FACE_BOUND('',#7274,.T.);
#8296=FACE_BOUND('',#7275,.T.);
#8297=FACE_BOUND('',#7276,.T.);
#8298=FACE_BOUND('',#7277,.T.);
#8299=FACE_BOUND('',#7278,.T.);
#8300=FACE_BOUND('',#7279,.T.);
#8301=FACE_BOUND('',#7280,.T.);
#8302=FACE_BOUND('',#7281,.T.);
#8303=FACE_BOUND('',#7282,.T.);
#8304=FACE_BOUND('',#7283,.T.);
#8305=FACE_BOUND('',#7284,.T.);
#8306=FACE_BOUND('',#7285,.T.);
#8307=FACE_BOUND('',#7286,.T.);
#8308=FACE_BOUND('',#7287,.T.);
#8309=FACE_BOUND('',#7288,.T.);
#8310=FACE_BOUND('',#7289,.T.);
#8311=CYLINDRICAL_SURFACE('',#10162,0.009);
#8312=CYLINDRICAL_SURFACE('',#10168,0.009);
#8313=CYLINDRICAL_SURFACE('',#10174,0.009);
#8314=CYLINDRICAL_SURFACE('',#10180,0.009);
#8315=CYLINDRICAL_SURFACE('',#10186,0.009);
#8316=CYLINDRICAL_SURFACE('',#10192,0.009);
#8317=CYLINDRICAL_SURFACE('',#10198,0.009);
#8318=CYLINDRICAL_SURFACE('',#10204,0.009);
#8319=CYLINDRICAL_SURFACE('',#10210,0.009);
#8320=CYLINDRICAL_SURFACE('',#10216,0.009);
#8321=CYLINDRICAL_SURFACE('',#10222,0.009);
#8322=CYLINDRICAL_SURFACE('',#10228,0.009);
#8323=CYLINDRICAL_SURFACE('',#10234,0.009);
#8324=CYLINDRICAL_SURFACE('',#10240,0.009);
#8325=CYLINDRICAL_SURFACE('',#10246,0.009);
#8326=CYLINDRICAL_SURFACE('',#10252,0.009);
#8327=CYLINDRICAL_SURFACE('',#10258,0.009);
#8328=CYLINDRICAL_SURFACE('',#10264,0.009);
#8329=CYLINDRICAL_SURFACE('',#10270,0.009);
#8330=CYLINDRICAL_SURFACE('',#10276,0.009);
#8331=CYLINDRICAL_SURFACE('',#10282,0.009);
#8332=CYLINDRICAL_SURFACE('',#10288,0.009);
#8333=CYLINDRICAL_SURFACE('',#10294,0.009);
#8334=CYLINDRICAL_SURFACE('',#10300,0.009);
#8335=CYLINDRICAL_SURFACE('',#10306,0.009);
#8336=CYLINDRICAL_SURFACE('',#10312,0.009);
#8337=CYLINDRICAL_SURFACE('',#10318,0.009);
#8338=CYLINDRICAL_SURFACE('',#10324,0.009);
#8339=CYLINDRICAL_SURFACE('',#10330,0.009);
#8340=CYLINDRICAL_SURFACE('',#10336,0.009);
#8341=CYLINDRICAL_SURFACE('',#10342,0.009);
#8342=CYLINDRICAL_SURFACE('',#10348,0.009);
#8343=CYLINDRICAL_SURFACE('',#10354,0.009);
#8344=CYLINDRICAL_SURFACE('',#10360,0.009);
#8345=CYLINDRICAL_SURFACE('',#10366,0.009);
#8346=CYLINDRICAL_SURFACE('',#10372,0.009);
#8347=CYLINDRICAL_SURFACE('',#10378,0.009);
#8348=CYLINDRICAL_SURFACE('',#10384,0.009);
#8349=CYLINDRICAL_SURFACE('',#10390,0.009);
#8350=CYLINDRICAL_SURFACE('',#10396,0.009);
#8351=CYLINDRICAL_SURFACE('',#10402,0.009);
#8352=CYLINDRICAL_SURFACE('',#10408,0.009);
#8353=CYLINDRICAL_SURFACE('',#10414,0.009);
#8354=CYLINDRICAL_SURFACE('',#10420,0.009);
#8355=CYLINDRICAL_SURFACE('',#10426,0.009);
#8356=CYLINDRICAL_SURFACE('',#10432,0.009);
#8357=CYLINDRICAL_SURFACE('',#10438,0.009);
#8358=CYLINDRICAL_SURFACE('',#10444,0.009);
#8359=CYLINDRICAL_SURFACE('',#10450,0.009);
#8360=CYLINDRICAL_SURFACE('',#10456,0.009);
#8361=CYLINDRICAL_SURFACE('',#10462,0.009);
#8362=CYLINDRICAL_SURFACE('',#10468,0.009);
#8363=CYLINDRICAL_SURFACE('',#10474,0.009);
#8364=CYLINDRICAL_SURFACE('',#10480,0.009);
#8365=CYLINDRICAL_SURFACE('',#10486,0.009);
#8366=CYLINDRICAL_SURFACE('',#10492,0.009);
#8367=CYLINDRICAL_SURFACE('',#10498,0.009);
#8368=CYLINDRICAL_SURFACE('',#10504,0.009);
#8369=CYLINDRICAL_SURFACE('',#10510,0.009);
#8370=CYLINDRICAL_SURFACE('',#10516,0.009);
#8371=CYLINDRICAL_SURFACE('',#10522,0.009);
#8372=CYLINDRICAL_SURFACE('',#10528,0.009);
#8373=CYLINDRICAL_SURFACE('',#10534,0.009);
#8374=CYLINDRICAL_SURFACE('',#10540,0.009);
#8375=CYLINDRICAL_SURFACE('',#10546,0.009);
#8376=CYLINDRICAL_SURFACE('',#10552,0.009);
#8377=CYLINDRICAL_SURFACE('',#10558,0.009);
#8378=CYLINDRICAL_SURFACE('',#10564,0.009);
#8379=CYLINDRICAL_SURFACE('',#10570,0.009);
#8380=CYLINDRICAL_SURFACE('',#10576,0.009);
#8381=CYLINDRICAL_SURFACE('',#10582,0.009);
#8382=CYLINDRICAL_SURFACE('',#10588,0.009);
#8383=CYLINDRICAL_SURFACE('',#10594,0.009);
#8384=CYLINDRICAL_SURFACE('',#10600,0.009);
#8385=CYLINDRICAL_SURFACE('',#10606,0.009);
#8386=CYLINDRICAL_SURFACE('',#10612,0.009);
#8387=CYLINDRICAL_SURFACE('',#10618,0.009);
#8388=CYLINDRICAL_SURFACE('',#10624,0.009);
#8389=CYLINDRICAL_SURFACE('',#10630,0.009);
#8390=CYLINDRICAL_SURFACE('',#10636,0.009);
#8391=CYLINDRICAL_SURFACE('',#10642,0.009);
#8392=CYLINDRICAL_SURFACE('',#10648,0.009);
#8393=CYLINDRICAL_SURFACE('',#10654,0.009);
#8394=CYLINDRICAL_SURFACE('',#10660,0.009);
#8395=CYLINDRICAL_SURFACE('',#10666,0.009);
#8396=CYLINDRICAL_SURFACE('',#10672,0.009);
#8397=CYLINDRICAL_SURFACE('',#10678,0.009);
#8398=CYLINDRICAL_SURFACE('',#10684,0.009);
#8399=CYLINDRICAL_SURFACE('',#10690,0.009);
#8400=CYLINDRICAL_SURFACE('',#10696,0.009);
#8401=CYLINDRICAL_SURFACE('',#10902,0.00925);
#8402=CYLINDRICAL_SURFACE('',#10904,0.00925);
#8403=CYLINDRICAL_SURFACE('',#11017,0.0025);
#8404=CYLINDRICAL_SURFACE('',#11018,0.0025);
#8405=CYLINDRICAL_SURFACE('',#11019,0.0025);
#8406=CYLINDRICAL_SURFACE('',#11020,0.0025);
#8407=CYLINDRICAL_SURFACE('',#11021,0.0025);
#8408=CYLINDRICAL_SURFACE('',#11026,0.0025);
#8409=CYLINDRICAL_SURFACE('',#11027,0.0025);
#8410=CYLINDRICAL_SURFACE('',#11028,0.0025);
#8411=CYLINDRICAL_SURFACE('',#11029,0.0025);
#8412=CYLINDRICAL_SURFACE('',#11030,0.0025);
#8413=CYLINDRICAL_SURFACE('',#11031,0.00925);
#8414=CYLINDRICAL_SURFACE('',#11032,0.00925);
#8415=CYLINDRICAL_SURFACE('',#11033,0.00925);
#8416=CYLINDRICAL_SURFACE('',#11034,0.00925);
#8417=CYLINDRICAL_SURFACE('',#11035,0.00925);
#8418=CYLINDRICAL_SURFACE('',#11036,0.00925);
#8419=CYLINDRICAL_SURFACE('',#11037,0.00925);
#8420=CYLINDRICAL_SURFACE('',#11038,0.00925);
#8421=CYLINDRICAL_SURFACE('',#11039,0.00925);
#8422=CYLINDRICAL_SURFACE('',#11040,0.00925);
#8423=CYLINDRICAL_SURFACE('',#11041,0.00925);
#8424=CYLINDRICAL_SURFACE('',#11042,0.00925);
#8425=CYLINDRICAL_SURFACE('',#11043,0.00925);
#8426=CYLINDRICAL_SURFACE('',#11044,0.00925);
#8427=CYLINDRICAL_SURFACE('',#11045,0.00925);
#8428=CYLINDRICAL_SURFACE('',#11046,0.00925);
#8429=CYLINDRICAL_SURFACE('',#11047,0.00925);
#8430=CYLINDRICAL_SURFACE('',#11048,0.00925);
#8431=CYLINDRICAL_SURFACE('',#11049,0.00925);
#8432=CYLINDRICAL_SURFACE('',#11050,0.00925);
#8433=CYLINDRICAL_SURFACE('',#11051,0.00925);
#8434=CYLINDRICAL_SURFACE('',#11052,0.00925);
#8435=CYLINDRICAL_SURFACE('',#11053,0.00925);
#8436=CYLINDRICAL_SURFACE('',#11054,0.00925);
#8437=CYLINDRICAL_SURFACE('',#11055,0.00925);
#8438=CYLINDRICAL_SURFACE('',#11056,0.00925);
#8439=CYLINDRICAL_SURFACE('',#11057,0.00925);
#8440=CYLINDRICAL_SURFACE('',#11058,0.00925);
#8441=CYLINDRICAL_SURFACE('',#11059,0.00925);
#8442=CYLINDRICAL_SURFACE('',#11060,0.00925);
#8443=CYLINDRICAL_SURFACE('',#11061,0.00925);
#8444=CYLINDRICAL_SURFACE('',#11062,0.00925);
#8445=CYLINDRICAL_SURFACE('',#11063,0.00925);
#8446=CYLINDRICAL_SURFACE('',#11064,0.00925);
#8447=CYLINDRICAL_SURFACE('',#11065,0.00925);
#8448=CYLINDRICAL_SURFACE('',#11066,0.00925);
#8449=CYLINDRICAL_SURFACE('',#11067,0.00925);
#8450=CYLINDRICAL_SURFACE('',#11068,0.00925);
#8451=CYLINDRICAL_SURFACE('',#11069,0.00925);
#8452=CYLINDRICAL_SURFACE('',#11070,0.00925);
#8453=CYLINDRICAL_SURFACE('',#11071,0.00925);
#8454=CYLINDRICAL_SURFACE('',#11072,0.00925);
#8455=CYLINDRICAL_SURFACE('',#11073,0.00925);
#8456=CYLINDRICAL_SURFACE('',#11074,0.00925);
#8457=CYLINDRICAL_SURFACE('',#11075,0.00925);
#8458=CYLINDRICAL_SURFACE('',#11076,0.00925);
#8459=CYLINDRICAL_SURFACE('',#11077,0.00925);
#8460=CYLINDRICAL_SURFACE('',#11078,0.00925);
#8461=CYLINDRICAL_SURFACE('',#11079,0.00925);
#8462=CYLINDRICAL_SURFACE('',#11080,0.00925);
#8463=CYLINDRICAL_SURFACE('',#11081,0.00925);
#8464=CYLINDRICAL_SURFACE('',#11082,0.00925);
#8465=CYLINDRICAL_SURFACE('',#11083,0.00925);
#8466=CYLINDRICAL_SURFACE('',#11084,0.00925);
#8467=CYLINDRICAL_SURFACE('',#11085,0.00925);
#8468=CYLINDRICAL_SURFACE('',#11086,0.00925);
#8469=CYLINDRICAL_SURFACE('',#11087,0.00925);
#8470=CYLINDRICAL_SURFACE('',#11088,0.00925);
#8471=CYLINDRICAL_SURFACE('',#11089,0.00925);
#8472=CYLINDRICAL_SURFACE('',#11090,0.00925);
#8473=CYLINDRICAL_SURFACE('',#11091,0.00925);
#8474=CYLINDRICAL_SURFACE('',#11092,0.00925);
#8475=CYLINDRICAL_SURFACE('',#11093,0.00925);
#8476=CYLINDRICAL_SURFACE('',#11094,0.00925);
#8477=CYLINDRICAL_SURFACE('',#11095,0.00925);
#8478=CYLINDRICAL_SURFACE('',#11096,0.00925);
#8479=CYLINDRICAL_SURFACE('',#11097,0.00925);
#8480=CYLINDRICAL_SURFACE('',#11098,0.00925);
#8481=CYLINDRICAL_SURFACE('',#11099,0.00925);
#8482=CYLINDRICAL_SURFACE('',#11100,0.00925);
#8483=CYLINDRICAL_SURFACE('',#11101,0.00925);
#8484=CYLINDRICAL_SURFACE('',#11102,0.00925);
#8485=CYLINDRICAL_SURFACE('',#11103,0.00925);
#8486=CYLINDRICAL_SURFACE('',#11104,0.00925);
#8487=CYLINDRICAL_SURFACE('',#11105,0.00925);
#8488=CYLINDRICAL_SURFACE('',#11106,0.00925);
#8489=CYLINDRICAL_SURFACE('',#11107,0.00925);
#8490=CYLINDRICAL_SURFACE('',#11108,0.00925);
#8491=CYLINDRICAL_SURFACE('',#11109,0.00925);
#8492=CYLINDRICAL_SURFACE('',#11110,0.00925);
#8493=CYLINDRICAL_SURFACE('',#11111,0.00925);
#8494=CYLINDRICAL_SURFACE('',#11112,0.00925);
#8495=CYLINDRICAL_SURFACE('',#11113,0.00925);
#8496=CYLINDRICAL_SURFACE('',#11114,0.00925);
#8497=CYLINDRICAL_SURFACE('',#11115,0.00925);
#8498=CYLINDRICAL_SURFACE('',#11116,0.00925);
#8499=CYLINDRICAL_SURFACE('',#11117,0.00925);
#8500=CYLINDRICAL_SURFACE('',#11118,0.00925);
#8501=CYLINDRICAL_SURFACE('',#11130,0.0025);
#8502=CYLINDRICAL_SURFACE('',#11131,0.0025);
#8503=CYLINDRICAL_SURFACE('',#11132,0.0025);
#8504=CYLINDRICAL_SURFACE('',#11133,0.0025);
#8505=CYLINDRICAL_SURFACE('',#11134,0.0025);
#8506=CYLINDRICAL_SURFACE('',#11135,0.0025);
#8507=CYLINDRICAL_SURFACE('',#11136,0.0025);
#8508=CYLINDRICAL_SURFACE('',#11137,0.0025);
#8509=CYLINDRICAL_SURFACE('',#11138,0.0025);
#8510=CYLINDRICAL_SURFACE('',#11139,0.0025);
#8511=CYLINDRICAL_SURFACE('',#11140,0.01);
#8512=CYLINDRICAL_SURFACE('',#11141,0.003);
#8513=CYLINDRICAL_SURFACE('',#11142,0.003);
#8514=CYLINDRICAL_SURFACE('',#11143,0.003);
#8515=CYLINDRICAL_SURFACE('',#11145,0.0031136330082948);
#8516=CYLINDRICAL_SURFACE('',#11147,0.004414800050743);
#8517=CYLINDRICAL_SURFACE('',#11150,0.00426830901959467);
#8518=CYLINDRICAL_SURFACE('',#11168,0.00311363300831334);
#8519=CYLINDRICAL_SURFACE('',#11170,0.00441480005074284);
#8520=CYLINDRICAL_SURFACE('',#11173,0.00426830901959663);
#8521=CYLINDRICAL_SURFACE('',#11184,0.00189146336371224);
#8522=CYLINDRICAL_SURFACE('',#11198,0.00441679418708872);
#8523=CYLINDRICAL_SURFACE('',#11200,0.00448803435553637);
#8524=CYLINDRICAL_SURFACE('',#11208,0.0167513517700601);
#8525=CYLINDRICAL_SURFACE('',#11216,0.00209604890793126);
#8526=ADVANCED_FACE('',(#7290,#7291),#8311,.T.);
#8527=ADVANCED_FACE('',(#7292),#1429,.T.);
#8528=ADVANCED_FACE('',(#7293),#1430,.F.);
#8529=ADVANCED_FACE('',(#7294,#7295),#8312,.T.);
#8530=ADVANCED_FACE('',(#7296),#1431,.T.);
#8531=ADVANCED_FACE('',(#7297),#1432,.F.);
#8532=ADVANCED_FACE('',(#7298,#7299),#8313,.T.);
#8533=ADVANCED_FACE('',(#7300),#1433,.T.);
#8534=ADVANCED_FACE('',(#7301),#1434,.F.);
#8535=ADVANCED_FACE('',(#7302,#7303),#8314,.T.);
#8536=ADVANCED_FACE('',(#7304),#1435,.T.);
#8537=ADVANCED_FACE('',(#7305),#1436,.F.);
#8538=ADVANCED_FACE('',(#7306,#7307),#8315,.T.);
#8539=ADVANCED_FACE('',(#7308),#1437,.T.);
#8540=ADVANCED_FACE('',(#7309),#1438,.F.);
#8541=ADVANCED_FACE('',(#7310,#7311),#8316,.T.);
#8542=ADVANCED_FACE('',(#7312),#1439,.T.);
#8543=ADVANCED_FACE('',(#7313),#1440,.F.);
#8544=ADVANCED_FACE('',(#7314,#7315),#8317,.T.);
#8545=ADVANCED_FACE('',(#7316),#1441,.T.);
#8546=ADVANCED_FACE('',(#7317),#1442,.F.);
#8547=ADVANCED_FACE('',(#7318,#7319),#8318,.T.);
#8548=ADVANCED_FACE('',(#7320),#1443,.T.);
#8549=ADVANCED_FACE('',(#7321),#1444,.F.);
#8550=ADVANCED_FACE('',(#7322,#7323),#8319,.T.);
#8551=ADVANCED_FACE('',(#7324),#1445,.T.);
#8552=ADVANCED_FACE('',(#7325),#1446,.F.);
#8553=ADVANCED_FACE('',(#7326,#7327),#8320,.T.);
#8554=ADVANCED_FACE('',(#7328),#1447,.T.);
#8555=ADVANCED_FACE('',(#7329),#1448,.F.);
#8556=ADVANCED_FACE('',(#7330,#7331),#8321,.T.);
#8557=ADVANCED_FACE('',(#7332),#1449,.T.);
#8558=ADVANCED_FACE('',(#7333),#1450,.F.);
#8559=ADVANCED_FACE('',(#7334,#7335),#8322,.T.);
#8560=ADVANCED_FACE('',(#7336),#1451,.T.);
#8561=ADVANCED_FACE('',(#7337),#1452,.F.);
#8562=ADVANCED_FACE('',(#7338,#7339),#8323,.T.);
#8563=ADVANCED_FACE('',(#7340),#1453,.T.);
#8564=ADVANCED_FACE('',(#7341),#1454,.F.);
#8565=ADVANCED_FACE('',(#7342,#7343),#8324,.T.);
#8566=ADVANCED_FACE('',(#7344),#1455,.T.);
#8567=ADVANCED_FACE('',(#7345),#1456,.F.);
#8568=ADVANCED_FACE('',(#7346,#7347),#8325,.T.);
#8569=ADVANCED_FACE('',(#7348),#1457,.T.);
#8570=ADVANCED_FACE('',(#7349),#1458,.F.);
#8571=ADVANCED_FACE('',(#7350,#7351),#8326,.T.);
#8572=ADVANCED_FACE('',(#7352),#1459,.T.);
#8573=ADVANCED_FACE('',(#7353),#1460,.F.);
#8574=ADVANCED_FACE('',(#7354,#7355),#8327,.T.);
#8575=ADVANCED_FACE('',(#7356),#1461,.T.);
#8576=ADVANCED_FACE('',(#7357),#1462,.F.);
#8577=ADVANCED_FACE('',(#7358,#7359),#8328,.T.);
#8578=ADVANCED_FACE('',(#7360),#1463,.T.);
#8579=ADVANCED_FACE('',(#7361),#1464,.F.);
#8580=ADVANCED_FACE('',(#7362,#7363),#8329,.T.);
#8581=ADVANCED_FACE('',(#7364),#1465,.T.);
#8582=ADVANCED_FACE('',(#7365),#1466,.F.);
#8583=ADVANCED_FACE('',(#7366,#7367),#8330,.T.);
#8584=ADVANCED_FACE('',(#7368),#1467,.T.);
#8585=ADVANCED_FACE('',(#7369),#1468,.F.);
#8586=ADVANCED_FACE('',(#7370,#7371),#8331,.T.);
#8587=ADVANCED_FACE('',(#7372),#1469,.T.);
#8588=ADVANCED_FACE('',(#7373),#1470,.F.);
#8589=ADVANCED_FACE('',(#7374,#7375),#8332,.T.);
#8590=ADVANCED_FACE('',(#7376),#1471,.T.);
#8591=ADVANCED_FACE('',(#7377),#1472,.F.);
#8592=ADVANCED_FACE('',(#7378,#7379),#8333,.T.);
#8593=ADVANCED_FACE('',(#7380),#1473,.T.);
#8594=ADVANCED_FACE('',(#7381),#1474,.F.);
#8595=ADVANCED_FACE('',(#7382,#7383),#8334,.T.);
#8596=ADVANCED_FACE('',(#7384),#1475,.T.);
#8597=ADVANCED_FACE('',(#7385),#1476,.F.);
#8598=ADVANCED_FACE('',(#7386,#7387),#8335,.T.);
#8599=ADVANCED_FACE('',(#7388),#1477,.T.);
#8600=ADVANCED_FACE('',(#7389),#1478,.F.);
#8601=ADVANCED_FACE('',(#7390,#7391),#8336,.T.);
#8602=ADVANCED_FACE('',(#7392),#1479,.T.);
#8603=ADVANCED_FACE('',(#7393),#1480,.F.);
#8604=ADVANCED_FACE('',(#7394,#7395),#8337,.T.);
#8605=ADVANCED_FACE('',(#7396),#1481,.T.);
#8606=ADVANCED_FACE('',(#7397),#1482,.F.);
#8607=ADVANCED_FACE('',(#7398,#7399),#8338,.T.);
#8608=ADVANCED_FACE('',(#7400),#1483,.T.);
#8609=ADVANCED_FACE('',(#7401),#1484,.F.);
#8610=ADVANCED_FACE('',(#7402,#7403),#8339,.T.);
#8611=ADVANCED_FACE('',(#7404),#1485,.T.);
#8612=ADVANCED_FACE('',(#7405),#1486,.F.);
#8613=ADVANCED_FACE('',(#7406,#7407),#8340,.T.);
#8614=ADVANCED_FACE('',(#7408),#1487,.T.);
#8615=ADVANCED_FACE('',(#7409),#1488,.F.);
#8616=ADVANCED_FACE('',(#7410,#7411),#8341,.T.);
#8617=ADVANCED_FACE('',(#7412),#1489,.T.);
#8618=ADVANCED_FACE('',(#7413),#1490,.F.);
#8619=ADVANCED_FACE('',(#7414,#7415),#8342,.T.);
#8620=ADVANCED_FACE('',(#7416),#1491,.T.);
#8621=ADVANCED_FACE('',(#7417),#1492,.F.);
#8622=ADVANCED_FACE('',(#7418,#7419),#8343,.T.);
#8623=ADVANCED_FACE('',(#7420),#1493,.T.);
#8624=ADVANCED_FACE('',(#7421),#1494,.F.);
#8625=ADVANCED_FACE('',(#7422,#7423),#8344,.T.);
#8626=ADVANCED_FACE('',(#7424),#1495,.T.);
#8627=ADVANCED_FACE('',(#7425),#1496,.F.);
#8628=ADVANCED_FACE('',(#7426,#7427),#8345,.T.);
#8629=ADVANCED_FACE('',(#7428),#1497,.T.);
#8630=ADVANCED_FACE('',(#7429),#1498,.F.);
#8631=ADVANCED_FACE('',(#7430,#7431),#8346,.T.);
#8632=ADVANCED_FACE('',(#7432),#1499,.T.);
#8633=ADVANCED_FACE('',(#7433),#1500,.F.);
#8634=ADVANCED_FACE('',(#7434,#7435),#8347,.T.);
#8635=ADVANCED_FACE('',(#7436),#1501,.T.);
#8636=ADVANCED_FACE('',(#7437),#1502,.F.);
#8637=ADVANCED_FACE('',(#7438,#7439),#8348,.T.);
#8638=ADVANCED_FACE('',(#7440),#1503,.T.);
#8639=ADVANCED_FACE('',(#7441),#1504,.F.);
#8640=ADVANCED_FACE('',(#7442,#7443),#8349,.T.);
#8641=ADVANCED_FACE('',(#7444),#1505,.T.);
#8642=ADVANCED_FACE('',(#7445),#1506,.F.);
#8643=ADVANCED_FACE('',(#7446,#7447),#8350,.T.);
#8644=ADVANCED_FACE('',(#7448),#1507,.T.);
#8645=ADVANCED_FACE('',(#7449),#1508,.F.);
#8646=ADVANCED_FACE('',(#7450,#7451),#8351,.T.);
#8647=ADVANCED_FACE('',(#7452),#1509,.T.);
#8648=ADVANCED_FACE('',(#7453),#1510,.F.);
#8649=ADVANCED_FACE('',(#7454,#7455),#8352,.T.);
#8650=ADVANCED_FACE('',(#7456),#1511,.T.);
#8651=ADVANCED_FACE('',(#7457),#1512,.F.);
#8652=ADVANCED_FACE('',(#7458,#7459),#8353,.T.);
#8653=ADVANCED_FACE('',(#7460),#1513,.T.);
#8654=ADVANCED_FACE('',(#7461),#1514,.F.);
#8655=ADVANCED_FACE('',(#7462,#7463),#8354,.T.);
#8656=ADVANCED_FACE('',(#7464),#1515,.T.);
#8657=ADVANCED_FACE('',(#7465),#1516,.F.);
#8658=ADVANCED_FACE('',(#7466,#7467),#8355,.T.);
#8659=ADVANCED_FACE('',(#7468),#1517,.T.);
#8660=ADVANCED_FACE('',(#7469),#1518,.F.);
#8661=ADVANCED_FACE('',(#7470,#7471),#8356,.T.);
#8662=ADVANCED_FACE('',(#7472),#1519,.T.);
#8663=ADVANCED_FACE('',(#7473),#1520,.F.);
#8664=ADVANCED_FACE('',(#7474,#7475),#8357,.T.);
#8665=ADVANCED_FACE('',(#7476),#1521,.T.);
#8666=ADVANCED_FACE('',(#7477),#1522,.F.);
#8667=ADVANCED_FACE('',(#7478,#7479),#8358,.T.);
#8668=ADVANCED_FACE('',(#7480),#1523,.T.);
#8669=ADVANCED_FACE('',(#7481),#1524,.F.);
#8670=ADVANCED_FACE('',(#7482,#7483),#8359,.T.);
#8671=ADVANCED_FACE('',(#7484),#1525,.T.);
#8672=ADVANCED_FACE('',(#7485),#1526,.F.);
#8673=ADVANCED_FACE('',(#7486,#7487),#8360,.T.);
#8674=ADVANCED_FACE('',(#7488),#1527,.T.);
#8675=ADVANCED_FACE('',(#7489),#1528,.F.);
#8676=ADVANCED_FACE('',(#7490,#7491),#8361,.T.);
#8677=ADVANCED_FACE('',(#7492),#1529,.T.);
#8678=ADVANCED_FACE('',(#7493),#1530,.F.);
#8679=ADVANCED_FACE('',(#7494,#7495),#8362,.T.);
#8680=ADVANCED_FACE('',(#7496),#1531,.T.);
#8681=ADVANCED_FACE('',(#7497),#1532,.F.);
#8682=ADVANCED_FACE('',(#7498,#7499),#8363,.T.);
#8683=ADVANCED_FACE('',(#7500),#1533,.T.);
#8684=ADVANCED_FACE('',(#7501),#1534,.F.);
#8685=ADVANCED_FACE('',(#7502,#7503),#8364,.T.);
#8686=ADVANCED_FACE('',(#7504),#1535,.T.);
#8687=ADVANCED_FACE('',(#7505),#1536,.F.);
#8688=ADVANCED_FACE('',(#7506,#7507),#8365,.T.);
#8689=ADVANCED_FACE('',(#7508),#1537,.T.);
#8690=ADVANCED_FACE('',(#7509),#1538,.F.);
#8691=ADVANCED_FACE('',(#7510,#7511),#8366,.T.);
#8692=ADVANCED_FACE('',(#7512),#1539,.T.);
#8693=ADVANCED_FACE('',(#7513),#1540,.F.);
#8694=ADVANCED_FACE('',(#7514,#7515),#8367,.T.);
#8695=ADVANCED_FACE('',(#7516),#1541,.T.);
#8696=ADVANCED_FACE('',(#7517),#1542,.F.);
#8697=ADVANCED_FACE('',(#7518,#7519),#8368,.T.);
#8698=ADVANCED_FACE('',(#7520),#1543,.T.);
#8699=ADVANCED_FACE('',(#7521),#1544,.F.);
#8700=ADVANCED_FACE('',(#7522,#7523),#8369,.T.);
#8701=ADVANCED_FACE('',(#7524),#1545,.T.);
#8702=ADVANCED_FACE('',(#7525),#1546,.F.);
#8703=ADVANCED_FACE('',(#7526,#7527),#8370,.T.);
#8704=ADVANCED_FACE('',(#7528),#1547,.T.);
#8705=ADVANCED_FACE('',(#7529),#1548,.F.);
#8706=ADVANCED_FACE('',(#7530,#7531),#8371,.T.);
#8707=ADVANCED_FACE('',(#7532),#1549,.T.);
#8708=ADVANCED_FACE('',(#7533),#1550,.F.);
#8709=ADVANCED_FACE('',(#7534,#7535),#8372,.T.);
#8710=ADVANCED_FACE('',(#7536),#1551,.T.);
#8711=ADVANCED_FACE('',(#7537),#1552,.F.);
#8712=ADVANCED_FACE('',(#7538,#7539),#8373,.T.);
#8713=ADVANCED_FACE('',(#7540),#1553,.T.);
#8714=ADVANCED_FACE('',(#7541),#1554,.F.);
#8715=ADVANCED_FACE('',(#7542,#7543),#8374,.T.);
#8716=ADVANCED_FACE('',(#7544),#1555,.T.);
#8717=ADVANCED_FACE('',(#7545),#1556,.F.);
#8718=ADVANCED_FACE('',(#7546,#7547),#8375,.T.);
#8719=ADVANCED_FACE('',(#7548),#1557,.T.);
#8720=ADVANCED_FACE('',(#7549),#1558,.F.);
#8721=ADVANCED_FACE('',(#7550,#7551),#8376,.T.);
#8722=ADVANCED_FACE('',(#7552),#1559,.T.);
#8723=ADVANCED_FACE('',(#7553),#1560,.F.);
#8724=ADVANCED_FACE('',(#7554,#7555),#8377,.T.);
#8725=ADVANCED_FACE('',(#7556),#1561,.T.);
#8726=ADVANCED_FACE('',(#7557),#1562,.F.);
#8727=ADVANCED_FACE('',(#7558,#7559),#8378,.T.);
#8728=ADVANCED_FACE('',(#7560),#1563,.T.);
#8729=ADVANCED_FACE('',(#7561),#1564,.F.);
#8730=ADVANCED_FACE('',(#7562,#7563),#8379,.T.);
#8731=ADVANCED_FACE('',(#7564),#1565,.T.);
#8732=ADVANCED_FACE('',(#7565),#1566,.F.);
#8733=ADVANCED_FACE('',(#7566,#7567),#8380,.T.);
#8734=ADVANCED_FACE('',(#7568),#1567,.T.);
#8735=ADVANCED_FACE('',(#7569),#1568,.F.);
#8736=ADVANCED_FACE('',(#7570,#7571),#8381,.T.);
#8737=ADVANCED_FACE('',(#7572),#1569,.T.);
#8738=ADVANCED_FACE('',(#7573),#1570,.F.);
#8739=ADVANCED_FACE('',(#7574,#7575),#8382,.T.);
#8740=ADVANCED_FACE('',(#7576),#1571,.T.);
#8741=ADVANCED_FACE('',(#7577),#1572,.F.);
#8742=ADVANCED_FACE('',(#7578,#7579),#8383,.T.);
#8743=ADVANCED_FACE('',(#7580),#1573,.T.);
#8744=ADVANCED_FACE('',(#7581),#1574,.F.);
#8745=ADVANCED_FACE('',(#7582,#7583),#8384,.T.);
#8746=ADVANCED_FACE('',(#7584),#1575,.T.);
#8747=ADVANCED_FACE('',(#7585),#1576,.F.);
#8748=ADVANCED_FACE('',(#7586,#7587),#8385,.T.);
#8749=ADVANCED_FACE('',(#7588),#1577,.T.);
#8750=ADVANCED_FACE('',(#7589),#1578,.F.);
#8751=ADVANCED_FACE('',(#7590,#7591),#8386,.T.);
#8752=ADVANCED_FACE('',(#7592),#1579,.T.);
#8753=ADVANCED_FACE('',(#7593),#1580,.F.);
#8754=ADVANCED_FACE('',(#7594,#7595),#8387,.T.);
#8755=ADVANCED_FACE('',(#7596),#1581,.T.);
#8756=ADVANCED_FACE('',(#7597),#1582,.F.);
#8757=ADVANCED_FACE('',(#7598,#7599),#8388,.T.);
#8758=ADVANCED_FACE('',(#7600),#1583,.T.);
#8759=ADVANCED_FACE('',(#7601),#1584,.F.);
#8760=ADVANCED_FACE('',(#7602,#7603),#8389,.T.);
#8761=ADVANCED_FACE('',(#7604),#1585,.T.);
#8762=ADVANCED_FACE('',(#7605),#1586,.F.);
#8763=ADVANCED_FACE('',(#7606,#7607),#8390,.T.);
#8764=ADVANCED_FACE('',(#7608),#1587,.T.);
#8765=ADVANCED_FACE('',(#7609),#1588,.F.);
#8766=ADVANCED_FACE('',(#7610,#7611),#8391,.T.);
#8767=ADVANCED_FACE('',(#7612),#1589,.T.);
#8768=ADVANCED_FACE('',(#7613),#1590,.F.);
#8769=ADVANCED_FACE('',(#7614,#7615),#8392,.T.);
#8770=ADVANCED_FACE('',(#7616),#1591,.T.);
#8771=ADVANCED_FACE('',(#7617),#1592,.F.);
#8772=ADVANCED_FACE('',(#7618,#7619),#8393,.T.);
#8773=ADVANCED_FACE('',(#7620),#1593,.T.);
#8774=ADVANCED_FACE('',(#7621),#1594,.F.);
#8775=ADVANCED_FACE('',(#7622,#7623),#8394,.T.);
#8776=ADVANCED_FACE('',(#7624),#1595,.T.);
#8777=ADVANCED_FACE('',(#7625),#1596,.F.);
#8778=ADVANCED_FACE('',(#7626,#7627),#8395,.T.);
#8779=ADVANCED_FACE('',(#7628),#1597,.T.);
#8780=ADVANCED_FACE('',(#7629),#1598,.F.);
#8781=ADVANCED_FACE('',(#7630,#7631),#8396,.T.);
#8782=ADVANCED_FACE('',(#7632),#1599,.T.);
#8783=ADVANCED_FACE('',(#7633),#1600,.F.);
#8784=ADVANCED_FACE('',(#7634,#7635),#8397,.T.);
#8785=ADVANCED_FACE('',(#7636),#1601,.T.);
#8786=ADVANCED_FACE('',(#7637),#1602,.F.);
#8787=ADVANCED_FACE('',(#7638,#7639),#8398,.T.);
#8788=ADVANCED_FACE('',(#7640),#1603,.T.);
#8789=ADVANCED_FACE('',(#7641),#1604,.F.);
#8790=ADVANCED_FACE('',(#7642,#7643),#8399,.T.);
#8791=ADVANCED_FACE('',(#7644),#1605,.T.);
#8792=ADVANCED_FACE('',(#7645),#1606,.F.);
#8793=ADVANCED_FACE('',(#7646,#7647),#8400,.T.);
#8794=ADVANCED_FACE('',(#7648),#1607,.T.);
#8795=ADVANCED_FACE('',(#7649),#1608,.F.);
#8796=ADVANCED_FACE('',(#7650),#1609,.T.);
#8797=ADVANCED_FACE('',(#7651),#1610,.T.);
#8798=ADVANCED_FACE('',(#7652),#1611,.T.);
#8799=ADVANCED_FACE('',(#7653),#1612,.T.);
#8800=ADVANCED_FACE('',(#7654),#1613,.T.);
#8801=ADVANCED_FACE('',(#7655),#1614,.F.);
#8802=ADVANCED_FACE('',(#7656),#1615,.T.);
#8803=ADVANCED_FACE('',(#7657),#1616,.F.);
#8804=ADVANCED_FACE('',(#7658),#1617,.T.);
#8805=ADVANCED_FACE('',(#7659),#1618,.T.);
#8806=ADVANCED_FACE('',(#7660),#1619,.F.);
#8807=ADVANCED_FACE('',(#7661),#1620,.T.);
#8808=ADVANCED_FACE('',(#7662),#1621,.T.);
#8809=ADVANCED_FACE('',(#7663),#1622,.T.);
#8810=ADVANCED_FACE('',(#7664),#1623,.F.);
#8811=ADVANCED_FACE('',(#7665),#1624,.T.);
#8812=ADVANCED_FACE('',(#7666),#1625,.T.);
#8813=ADVANCED_FACE('',(#7667),#1626,.F.);
#8814=ADVANCED_FACE('',(#7668),#1627,.T.);
#8815=ADVANCED_FACE('',(#7669),#1628,.F.);
#8816=ADVANCED_FACE('',(#7670),#1629,.F.);
#8817=ADVANCED_FACE('',(#7671),#1630,.F.);
#8818=ADVANCED_FACE('',(#7672),#1631,.T.);
#8819=ADVANCED_FACE('',(#7673),#1632,.T.);
#8820=ADVANCED_FACE('',(#7674),#1633,.T.);
#8821=ADVANCED_FACE('',(#7675),#1634,.T.);
#8822=ADVANCED_FACE('',(#7676),#1635,.T.);
#8823=ADVANCED_FACE('',(#7677),#1636,.T.);
#8824=ADVANCED_FACE('',(#7678),#1637,.T.);
#8825=ADVANCED_FACE('',(#7679),#1638,.T.);
#8826=ADVANCED_FACE('',(#7680),#1639,.T.);
#8827=ADVANCED_FACE('',(#7681),#1640,.T.);
#8828=ADVANCED_FACE('',(#7682),#1641,.T.);
#8829=ADVANCED_FACE('',(#7683),#1642,.T.);
#8830=ADVANCED_FACE('',(#7684),#1643,.T.);
#8831=ADVANCED_FACE('',(#7685),#1644,.T.);
#8832=ADVANCED_FACE('',(#7686),#1645,.T.);
#8833=ADVANCED_FACE('',(#7687),#1646,.T.);
#8834=ADVANCED_FACE('',(#7688),#1647,.T.);
#8835=ADVANCED_FACE('',(#7689),#1648,.T.);
#8836=ADVANCED_FACE('',(#7690),#1649,.T.);
#8837=ADVANCED_FACE('',(#7691),#1650,.T.);
#8838=ADVANCED_FACE('',(#7692),#1651,.T.);
#8839=ADVANCED_FACE('',(#7693),#1652,.T.);
#8840=ADVANCED_FACE('',(#7694),#1653,.T.);
#8841=ADVANCED_FACE('',(#7695),#1654,.T.);
#8842=ADVANCED_FACE('',(#7696),#1655,.T.);
#8843=ADVANCED_FACE('',(#7697),#1656,.T.);
#8844=ADVANCED_FACE('',(#7698),#1657,.T.);
#8845=ADVANCED_FACE('',(#7699),#1658,.T.);
#8846=ADVANCED_FACE('',(#7700),#1659,.T.);
#8847=ADVANCED_FACE('',(#7701),#1660,.T.);
#8848=ADVANCED_FACE('',(#7702),#1661,.T.);
#8849=ADVANCED_FACE('',(#7703),#1662,.T.);
#8850=ADVANCED_FACE('',(#7704),#1663,.T.);
#8851=ADVANCED_FACE('',(#7705),#1664,.T.);
#8852=ADVANCED_FACE('',(#7706),#1665,.T.);
#8853=ADVANCED_FACE('',(#7707),#1666,.T.);
#8854=ADVANCED_FACE('',(#7708),#1667,.F.);
#8855=ADVANCED_FACE('',(#7709),#1668,.F.);
#8856=ADVANCED_FACE('',(#7710),#1669,.F.);
#8857=ADVANCED_FACE('',(#7711),#1670,.T.);
#8858=ADVANCED_FACE('',(#7712),#1671,.T.);
#8859=ADVANCED_FACE('',(#7713),#1672,.T.);
#8860=ADVANCED_FACE('',(#7714),#1673,.T.);
#8861=ADVANCED_FACE('',(#7715),#1674,.F.);
#8862=ADVANCED_FACE('',(#7716),#1675,.F.);
#8863=ADVANCED_FACE('',(#7717),#1676,.T.);
#8864=ADVANCED_FACE('',(#7718),#1677,.T.);
#8865=ADVANCED_FACE('',(#7719),#1678,.T.);
#8866=ADVANCED_FACE('',(#7720),#1679,.F.);
#8867=ADVANCED_FACE('',(#7721,#7722,#7723,#7724,#7725,#7726,#7727),#1680,
 .T.);
#8868=ADVANCED_FACE('',(#7728,#7729,#7730,#7731,#7732,#7733,#7734),#1681,
 .F.);
#8869=ADVANCED_FACE('',(#7735,#7736,#7737,#7738,#7739,#7740,#7741,#7742,
#7743),#1682,.T.);
#8870=ADVANCED_FACE('',(#7744,#7745,#7746,#7747,#7748,#7749,#7750,#7751,
#7752,#7753,#7754,#7755,#7756,#7757,#7758,#7759,#7760,#7761,#7762,#7763,
#7764,#7765,#7766,#7767,#7768,#7769,#7770,#7771,#7772,#7773,#7774,#7775,
#7776,#7777,#7778,#7779,#7780,#7781,#7782,#7783,#7784,#7785,#7786,#7787,
#7788,#7789,#7790,#7791,#7792,#7793,#7794,#7795,#7796,#7797,#7798,#7799,
#7800,#7801,#7802,#7803,#7804,#7805,#7806,#7807,#7808,#7809,#7810,#7811,
#7812,#7813,#7814,#7815,#7816,#7817,#7818,#7819,#7820,#7821,#7822,#7823,
#7824,#7825,#7826,#7827,#7828,#7829,#7830,#7831,#7832,#7833,#7834,#7835,
#7836,#7837,#7838,#7839,#7840,#7841,#7842,#7843,#7844),#1683,.F.);
#8871=ADVANCED_FACE('',(#7845),#8401,.F.);
#8872=ADVANCED_FACE('',(#7846),#8402,.F.);
#8873=ADVANCED_FACE('',(#7847,#7848,#7849,#7850,#7851,#7852,#7853,#7854,
#7855,#7856,#7857,#7858,#7859,#7860,#7861,#7862,#7863,#7864,#7865,#7866,
#7867,#7868,#7869,#7870,#7871,#7872,#7873,#7874,#7875,#7876,#7877,#7878,
#7879,#7880,#7881,#7882,#7883,#7884,#7885,#7886,#7887,#7888,#7889,#7890,
#7891,#7892,#7893,#7894,#7895,#7896,#7897,#7898,#7899,#7900,#7901,#7902,
#7903,#7904,#7905,#7906,#7907,#7908,#7909,#7910,#7911,#7912,#7913,#7914,
#7915,#7916,#7917,#7918,#7919,#7920,#7921,#7922,#7923,#7924,#7925,#7926,
#7927,#7928,#7929,#7930,#7931,#7932,#7933,#7934,#7935,#7936,#7937,#7938,
#7939,#7940,#7941,#7942,#7943,#7944,#7945,#7946,#7947),#1684,.T.);
#8874=ADVANCED_FACE('',(#7948),#8403,.F.);
#8875=ADVANCED_FACE('',(#7949),#8404,.F.);
#8876=ADVANCED_FACE('',(#7950),#8405,.F.);
#8877=ADVANCED_FACE('',(#7951),#8406,.F.);
#8878=ADVANCED_FACE('',(#7952),#8407,.F.);
#8879=ADVANCED_FACE('',(#7953,#7954),#1685,.F.);
#8880=ADVANCED_FACE('',(#7955),#1686,.F.);
#8881=ADVANCED_FACE('',(#7956),#1687,.T.);
#8882=ADVANCED_FACE('',(#7957),#8408,.F.);
#8883=ADVANCED_FACE('',(#7958),#8409,.F.);
#8884=ADVANCED_FACE('',(#7959),#8410,.F.);
#8885=ADVANCED_FACE('',(#7960),#8411,.F.);
#8886=ADVANCED_FACE('',(#7961),#8412,.F.);
#8887=ADVANCED_FACE('',(#7962,#7963),#8413,.F.);
#8888=ADVANCED_FACE('',(#7964,#7965),#8414,.F.);
#8889=ADVANCED_FACE('',(#7966,#7967),#8415,.F.);
#8890=ADVANCED_FACE('',(#7968,#7969),#8416,.F.);
#8891=ADVANCED_FACE('',(#7970,#7971),#8417,.F.);
#8892=ADVANCED_FACE('',(#7972,#7973),#8418,.F.);
#8893=ADVANCED_FACE('',(#7974,#7975),#8419,.F.);
#8894=ADVANCED_FACE('',(#7976,#7977),#8420,.F.);
#8895=ADVANCED_FACE('',(#7978,#7979),#8421,.F.);
#8896=ADVANCED_FACE('',(#7980,#7981),#8422,.F.);
#8897=ADVANCED_FACE('',(#7982,#7983),#8423,.F.);
#8898=ADVANCED_FACE('',(#7984,#7985),#8424,.F.);
#8899=ADVANCED_FACE('',(#7986,#7987),#8425,.F.);
#8900=ADVANCED_FACE('',(#7988,#7989),#8426,.F.);
#8901=ADVANCED_FACE('',(#7990,#7991),#8427,.F.);
#8902=ADVANCED_FACE('',(#7992,#7993),#8428,.F.);
#8903=ADVANCED_FACE('',(#7994,#7995),#8429,.F.);
#8904=ADVANCED_FACE('',(#7996,#7997),#8430,.F.);
#8905=ADVANCED_FACE('',(#7998,#7999),#8431,.F.);
#8906=ADVANCED_FACE('',(#8000,#8001),#8432,.F.);
#8907=ADVANCED_FACE('',(#8002,#8003),#8433,.F.);
#8908=ADVANCED_FACE('',(#8004,#8005),#8434,.F.);
#8909=ADVANCED_FACE('',(#8006,#8007),#8435,.F.);
#8910=ADVANCED_FACE('',(#8008,#8009),#8436,.F.);
#8911=ADVANCED_FACE('',(#8010,#8011),#8437,.F.);
#8912=ADVANCED_FACE('',(#8012,#8013),#8438,.F.);
#8913=ADVANCED_FACE('',(#8014,#8015),#8439,.F.);
#8914=ADVANCED_FACE('',(#8016,#8017),#8440,.F.);
#8915=ADVANCED_FACE('',(#8018,#8019),#8441,.F.);
#8916=ADVANCED_FACE('',(#8020,#8021),#8442,.F.);
#8917=ADVANCED_FACE('',(#8022,#8023),#8443,.F.);
#8918=ADVANCED_FACE('',(#8024,#8025),#8444,.F.);
#8919=ADVANCED_FACE('',(#8026,#8027),#8445,.F.);
#8920=ADVANCED_FACE('',(#8028,#8029),#8446,.F.);
#8921=ADVANCED_FACE('',(#8030,#8031),#8447,.F.);
#8922=ADVANCED_FACE('',(#8032,#8033),#8448,.F.);
#8923=ADVANCED_FACE('',(#8034,#8035),#8449,.F.);
#8924=ADVANCED_FACE('',(#8036,#8037),#8450,.F.);
#8925=ADVANCED_FACE('',(#8038,#8039),#8451,.F.);
#8926=ADVANCED_FACE('',(#8040,#8041),#8452,.F.);
#8927=ADVANCED_FACE('',(#8042,#8043),#8453,.F.);
#8928=ADVANCED_FACE('',(#8044,#8045),#8454,.F.);
#8929=ADVANCED_FACE('',(#8046,#8047),#8455,.F.);
#8930=ADVANCED_FACE('',(#8048,#8049),#8456,.F.);
#8931=ADVANCED_FACE('',(#8050,#8051),#8457,.F.);
#8932=ADVANCED_FACE('',(#8052,#8053),#8458,.F.);
#8933=ADVANCED_FACE('',(#8054,#8055),#8459,.F.);
#8934=ADVANCED_FACE('',(#8056,#8057),#8460,.F.);
#8935=ADVANCED_FACE('',(#8058,#8059),#8461,.F.);
#8936=ADVANCED_FACE('',(#8060,#8061),#8462,.F.);
#8937=ADVANCED_FACE('',(#8062,#8063),#8463,.F.);
#8938=ADVANCED_FACE('',(#8064,#8065),#8464,.F.);
#8939=ADVANCED_FACE('',(#8066,#8067),#8465,.F.);
#8940=ADVANCED_FACE('',(#8068,#8069),#8466,.F.);
#8941=ADVANCED_FACE('',(#8070,#8071),#8467,.F.);
#8942=ADVANCED_FACE('',(#8072,#8073),#8468,.F.);
#8943=ADVANCED_FACE('',(#8074,#8075),#8469,.F.);
#8944=ADVANCED_FACE('',(#8076,#8077),#8470,.F.);
#8945=ADVANCED_FACE('',(#8078,#8079),#8471,.F.);
#8946=ADVANCED_FACE('',(#8080,#8081),#8472,.F.);
#8947=ADVANCED_FACE('',(#8082,#8083),#8473,.F.);
#8948=ADVANCED_FACE('',(#8084,#8085),#8474,.F.);
#8949=ADVANCED_FACE('',(#8086,#8087),#8475,.F.);
#8950=ADVANCED_FACE('',(#8088,#8089),#8476,.F.);
#8951=ADVANCED_FACE('',(#8090,#8091),#8477,.F.);
#8952=ADVANCED_FACE('',(#8092,#8093),#8478,.F.);
#8953=ADVANCED_FACE('',(#8094,#8095),#8479,.F.);
#8954=ADVANCED_FACE('',(#8096,#8097),#8480,.F.);
#8955=ADVANCED_FACE('',(#8098,#8099),#8481,.F.);
#8956=ADVANCED_FACE('',(#8100,#8101),#8482,.F.);
#8957=ADVANCED_FACE('',(#8102,#8103),#8483,.F.);
#8958=ADVANCED_FACE('',(#8104,#8105),#8484,.F.);
#8959=ADVANCED_FACE('',(#8106,#8107),#8485,.F.);
#8960=ADVANCED_FACE('',(#8108,#8109),#8486,.F.);
#8961=ADVANCED_FACE('',(#8110,#8111),#8487,.F.);
#8962=ADVANCED_FACE('',(#8112,#8113),#8488,.F.);
#8963=ADVANCED_FACE('',(#8114,#8115),#8489,.F.);
#8964=ADVANCED_FACE('',(#8116,#8117),#8490,.F.);
#8965=ADVANCED_FACE('',(#8118,#8119),#8491,.F.);
#8966=ADVANCED_FACE('',(#8120,#8121),#8492,.F.);
#8967=ADVANCED_FACE('',(#8122,#8123),#8493,.F.);
#8968=ADVANCED_FACE('',(#8124,#8125),#8494,.F.);
#8969=ADVANCED_FACE('',(#8126,#8127),#8495,.F.);
#8970=ADVANCED_FACE('',(#8128,#8129),#8496,.F.);
#8971=ADVANCED_FACE('',(#8130,#8131),#8497,.F.);
#8972=ADVANCED_FACE('',(#8132,#8133),#8498,.F.);
#8973=ADVANCED_FACE('',(#8134,#8135),#8499,.F.);
#8974=ADVANCED_FACE('',(#8136,#8137),#8500,.F.);
#8975=ADVANCED_FACE('',(#8138,#8139),#1688,.T.);
#8976=ADVANCED_FACE('',(#8140),#1689,.T.);
#8977=ADVANCED_FACE('',(#8141),#1690,.T.);
#8978=ADVANCED_FACE('',(#8142),#1691,.F.);
#8979=ADVANCED_FACE('',(#8143),#1692,.F.);
#8980=ADVANCED_FACE('',(#8144),#1693,.F.);
#8981=ADVANCED_FACE('',(#8145,#8146,#8147),#1694,.T.);
#8982=ADVANCED_FACE('',(#8148),#1695,.F.);
#8983=ADVANCED_FACE('',(#8149),#1696,.T.);
#8984=ADVANCED_FACE('',(#8150),#8501,.F.);
#8985=ADVANCED_FACE('',(#8151),#8502,.F.);
#8986=ADVANCED_FACE('',(#8152),#8503,.F.);
#8987=ADVANCED_FACE('',(#8153),#8504,.F.);
#8988=ADVANCED_FACE('',(#8154),#8505,.F.);
#8989=ADVANCED_FACE('',(#8155),#8506,.F.);
#8990=ADVANCED_FACE('',(#8156),#8507,.F.);
#8991=ADVANCED_FACE('',(#8157),#8508,.F.);
#8992=ADVANCED_FACE('',(#8158),#8509,.F.);
#8993=ADVANCED_FACE('',(#8159),#8510,.F.);
#8994=ADVANCED_FACE('',(#8160,#8161),#8511,.F.);
#8995=ADVANCED_FACE('',(#8162,#8163),#8512,.F.);
#8996=ADVANCED_FACE('',(#8164),#8513,.F.);
#8997=ADVANCED_FACE('',(#8165),#8514,.F.);
#8998=ADVANCED_FACE('',(#8166),#10,.T.);
#8999=ADVANCED_FACE('',(#8167),#11,.T.);
#9000=ADVANCED_FACE('',(#8168),#1697,.T.);
#9001=ADVANCED_FACE('',(#8169),#12,.T.);
#9002=ADVANCED_FACE('',(#8170),#13,.T.);
#9003=ADVANCED_FACE('',(#8171),#14,.T.);
#9004=ADVANCED_FACE('',(#8172),#15,.T.);
#9005=ADVANCED_FACE('',(#8173),#8515,.T.);
#9006=ADVANCED_FACE('',(#8174),#8516,.T.);
#9007=ADVANCED_FACE('',(#8175),#1698,.T.);
#9008=ADVANCED_FACE('',(#8176),#16,.T.);
#9009=ADVANCED_FACE('',(#8177),#8517,.F.);
#9010=ADVANCED_FACE('',(#8178),#17,.T.);
#9011=ADVANCED_FACE('',(#8179),#18,.T.);
#9012=ADVANCED_FACE('',(#8180),#19,.T.);
#9013=ADVANCED_FACE('',(#8181),#1699,.T.);
#9014=ADVANCED_FACE('',(#8182),#20,.T.);
#9015=ADVANCED_FACE('',(#8183),#1700,.T.);
#9016=ADVANCED_FACE('',(#8184),#21,.T.);
#9017=ADVANCED_FACE('',(#8185),#1701,.T.);
#9018=ADVANCED_FACE('',(#8186),#1702,.T.);
#9019=ADVANCED_FACE('',(#8187),#1703,.T.);
#9020=ADVANCED_FACE('',(#8188),#1704,.T.);
#9021=ADVANCED_FACE('',(#8189),#1705,.T.);
#9022=ADVANCED_FACE('',(#8190),#1706,.T.);
#9023=ADVANCED_FACE('',(#8191),#1707,.T.);
#9024=ADVANCED_FACE('',(#8192),#1708,.T.);
#9025=ADVANCED_FACE('',(#8193),#1709,.T.);
#9026=ADVANCED_FACE('',(#8194),#1710,.T.);
#9027=ADVANCED_FACE('',(#8195),#1711,.T.);
#9028=ADVANCED_FACE('',(#8196),#1712,.T.);
#9029=ADVANCED_FACE('',(#8197),#1713,.T.);
#9030=ADVANCED_FACE('',(#8198),#22,.T.);
#9031=ADVANCED_FACE('',(#8199),#23,.T.);
#9032=ADVANCED_FACE('',(#8200),#1714,.T.);
#9033=ADVANCED_FACE('',(#8201),#24,.T.);
#9034=ADVANCED_FACE('',(#8202),#25,.T.);
#9035=ADVANCED_FACE('',(#8203),#26,.T.);
#9036=ADVANCED_FACE('',(#8204),#27,.T.);
#9037=ADVANCED_FACE('',(#8205),#8518,.T.);
#9038=ADVANCED_FACE('',(#8206),#8519,.T.);
#9039=ADVANCED_FACE('',(#8207),#1715,.T.);
#9040=ADVANCED_FACE('',(#8208),#28,.T.);
#9041=ADVANCED_FACE('',(#8209),#8520,.F.);
#9042=ADVANCED_FACE('',(#8210),#29,.T.);
#9043=ADVANCED_FACE('',(#8211),#30,.T.);
#9044=ADVANCED_FACE('',(#8212),#31,.T.);
#9045=ADVANCED_FACE('',(#8213),#1716,.T.);
#9046=ADVANCED_FACE('',(#8214),#1717,.T.);
#9047=ADVANCED_FACE('',(#8215),#1718,.T.);
#9048=ADVANCED_FACE('',(#8216),#1719,.T.);
#9049=ADVANCED_FACE('',(#8217),#1720,.T.);
#9050=ADVANCED_FACE('',(#8218),#1721,.T.);
#9051=ADVANCED_FACE('',(#8219),#1722,.T.);
#9052=ADVANCED_FACE('',(#8220),#1723,.T.);
#9053=ADVANCED_FACE('',(#8221),#1724,.T.);
#9054=ADVANCED_FACE('',(#8222),#32,.T.);
#9055=ADVANCED_FACE('',(#8223),#33,.T.);
#9056=ADVANCED_FACE('',(#8224),#34,.T.);
#9057=ADVANCED_FACE('',(#8225),#8521,.F.);
#9058=ADVANCED_FACE('',(#8226),#1725,.T.);
#9059=ADVANCED_FACE('',(#8227),#1726,.T.);
#9060=ADVANCED_FACE('',(#8228),#1727,.T.);
#9061=ADVANCED_FACE('',(#8229),#1728,.T.);
#9062=ADVANCED_FACE('',(#8230),#1729,.T.);
#9063=ADVANCED_FACE('',(#8231),#1730,.T.);
#9064=ADVANCED_FACE('',(#8232),#35,.T.);
#9065=ADVANCED_FACE('',(#8233),#36,.T.);
#9066=ADVANCED_FACE('',(#8234),#37,.T.);
#9067=ADVANCED_FACE('',(#8235),#38,.T.);
#9068=ADVANCED_FACE('',(#8236),#1731,.T.);
#9069=ADVANCED_FACE('',(#8237),#39,.T.);
#9070=ADVANCED_FACE('',(#8238),#40,.T.);
#9071=ADVANCED_FACE('',(#8239),#41,.T.);
#9072=ADVANCED_FACE('',(#8240),#42,.T.);
#9073=ADVANCED_FACE('',(#8241),#43,.T.);
#9074=ADVANCED_FACE('',(#8242),#1732,.T.);
#9075=ADVANCED_FACE('',(#8243),#1733,.T.);
#9076=ADVANCED_FACE('',(#8244),#1734,.T.);
#9077=ADVANCED_FACE('',(#8245),#1735,.T.);
#9078=ADVANCED_FACE('',(#8246),#1736,.T.);
#9079=ADVANCED_FACE('',(#8247),#44,.T.);
#9080=ADVANCED_FACE('',(#8248),#45,.T.);
#9081=ADVANCED_FACE('',(#8249),#8522,.F.);
#9082=ADVANCED_FACE('',(#8250),#8523,.F.);
#9083=ADVANCED_FACE('',(#8251),#1737,.T.);
#9084=ADVANCED_FACE('',(#8252),#46,.T.);
#9085=ADVANCED_FACE('',(#8253),#47,.T.);
#9086=ADVANCED_FACE('',(#8254),#48,.T.);
#9087=ADVANCED_FACE('',(#8255),#1738,.T.);
#9088=ADVANCED_FACE('',(#8256),#1739,.T.);
#9089=ADVANCED_FACE('',(#8257),#49,.T.);
#9090=ADVANCED_FACE('',(#8258),#50,.T.);
#9091=ADVANCED_FACE('',(#8259),#51,.T.);
#9092=ADVANCED_FACE('',(#8260),#52,.T.);
#9093=ADVANCED_FACE('',(#8261),#53,.T.);
#9094=ADVANCED_FACE('',(#8262),#1740,.T.);
#9095=ADVANCED_FACE('',(#8263),#54,.T.);
#9096=ADVANCED_FACE('',(#8264,#8265),#1741,.T.);
#9097=ADVANCED_FACE('',(#8266),#55,.T.);
#9098=ADVANCED_FACE('',(#8267),#56,.T.);
#9099=ADVANCED_FACE('',(#8268),#57,.T.);
#9100=ADVANCED_FACE('',(#8269),#58,.T.);
#9101=ADVANCED_FACE('',(#8270),#59,.T.);
#9102=ADVANCED_FACE('',(#8271),#60,.T.);
#9103=ADVANCED_FACE('',(#8272),#61,.T.);
#9104=ADVANCED_FACE('',(#8273),#62,.T.);
#9105=ADVANCED_FACE('',(#8274),#63,.T.);
#9106=ADVANCED_FACE('',(#8275),#1742,.T.);
#9107=ADVANCED_FACE('',(#8276),#8524,.F.);
#9108=ADVANCED_FACE('',(#8277),#1743,.T.);
#9109=ADVANCED_FACE('',(#8278),#1744,.T.);
#9110=ADVANCED_FACE('',(#8279),#1745,.T.);
#9111=ADVANCED_FACE('',(#8280),#1746,.T.);
#9112=ADVANCED_FACE('',(#8281),#1747,.T.);
#9113=ADVANCED_FACE('',(#8282),#1748,.T.);
#9114=ADVANCED_FACE('',(#8283),#8525,.F.);
#9115=ADVANCED_FACE('',(#8284),#64,.T.);
#9116=ADVANCED_FACE('',(#8285),#65,.T.);
#9117=ADVANCED_FACE('',(#8286),#66,.T.);
#9118=ADVANCED_FACE('',(#8287),#67,.T.);
#9119=ADVANCED_FACE('',(#8288),#68,.T.);
#9120=ADVANCED_FACE('',(#8289,#8290),#1749,.T.);
#9121=ADVANCED_FACE('',(#8291),#1750,.T.);
#9122=ADVANCED_FACE('',(#8292),#1751,.T.);
#9123=ADVANCED_FACE('',(#8293),#1752,.T.);
#9124=ADVANCED_FACE('',(#8294),#1753,.T.);
#9125=ADVANCED_FACE('',(#8295),#1754,.T.);
#9126=ADVANCED_FACE('',(#8296),#1755,.T.);
#9127=ADVANCED_FACE('',(#8297),#1756,.T.);
#9128=ADVANCED_FACE('',(#8298),#1757,.T.);
#9129=ADVANCED_FACE('',(#8299),#1758,.T.);
#9130=ADVANCED_FACE('',(#8300),#1759,.T.);
#9131=ADVANCED_FACE('',(#8301),#1760,.T.);
#9132=ADVANCED_FACE('',(#8302),#1761,.T.);
#9133=ADVANCED_FACE('',(#8303),#1762,.T.);
#9134=ADVANCED_FACE('',(#8304),#1763,.T.);
#9135=ADVANCED_FACE('',(#8305),#1764,.T.);
#9136=ADVANCED_FACE('',(#8306),#1765,.T.);
#9137=ADVANCED_FACE('',(#8307),#1766,.F.);
#9138=ADVANCED_FACE('',(#8308),#1767,.F.);
#9139=ADVANCED_FACE('',(#8309),#1768,.T.);
#9140=ADVANCED_FACE('',(#8310),#1769,.T.);
#9141=CLOSED_SHELL('',(#8526,#8527,#8528));
#9142=CLOSED_SHELL('',(#8529,#8530,#8531));
#9143=CLOSED_SHELL('',(#8532,#8533,#8534));
#9144=CLOSED_SHELL('',(#8535,#8536,#8537));
#9145=CLOSED_SHELL('',(#8538,#8539,#8540));
#9146=CLOSED_SHELL('',(#8541,#8542,#8543));
#9147=CLOSED_SHELL('',(#8544,#8545,#8546));
#9148=CLOSED_SHELL('',(#8547,#8548,#8549));
#9149=CLOSED_SHELL('',(#8550,#8551,#8552));
#9150=CLOSED_SHELL('',(#8553,#8554,#8555));
#9151=CLOSED_SHELL('',(#8556,#8557,#8558));
#9152=CLOSED_SHELL('',(#8559,#8560,#8561));
#9153=CLOSED_SHELL('',(#8562,#8563,#8564));
#9154=CLOSED_SHELL('',(#8565,#8566,#8567));
#9155=CLOSED_SHELL('',(#8568,#8569,#8570));
#9156=CLOSED_SHELL('',(#8571,#8572,#8573));
#9157=CLOSED_SHELL('',(#8574,#8575,#8576));
#9158=CLOSED_SHELL('',(#8577,#8578,#8579));
#9159=CLOSED_SHELL('',(#8580,#8581,#8582));
#9160=CLOSED_SHELL('',(#8583,#8584,#8585));
#9161=CLOSED_SHELL('',(#8586,#8587,#8588));
#9162=CLOSED_SHELL('',(#8589,#8590,#8591));
#9163=CLOSED_SHELL('',(#8592,#8593,#8594));
#9164=CLOSED_SHELL('',(#8595,#8596,#8597));
#9165=CLOSED_SHELL('',(#8598,#8599,#8600));
#9166=CLOSED_SHELL('',(#8601,#8602,#8603));
#9167=CLOSED_SHELL('',(#8604,#8605,#8606));
#9168=CLOSED_SHELL('',(#8607,#8608,#8609));
#9169=CLOSED_SHELL('',(#8610,#8611,#8612));
#9170=CLOSED_SHELL('',(#8613,#8614,#8615));
#9171=CLOSED_SHELL('',(#8616,#8617,#8618));
#9172=CLOSED_SHELL('',(#8619,#8620,#8621));
#9173=CLOSED_SHELL('',(#8622,#8623,#8624));
#9174=CLOSED_SHELL('',(#8625,#8626,#8627));
#9175=CLOSED_SHELL('',(#8628,#8629,#8630));
#9176=CLOSED_SHELL('',(#8631,#8632,#8633));
#9177=CLOSED_SHELL('',(#8634,#8635,#8636));
#9178=CLOSED_SHELL('',(#8637,#8638,#8639));
#9179=CLOSED_SHELL('',(#8640,#8641,#8642));
#9180=CLOSED_SHELL('',(#8643,#8644,#8645));
#9181=CLOSED_SHELL('',(#8646,#8647,#8648));
#9182=CLOSED_SHELL('',(#8649,#8650,#8651));
#9183=CLOSED_SHELL('',(#8652,#8653,#8654));
#9184=CLOSED_SHELL('',(#8655,#8656,#8657));
#9185=CLOSED_SHELL('',(#8658,#8659,#8660));
#9186=CLOSED_SHELL('',(#8661,#8662,#8663));
#9187=CLOSED_SHELL('',(#8664,#8665,#8666));
#9188=CLOSED_SHELL('',(#8667,#8668,#8669));
#9189=CLOSED_SHELL('',(#8670,#8671,#8672));
#9190=CLOSED_SHELL('',(#8673,#8674,#8675));
#9191=CLOSED_SHELL('',(#8676,#8677,#8678));
#9192=CLOSED_SHELL('',(#8679,#8680,#8681));
#9193=CLOSED_SHELL('',(#8682,#8683,#8684));
#9194=CLOSED_SHELL('',(#8685,#8686,#8687));
#9195=CLOSED_SHELL('',(#8688,#8689,#8690));
#9196=CLOSED_SHELL('',(#8691,#8692,#8693));
#9197=CLOSED_SHELL('',(#8694,#8695,#8696));
#9198=CLOSED_SHELL('',(#8697,#8698,#8699));
#9199=CLOSED_SHELL('',(#8700,#8701,#8702));
#9200=CLOSED_SHELL('',(#8703,#8704,#8705));
#9201=CLOSED_SHELL('',(#8706,#8707,#8708));
#9202=CLOSED_SHELL('',(#8709,#8710,#8711));
#9203=CLOSED_SHELL('',(#8712,#8713,#8714));
#9204=CLOSED_SHELL('',(#8715,#8716,#8717));
#9205=CLOSED_SHELL('',(#8718,#8719,#8720));
#9206=CLOSED_SHELL('',(#8721,#8722,#8723));
#9207=CLOSED_SHELL('',(#8724,#8725,#8726));
#9208=CLOSED_SHELL('',(#8727,#8728,#8729));
#9209=CLOSED_SHELL('',(#8730,#8731,#8732));
#9210=CLOSED_SHELL('',(#8733,#8734,#8735));
#9211=CLOSED_SHELL('',(#8736,#8737,#8738));
#9212=CLOSED_SHELL('',(#8739,#8740,#8741));
#9213=CLOSED_SHELL('',(#8742,#8743,#8744));
#9214=CLOSED_SHELL('',(#8745,#8746,#8747));
#9215=CLOSED_SHELL('',(#8748,#8749,#8750));
#9216=CLOSED_SHELL('',(#8751,#8752,#8753));
#9217=CLOSED_SHELL('',(#8754,#8755,#8756));
#9218=CLOSED_SHELL('',(#8757,#8758,#8759));
#9219=CLOSED_SHELL('',(#8760,#8761,#8762));
#9220=CLOSED_SHELL('',(#8763,#8764,#8765));
#9221=CLOSED_SHELL('',(#8766,#8767,#8768));
#9222=CLOSED_SHELL('',(#8769,#8770,#8771));
#9223=CLOSED_SHELL('',(#8772,#8773,#8774));
#9224=CLOSED_SHELL('',(#8775,#8776,#8777));
#9225=CLOSED_SHELL('',(#8778,#8779,#8780));
#9226=CLOSED_SHELL('',(#8781,#8782,#8783));
#9227=CLOSED_SHELL('',(#8784,#8785,#8786));
#9228=CLOSED_SHELL('',(#8787,#8788,#8789));
#9229=CLOSED_SHELL('',(#8790,#8791,#8792));
#9230=CLOSED_SHELL('',(#8793,#8794,#8795));
#9231=CLOSED_SHELL('',(#8796,#8797,#8798,#8799,#8800,#8801,#8802,#8803,
#8804,#8805,#8806,#8807,#8808,#8809,#8810,#8811,#8812,#8813,#8814,#8815,
#8816,#8817,#8818,#8819,#8820,#8821,#8822,#8823,#8824,#8825,#8826,#8827,
#8828,#8829,#8830,#8831,#8832,#8833,#8834,#8835,#8836,#8837,#8838,#8839,
#8840,#8841,#8842,#8843,#8844,#8845,#8846,#8847,#8848,#8849,#8850,#8851,
#8852,#8853,#8854,#8855,#8856,#8857,#8858,#8859,#8860,#8861,#8862,#8863,
#8864,#8865,#8866,#8867,#8868));
#9232=CLOSED_SHELL('',(#8869,#8870,#8871,#8872,#8873,#8874,#8875,#8876,
#8877,#8878,#8879,#8880,#8881,#8882,#8883,#8884,#8885,#8886,#8887,#8888,
#8889,#8890,#8891,#8892,#8893,#8894,#8895,#8896,#8897,#8898,#8899,#8900,
#8901,#8902,#8903,#8904,#8905,#8906,#8907,#8908,#8909,#8910,#8911,#8912,
#8913,#8914,#8915,#8916,#8917,#8918,#8919,#8920,#8921,#8922,#8923,#8924,
#8925,#8926,#8927,#8928,#8929,#8930,#8931,#8932,#8933,#8934,#8935,#8936,
#8937,#8938,#8939,#8940,#8941,#8942,#8943,#8944,#8945,#8946,#8947,#8948,
#8949,#8950,#8951,#8952,#8953,#8954,#8955,#8956,#8957,#8958,#8959,#8960,
#8961,#8962,#8963,#8964,#8965,#8966,#8967,#8968,#8969,#8970,#8971,#8972,
#8973,#8974,#8975,#8976,#8977,#8978,#8979,#8980,#8981,#8982,#8983,#8984,
#8985,#8986,#8987,#8988,#8989,#8990,#8991,#8992,#8993,#8994,#8995,#8996,
#8997,#8998,#8999,#9000,#9001,#9002,#9003,#9004,#9005,#9006,#9007,#9008,
#9009,#9010,#9011,#9012,#9013,#9014,#9015,#9016,#9017,#9018,#9019,#9020,
#9021,#9022,#9023,#9024,#9025,#9026,#9027,#9028,#9029,#9030,#9031,#9032,
#9033,#9034,#9035,#9036,#9037,#9038,#9039,#9040,#9041,#9042,#9043,#9044,
#9045,#9046,#9047,#9048,#9049,#9050,#9051,#9052,#9053,#9054,#9055,#9056,
#9057,#9058,#9059,#9060,#9061,#9062,#9063,#9064,#9065,#9066,#9067,#9068,
#9069,#9070,#9071,#9072,#9073,#9074,#9075,#9076,#9077,#9078,#9079,#9080,
#9081,#9082,#9083,#9084,#9085,#9086,#9087,#9088,#9089,#9090,#9091,#9092,
#9093,#9094,#9095,#9096,#9097,#9098,#9099,#9100,#9101,#9102,#9103,#9104,
#9105,#9106,#9107,#9108,#9109,#9110,#9111,#9112,#9113,#9114,#9115,#9116,
#9117,#9118,#9119,#9120,#9121,#9122,#9123,#9124,#9125,#9126,#9127,#9128,
#9129,#9130,#9131,#9132,#9133,#9134,#9135,#9136,#9137,#9138,#9139,#9140));
#9233=STYLED_ITEM('',(#9325),#9885);
#9234=STYLED_ITEM('',(#9326),#9886);
#9235=STYLED_ITEM('',(#9327),#9887);
#9236=STYLED_ITEM('',(#9328),#9888);
#9237=STYLED_ITEM('',(#9329),#9889);
#9238=STYLED_ITEM('',(#9330),#9890);
#9239=STYLED_ITEM('',(#9331),#9891);
#9240=STYLED_ITEM('',(#9332),#9892);
#9241=STYLED_ITEM('',(#9333),#9893);
#9242=STYLED_ITEM('',(#9334),#9894);
#9243=STYLED_ITEM('',(#9335),#9895);
#9244=STYLED_ITEM('',(#9336),#9896);
#9245=STYLED_ITEM('',(#9337),#9897);
#9246=STYLED_ITEM('',(#9338),#9898);
#9247=STYLED_ITEM('',(#9339),#9899);
#9248=STYLED_ITEM('',(#9340),#9900);
#9249=STYLED_ITEM('',(#9341),#9901);
#9250=STYLED_ITEM('',(#9342),#9902);
#9251=STYLED_ITEM('',(#9343),#9903);
#9252=STYLED_ITEM('',(#9344),#9904);
#9253=STYLED_ITEM('',(#9345),#9905);
#9254=STYLED_ITEM('',(#9346),#9906);
#9255=STYLED_ITEM('',(#9347),#9907);
#9256=STYLED_ITEM('',(#9348),#9908);
#9257=STYLED_ITEM('',(#9349),#9909);
#9258=STYLED_ITEM('',(#9350),#9910);
#9259=STYLED_ITEM('',(#9351),#9911);
#9260=STYLED_ITEM('',(#9352),#9912);
#9261=STYLED_ITEM('',(#9353),#9913);
#9262=STYLED_ITEM('',(#9354),#9914);
#9263=STYLED_ITEM('',(#9355),#9915);
#9264=STYLED_ITEM('',(#9356),#9916);
#9265=STYLED_ITEM('',(#9357),#9917);
#9266=STYLED_ITEM('',(#9358),#9918);
#9267=STYLED_ITEM('',(#9359),#9919);
#9268=STYLED_ITEM('',(#9360),#9920);
#9269=STYLED_ITEM('',(#9361),#9921);
#9270=STYLED_ITEM('',(#9362),#9922);
#9271=STYLED_ITEM('',(#9363),#9923);
#9272=STYLED_ITEM('',(#9364),#9924);
#9273=STYLED_ITEM('',(#9365),#9925);
#9274=STYLED_ITEM('',(#9366),#9926);
#9275=STYLED_ITEM('',(#9367),#9927);
#9276=STYLED_ITEM('',(#9368),#9928);
#9277=STYLED_ITEM('',(#9369),#9929);
#9278=STYLED_ITEM('',(#9370),#9930);
#9279=STYLED_ITEM('',(#9371),#9931);
#9280=STYLED_ITEM('',(#9372),#9932);
#9281=STYLED_ITEM('',(#9373),#9933);
#9282=STYLED_ITEM('',(#9374),#9934);
#9283=STYLED_ITEM('',(#9375),#9935);
#9284=STYLED_ITEM('',(#9376),#9936);
#9285=STYLED_ITEM('',(#9377),#9937);
#9286=STYLED_ITEM('',(#9378),#9938);
#9287=STYLED_ITEM('',(#9379),#9939);
#9288=STYLED_ITEM('',(#9380),#9940);
#9289=STYLED_ITEM('',(#9381),#9941);
#9290=STYLED_ITEM('',(#9382),#9942);
#9291=STYLED_ITEM('',(#9383),#9943);
#9292=STYLED_ITEM('',(#9384),#9944);
#9293=STYLED_ITEM('',(#9385),#9945);
#9294=STYLED_ITEM('',(#9386),#9946);
#9295=STYLED_ITEM('',(#9387),#9947);
#9296=STYLED_ITEM('',(#9388),#9948);
#9297=STYLED_ITEM('',(#9389),#9949);
#9298=STYLED_ITEM('',(#9390),#9950);
#9299=STYLED_ITEM('',(#9391),#9951);
#9300=STYLED_ITEM('',(#9392),#9952);
#9301=STYLED_ITEM('',(#9393),#9953);
#9302=STYLED_ITEM('',(#9394),#9954);
#9303=STYLED_ITEM('',(#9395),#9955);
#9304=STYLED_ITEM('',(#9396),#9956);
#9305=STYLED_ITEM('',(#9397),#9957);
#9306=STYLED_ITEM('',(#9398),#9958);
#9307=STYLED_ITEM('',(#9399),#9959);
#9308=STYLED_ITEM('',(#9400),#9960);
#9309=STYLED_ITEM('',(#9401),#9961);
#9310=STYLED_ITEM('',(#9402),#9962);
#9311=STYLED_ITEM('',(#9403),#9963);
#9312=STYLED_ITEM('',(#9404),#9964);
#9313=STYLED_ITEM('',(#9405),#9965);
#9314=STYLED_ITEM('',(#9406),#9966);
#9315=STYLED_ITEM('',(#9407),#9967);
#9316=STYLED_ITEM('',(#9408),#9968);
#9317=STYLED_ITEM('',(#9409),#9969);
#9318=STYLED_ITEM('',(#9410),#9970);
#9319=STYLED_ITEM('',(#9411),#9971);
#9320=STYLED_ITEM('',(#9412),#9972);
#9321=STYLED_ITEM('',(#9413),#9973);
#9322=STYLED_ITEM('',(#9414),#9974);
#9323=STYLED_ITEM('',(#9415),#9975);
#9324=STYLED_ITEM('',(#9416),#9976);
#9325=PRESENTATION_STYLE_ASSIGNMENT((#9417));
#9326=PRESENTATION_STYLE_ASSIGNMENT((#9418));
#9327=PRESENTATION_STYLE_ASSIGNMENT((#9419));
#9328=PRESENTATION_STYLE_ASSIGNMENT((#9420));
#9329=PRESENTATION_STYLE_ASSIGNMENT((#9421));
#9330=PRESENTATION_STYLE_ASSIGNMENT((#9422));
#9331=PRESENTATION_STYLE_ASSIGNMENT((#9423));
#9332=PRESENTATION_STYLE_ASSIGNMENT((#9424));
#9333=PRESENTATION_STYLE_ASSIGNMENT((#9425));
#9334=PRESENTATION_STYLE_ASSIGNMENT((#9426));
#9335=PRESENTATION_STYLE_ASSIGNMENT((#9427));
#9336=PRESENTATION_STYLE_ASSIGNMENT((#9428));
#9337=PRESENTATION_STYLE_ASSIGNMENT((#9429));
#9338=PRESENTATION_STYLE_ASSIGNMENT((#9430));
#9339=PRESENTATION_STYLE_ASSIGNMENT((#9431));
#9340=PRESENTATION_STYLE_ASSIGNMENT((#9432));
#9341=PRESENTATION_STYLE_ASSIGNMENT((#9433));
#9342=PRESENTATION_STYLE_ASSIGNMENT((#9434));
#9343=PRESENTATION_STYLE_ASSIGNMENT((#9435));
#9344=PRESENTATION_STYLE_ASSIGNMENT((#9436));
#9345=PRESENTATION_STYLE_ASSIGNMENT((#9437));
#9346=PRESENTATION_STYLE_ASSIGNMENT((#9438));
#9347=PRESENTATION_STYLE_ASSIGNMENT((#9439));
#9348=PRESENTATION_STYLE_ASSIGNMENT((#9440));
#9349=PRESENTATION_STYLE_ASSIGNMENT((#9441));
#9350=PRESENTATION_STYLE_ASSIGNMENT((#9442));
#9351=PRESENTATION_STYLE_ASSIGNMENT((#9443));
#9352=PRESENTATION_STYLE_ASSIGNMENT((#9444));
#9353=PRESENTATION_STYLE_ASSIGNMENT((#9445));
#9354=PRESENTATION_STYLE_ASSIGNMENT((#9446));
#9355=PRESENTATION_STYLE_ASSIGNMENT((#9447));
#9356=PRESENTATION_STYLE_ASSIGNMENT((#9448));
#9357=PRESENTATION_STYLE_ASSIGNMENT((#9449));
#9358=PRESENTATION_STYLE_ASSIGNMENT((#9450));
#9359=PRESENTATION_STYLE_ASSIGNMENT((#9451));
#9360=PRESENTATION_STYLE_ASSIGNMENT((#9452));
#9361=PRESENTATION_STYLE_ASSIGNMENT((#9453));
#9362=PRESENTATION_STYLE_ASSIGNMENT((#9454));
#9363=PRESENTATION_STYLE_ASSIGNMENT((#9455));
#9364=PRESENTATION_STYLE_ASSIGNMENT((#9456));
#9365=PRESENTATION_STYLE_ASSIGNMENT((#9457));
#9366=PRESENTATION_STYLE_ASSIGNMENT((#9458));
#9367=PRESENTATION_STYLE_ASSIGNMENT((#9459));
#9368=PRESENTATION_STYLE_ASSIGNMENT((#9460));
#9369=PRESENTATION_STYLE_ASSIGNMENT((#9461));
#9370=PRESENTATION_STYLE_ASSIGNMENT((#9462));
#9371=PRESENTATION_STYLE_ASSIGNMENT((#9463));
#9372=PRESENTATION_STYLE_ASSIGNMENT((#9464));
#9373=PRESENTATION_STYLE_ASSIGNMENT((#9465));
#9374=PRESENTATION_STYLE_ASSIGNMENT((#9466));
#9375=PRESENTATION_STYLE_ASSIGNMENT((#9467));
#9376=PRESENTATION_STYLE_ASSIGNMENT((#9468));
#9377=PRESENTATION_STYLE_ASSIGNMENT((#9469));
#9378=PRESENTATION_STYLE_ASSIGNMENT((#9470));
#9379=PRESENTATION_STYLE_ASSIGNMENT((#9471));
#9380=PRESENTATION_STYLE_ASSIGNMENT((#9472));
#9381=PRESENTATION_STYLE_ASSIGNMENT((#9473));
#9382=PRESENTATION_STYLE_ASSIGNMENT((#9474));
#9383=PRESENTATION_STYLE_ASSIGNMENT((#9475));
#9384=PRESENTATION_STYLE_ASSIGNMENT((#9476));
#9385=PRESENTATION_STYLE_ASSIGNMENT((#9477));
#9386=PRESENTATION_STYLE_ASSIGNMENT((#9478));
#9387=PRESENTATION_STYLE_ASSIGNMENT((#9479));
#9388=PRESENTATION_STYLE_ASSIGNMENT((#9480));
#9389=PRESENTATION_STYLE_ASSIGNMENT((#9481));
#9390=PRESENTATION_STYLE_ASSIGNMENT((#9482));
#9391=PRESENTATION_STYLE_ASSIGNMENT((#9483));
#9392=PRESENTATION_STYLE_ASSIGNMENT((#9484));
#9393=PRESENTATION_STYLE_ASSIGNMENT((#9485));
#9394=PRESENTATION_STYLE_ASSIGNMENT((#9486));
#9395=PRESENTATION_STYLE_ASSIGNMENT((#9487));
#9396=PRESENTATION_STYLE_ASSIGNMENT((#9488));
#9397=PRESENTATION_STYLE_ASSIGNMENT((#9489));
#9398=PRESENTATION_STYLE_ASSIGNMENT((#9490));
#9399=PRESENTATION_STYLE_ASSIGNMENT((#9491));
#9400=PRESENTATION_STYLE_ASSIGNMENT((#9492));
#9401=PRESENTATION_STYLE_ASSIGNMENT((#9493));
#9402=PRESENTATION_STYLE_ASSIGNMENT((#9494));
#9403=PRESENTATION_STYLE_ASSIGNMENT((#9495));
#9404=PRESENTATION_STYLE_ASSIGNMENT((#9496));
#9405=PRESENTATION_STYLE_ASSIGNMENT((#9497));
#9406=PRESENTATION_STYLE_ASSIGNMENT((#9498));
#9407=PRESENTATION_STYLE_ASSIGNMENT((#9499));
#9408=PRESENTATION_STYLE_ASSIGNMENT((#9500));
#9409=PRESENTATION_STYLE_ASSIGNMENT((#9501));
#9410=PRESENTATION_STYLE_ASSIGNMENT((#9502));
#9411=PRESENTATION_STYLE_ASSIGNMENT((#9503));
#9412=PRESENTATION_STYLE_ASSIGNMENT((#9504));
#9413=PRESENTATION_STYLE_ASSIGNMENT((#9505));
#9414=PRESENTATION_STYLE_ASSIGNMENT((#9506));
#9415=PRESENTATION_STYLE_ASSIGNMENT((#9507));
#9416=PRESENTATION_STYLE_ASSIGNMENT((#9508));
#9417=SURFACE_STYLE_USAGE(.BOTH.,#9509);
#9418=SURFACE_STYLE_USAGE(.BOTH.,#9510);
#9419=SURFACE_STYLE_USAGE(.BOTH.,#9511);
#9420=SURFACE_STYLE_USAGE(.BOTH.,#9512);
#9421=SURFACE_STYLE_USAGE(.BOTH.,#9513);
#9422=SURFACE_STYLE_USAGE(.BOTH.,#9514);
#9423=SURFACE_STYLE_USAGE(.BOTH.,#9515);
#9424=SURFACE_STYLE_USAGE(.BOTH.,#9516);
#9425=SURFACE_STYLE_USAGE(.BOTH.,#9517);
#9426=SURFACE_STYLE_USAGE(.BOTH.,#9518);
#9427=SURFACE_STYLE_USAGE(.BOTH.,#9519);
#9428=SURFACE_STYLE_USAGE(.BOTH.,#9520);
#9429=SURFACE_STYLE_USAGE(.BOTH.,#9521);
#9430=SURFACE_STYLE_USAGE(.BOTH.,#9522);
#9431=SURFACE_STYLE_USAGE(.BOTH.,#9523);
#9432=SURFACE_STYLE_USAGE(.BOTH.,#9524);
#9433=SURFACE_STYLE_USAGE(.BOTH.,#9525);
#9434=SURFACE_STYLE_USAGE(.BOTH.,#9526);
#9435=SURFACE_STYLE_USAGE(.BOTH.,#9527);
#9436=SURFACE_STYLE_USAGE(.BOTH.,#9528);
#9437=SURFACE_STYLE_USAGE(.BOTH.,#9529);
#9438=SURFACE_STYLE_USAGE(.BOTH.,#9530);
#9439=SURFACE_STYLE_USAGE(.BOTH.,#9531);
#9440=SURFACE_STYLE_USAGE(.BOTH.,#9532);
#9441=SURFACE_STYLE_USAGE(.BOTH.,#9533);
#9442=SURFACE_STYLE_USAGE(.BOTH.,#9534);
#9443=SURFACE_STYLE_USAGE(.BOTH.,#9535);
#9444=SURFACE_STYLE_USAGE(.BOTH.,#9536);
#9445=SURFACE_STYLE_USAGE(.BOTH.,#9537);
#9446=SURFACE_STYLE_USAGE(.BOTH.,#9538);
#9447=SURFACE_STYLE_USAGE(.BOTH.,#9539);
#9448=SURFACE_STYLE_USAGE(.BOTH.,#9540);
#9449=SURFACE_STYLE_USAGE(.BOTH.,#9541);
#9450=SURFACE_STYLE_USAGE(.BOTH.,#9542);
#9451=SURFACE_STYLE_USAGE(.BOTH.,#9543);
#9452=SURFACE_STYLE_USAGE(.BOTH.,#9544);
#9453=SURFACE_STYLE_USAGE(.BOTH.,#9545);
#9454=SURFACE_STYLE_USAGE(.BOTH.,#9546);
#9455=SURFACE_STYLE_USAGE(.BOTH.,#9547);
#9456=SURFACE_STYLE_USAGE(.BOTH.,#9548);
#9457=SURFACE_STYLE_USAGE(.BOTH.,#9549);
#9458=SURFACE_STYLE_USAGE(.BOTH.,#9550);
#9459=SURFACE_STYLE_USAGE(.BOTH.,#9551);
#9460=SURFACE_STYLE_USAGE(.BOTH.,#9552);
#9461=SURFACE_STYLE_USAGE(.BOTH.,#9553);
#9462=SURFACE_STYLE_USAGE(.BOTH.,#9554);
#9463=SURFACE_STYLE_USAGE(.BOTH.,#9555);
#9464=SURFACE_STYLE_USAGE(.BOTH.,#9556);
#9465=SURFACE_STYLE_USAGE(.BOTH.,#9557);
#9466=SURFACE_STYLE_USAGE(.BOTH.,#9558);
#9467=SURFACE_STYLE_USAGE(.BOTH.,#9559);
#9468=SURFACE_STYLE_USAGE(.BOTH.,#9560);
#9469=SURFACE_STYLE_USAGE(.BOTH.,#9561);
#9470=SURFACE_STYLE_USAGE(.BOTH.,#9562);
#9471=SURFACE_STYLE_USAGE(.BOTH.,#9563);
#9472=SURFACE_STYLE_USAGE(.BOTH.,#9564);
#9473=SURFACE_STYLE_USAGE(.BOTH.,#9565);
#9474=SURFACE_STYLE_USAGE(.BOTH.,#9566);
#9475=SURFACE_STYLE_USAGE(.BOTH.,#9567);
#9476=SURFACE_STYLE_USAGE(.BOTH.,#9568);
#9477=SURFACE_STYLE_USAGE(.BOTH.,#9569);
#9478=SURFACE_STYLE_USAGE(.BOTH.,#9570);
#9479=SURFACE_STYLE_USAGE(.BOTH.,#9571);
#9480=SURFACE_STYLE_USAGE(.BOTH.,#9572);
#9481=SURFACE_STYLE_USAGE(.BOTH.,#9573);
#9482=SURFACE_STYLE_USAGE(.BOTH.,#9574);
#9483=SURFACE_STYLE_USAGE(.BOTH.,#9575);
#9484=SURFACE_STYLE_USAGE(.BOTH.,#9576);
#9485=SURFACE_STYLE_USAGE(.BOTH.,#9577);
#9486=SURFACE_STYLE_USAGE(.BOTH.,#9578);
#9487=SURFACE_STYLE_USAGE(.BOTH.,#9579);
#9488=SURFACE_STYLE_USAGE(.BOTH.,#9580);
#9489=SURFACE_STYLE_USAGE(.BOTH.,#9581);
#9490=SURFACE_STYLE_USAGE(.BOTH.,#9582);
#9491=SURFACE_STYLE_USAGE(.BOTH.,#9583);
#9492=SURFACE_STYLE_USAGE(.BOTH.,#9584);
#9493=SURFACE_STYLE_USAGE(.BOTH.,#9585);
#9494=SURFACE_STYLE_USAGE(.BOTH.,#9586);
#9495=SURFACE_STYLE_USAGE(.BOTH.,#9587);
#9496=SURFACE_STYLE_USAGE(.BOTH.,#9588);
#9497=SURFACE_STYLE_USAGE(.BOTH.,#9589);
#9498=SURFACE_STYLE_USAGE(.BOTH.,#9590);
#9499=SURFACE_STYLE_USAGE(.BOTH.,#9591);
#9500=SURFACE_STYLE_USAGE(.BOTH.,#9592);
#9501=SURFACE_STYLE_USAGE(.BOTH.,#9593);
#9502=SURFACE_STYLE_USAGE(.BOTH.,#9594);
#9503=SURFACE_STYLE_USAGE(.BOTH.,#9595);
#9504=SURFACE_STYLE_USAGE(.BOTH.,#9596);
#9505=SURFACE_STYLE_USAGE(.BOTH.,#9597);
#9506=SURFACE_STYLE_USAGE(.BOTH.,#9598);
#9507=SURFACE_STYLE_USAGE(.BOTH.,#9599);
#9508=SURFACE_STYLE_USAGE(.BOTH.,#9600);
#9509=SURFACE_SIDE_STYLE('',(#9601));
#9510=SURFACE_SIDE_STYLE('',(#9602));
#9511=SURFACE_SIDE_STYLE('',(#9603));
#9512=SURFACE_SIDE_STYLE('',(#9604));
#9513=SURFACE_SIDE_STYLE('',(#9605));
#9514=SURFACE_SIDE_STYLE('',(#9606));
#9515=SURFACE_SIDE_STYLE('',(#9607));
#9516=SURFACE_SIDE_STYLE('',(#9608));
#9517=SURFACE_SIDE_STYLE('',(#9609));
#9518=SURFACE_SIDE_STYLE('',(#9610));
#9519=SURFACE_SIDE_STYLE('',(#9611));
#9520=SURFACE_SIDE_STYLE('',(#9612));
#9521=SURFACE_SIDE_STYLE('',(#9613));
#9522=SURFACE_SIDE_STYLE('',(#9614));
#9523=SURFACE_SIDE_STYLE('',(#9615));
#9524=SURFACE_SIDE_STYLE('',(#9616));
#9525=SURFACE_SIDE_STYLE('',(#9617));
#9526=SURFACE_SIDE_STYLE('',(#9618));
#9527=SURFACE_SIDE_STYLE('',(#9619));
#9528=SURFACE_SIDE_STYLE('',(#9620));
#9529=SURFACE_SIDE_STYLE('',(#9621));
#9530=SURFACE_SIDE_STYLE('',(#9622));
#9531=SURFACE_SIDE_STYLE('',(#9623));
#9532=SURFACE_SIDE_STYLE('',(#9624));
#9533=SURFACE_SIDE_STYLE('',(#9625));
#9534=SURFACE_SIDE_STYLE('',(#9626));
#9535=SURFACE_SIDE_STYLE('',(#9627));
#9536=SURFACE_SIDE_STYLE('',(#9628));
#9537=SURFACE_SIDE_STYLE('',(#9629));
#9538=SURFACE_SIDE_STYLE('',(#9630));
#9539=SURFACE_SIDE_STYLE('',(#9631));
#9540=SURFACE_SIDE_STYLE('',(#9632));
#9541=SURFACE_SIDE_STYLE('',(#9633));
#9542=SURFACE_SIDE_STYLE('',(#9634));
#9543=SURFACE_SIDE_STYLE('',(#9635));
#9544=SURFACE_SIDE_STYLE('',(#9636));
#9545=SURFACE_SIDE_STYLE('',(#9637));
#9546=SURFACE_SIDE_STYLE('',(#9638));
#9547=SURFACE_SIDE_STYLE('',(#9639));
#9548=SURFACE_SIDE_STYLE('',(#9640));
#9549=SURFACE_SIDE_STYLE('',(#9641));
#9550=SURFACE_SIDE_STYLE('',(#9642));
#9551=SURFACE_SIDE_STYLE('',(#9643));
#9552=SURFACE_SIDE_STYLE('',(#9644));
#9553=SURFACE_SIDE_STYLE('',(#9645));
#9554=SURFACE_SIDE_STYLE('',(#9646));
#9555=SURFACE_SIDE_STYLE('',(#9647));
#9556=SURFACE_SIDE_STYLE('',(#9648));
#9557=SURFACE_SIDE_STYLE('',(#9649));
#9558=SURFACE_SIDE_STYLE('',(#9650));
#9559=SURFACE_SIDE_STYLE('',(#9651));
#9560=SURFACE_SIDE_STYLE('',(#9652));
#9561=SURFACE_SIDE_STYLE('',(#9653));
#9562=SURFACE_SIDE_STYLE('',(#9654));
#9563=SURFACE_SIDE_STYLE('',(#9655));
#9564=SURFACE_SIDE_STYLE('',(#9656));
#9565=SURFACE_SIDE_STYLE('',(#9657));
#9566=SURFACE_SIDE_STYLE('',(#9658));
#9567=SURFACE_SIDE_STYLE('',(#9659));
#9568=SURFACE_SIDE_STYLE('',(#9660));
#9569=SURFACE_SIDE_STYLE('',(#9661));
#9570=SURFACE_SIDE_STYLE('',(#9662));
#9571=SURFACE_SIDE_STYLE('',(#9663));
#9572=SURFACE_SIDE_STYLE('',(#9664));
#9573=SURFACE_SIDE_STYLE('',(#9665));
#9574=SURFACE_SIDE_STYLE('',(#9666));
#9575=SURFACE_SIDE_STYLE('',(#9667));
#9576=SURFACE_SIDE_STYLE('',(#9668));
#9577=SURFACE_SIDE_STYLE('',(#9669));
#9578=SURFACE_SIDE_STYLE('',(#9670));
#9579=SURFACE_SIDE_STYLE('',(#9671));
#9580=SURFACE_SIDE_STYLE('',(#9672));
#9581=SURFACE_SIDE_STYLE('',(#9673));
#9582=SURFACE_SIDE_STYLE('',(#9674));
#9583=SURFACE_SIDE_STYLE('',(#9675));
#9584=SURFACE_SIDE_STYLE('',(#9676));
#9585=SURFACE_SIDE_STYLE('',(#9677));
#9586=SURFACE_SIDE_STYLE('',(#9678));
#9587=SURFACE_SIDE_STYLE('',(#9679));
#9588=SURFACE_SIDE_STYLE('',(#9680));
#9589=SURFACE_SIDE_STYLE('',(#9681));
#9590=SURFACE_SIDE_STYLE('',(#9682));
#9591=SURFACE_SIDE_STYLE('',(#9683));
#9592=SURFACE_SIDE_STYLE('',(#9684));
#9593=SURFACE_SIDE_STYLE('',(#9685));
#9594=SURFACE_SIDE_STYLE('',(#9686));
#9595=SURFACE_SIDE_STYLE('',(#9687));
#9596=SURFACE_SIDE_STYLE('',(#9688));
#9597=SURFACE_SIDE_STYLE('',(#9689));
#9598=SURFACE_SIDE_STYLE('',(#9690));
#9599=SURFACE_SIDE_STYLE('',(#9691));
#9600=SURFACE_SIDE_STYLE('',(#9692));
#9601=SURFACE_STYLE_FILL_AREA(#9693);
#9602=SURFACE_STYLE_FILL_AREA(#9694);
#9603=SURFACE_STYLE_FILL_AREA(#9695);
#9604=SURFACE_STYLE_FILL_AREA(#9696);
#9605=SURFACE_STYLE_FILL_AREA(#9697);
#9606=SURFACE_STYLE_FILL_AREA(#9698);
#9607=SURFACE_STYLE_FILL_AREA(#9699);
#9608=SURFACE_STYLE_FILL_AREA(#9700);
#9609=SURFACE_STYLE_FILL_AREA(#9701);
#9610=SURFACE_STYLE_FILL_AREA(#9702);
#9611=SURFACE_STYLE_FILL_AREA(#9703);
#9612=SURFACE_STYLE_FILL_AREA(#9704);
#9613=SURFACE_STYLE_FILL_AREA(#9705);
#9614=SURFACE_STYLE_FILL_AREA(#9706);
#9615=SURFACE_STYLE_FILL_AREA(#9707);
#9616=SURFACE_STYLE_FILL_AREA(#9708);
#9617=SURFACE_STYLE_FILL_AREA(#9709);
#9618=SURFACE_STYLE_FILL_AREA(#9710);
#9619=SURFACE_STYLE_FILL_AREA(#9711);
#9620=SURFACE_STYLE_FILL_AREA(#9712);
#9621=SURFACE_STYLE_FILL_AREA(#9713);
#9622=SURFACE_STYLE_FILL_AREA(#9714);
#9623=SURFACE_STYLE_FILL_AREA(#9715);
#9624=SURFACE_STYLE_FILL_AREA(#9716);
#9625=SURFACE_STYLE_FILL_AREA(#9717);
#9626=SURFACE_STYLE_FILL_AREA(#9718);
#9627=SURFACE_STYLE_FILL_AREA(#9719);
#9628=SURFACE_STYLE_FILL_AREA(#9720);
#9629=SURFACE_STYLE_FILL_AREA(#9721);
#9630=SURFACE_STYLE_FILL_AREA(#9722);
#9631=SURFACE_STYLE_FILL_AREA(#9723);
#9632=SURFACE_STYLE_FILL_AREA(#9724);
#9633=SURFACE_STYLE_FILL_AREA(#9725);
#9634=SURFACE_STYLE_FILL_AREA(#9726);
#9635=SURFACE_STYLE_FILL_AREA(#9727);
#9636=SURFACE_STYLE_FILL_AREA(#9728);
#9637=SURFACE_STYLE_FILL_AREA(#9729);
#9638=SURFACE_STYLE_FILL_AREA(#9730);
#9639=SURFACE_STYLE_FILL_AREA(#9731);
#9640=SURFACE_STYLE_FILL_AREA(#9732);
#9641=SURFACE_STYLE_FILL_AREA(#9733);
#9642=SURFACE_STYLE_FILL_AREA(#9734);
#9643=SURFACE_STYLE_FILL_AREA(#9735);
#9644=SURFACE_STYLE_FILL_AREA(#9736);
#9645=SURFACE_STYLE_FILL_AREA(#9737);
#9646=SURFACE_STYLE_FILL_AREA(#9738);
#9647=SURFACE_STYLE_FILL_AREA(#9739);
#9648=SURFACE_STYLE_FILL_AREA(#9740);
#9649=SURFACE_STYLE_FILL_AREA(#9741);
#9650=SURFACE_STYLE_FILL_AREA(#9742);
#9651=SURFACE_STYLE_FILL_AREA(#9743);
#9652=SURFACE_STYLE_FILL_AREA(#9744);
#9653=SURFACE_STYLE_FILL_AREA(#9745);
#9654=SURFACE_STYLE_FILL_AREA(#9746);
#9655=SURFACE_STYLE_FILL_AREA(#9747);
#9656=SURFACE_STYLE_FILL_AREA(#9748);
#9657=SURFACE_STYLE_FILL_AREA(#9749);
#9658=SURFACE_STYLE_FILL_AREA(#9750);
#9659=SURFACE_STYLE_FILL_AREA(#9751);
#9660=SURFACE_STYLE_FILL_AREA(#9752);
#9661=SURFACE_STYLE_FILL_AREA(#9753);
#9662=SURFACE_STYLE_FILL_AREA(#9754);
#9663=SURFACE_STYLE_FILL_AREA(#9755);
#9664=SURFACE_STYLE_FILL_AREA(#9756);
#9665=SURFACE_STYLE_FILL_AREA(#9757);
#9666=SURFACE_STYLE_FILL_AREA(#9758);
#9667=SURFACE_STYLE_FILL_AREA(#9759);
#9668=SURFACE_STYLE_FILL_AREA(#9760);
#9669=SURFACE_STYLE_FILL_AREA(#9761);
#9670=SURFACE_STYLE_FILL_AREA(#9762);
#9671=SURFACE_STYLE_FILL_AREA(#9763);
#9672=SURFACE_STYLE_FILL_AREA(#9764);
#9673=SURFACE_STYLE_FILL_AREA(#9765);
#9674=SURFACE_STYLE_FILL_AREA(#9766);
#9675=SURFACE_STYLE_FILL_AREA(#9767);
#9676=SURFACE_STYLE_FILL_AREA(#9768);
#9677=SURFACE_STYLE_FILL_AREA(#9769);
#9678=SURFACE_STYLE_FILL_AREA(#9770);
#9679=SURFACE_STYLE_FILL_AREA(#9771);
#9680=SURFACE_STYLE_FILL_AREA(#9772);
#9681=SURFACE_STYLE_FILL_AREA(#9773);
#9682=SURFACE_STYLE_FILL_AREA(#9774);
#9683=SURFACE_STYLE_FILL_AREA(#9775);
#9684=SURFACE_STYLE_FILL_AREA(#9776);
#9685=SURFACE_STYLE_FILL_AREA(#9777);
#9686=SURFACE_STYLE_FILL_AREA(#9778);
#9687=SURFACE_STYLE_FILL_AREA(#9779);
#9688=SURFACE_STYLE_FILL_AREA(#9780);
#9689=SURFACE_STYLE_FILL_AREA(#9781);
#9690=SURFACE_STYLE_FILL_AREA(#9782);
#9691=SURFACE_STYLE_FILL_AREA(#9783);
#9692=SURFACE_STYLE_FILL_AREA(#9784);
#9693=FILL_AREA_STYLE('',(#9785));
#9694=FILL_AREA_STYLE('',(#9786));
#9695=FILL_AREA_STYLE('',(#9787));
#9696=FILL_AREA_STYLE('',(#9788));
#9697=FILL_AREA_STYLE('',(#9789));
#9698=FILL_AREA_STYLE('',(#9790));
#9699=FILL_AREA_STYLE('',(#9791));
#9700=FILL_AREA_STYLE('',(#9792));
#9701=FILL_AREA_STYLE('',(#9793));
#9702=FILL_AREA_STYLE('',(#9794));
#9703=FILL_AREA_STYLE('',(#9795));
#9704=FILL_AREA_STYLE('',(#9796));
#9705=FILL_AREA_STYLE('',(#9797));
#9706=FILL_AREA_STYLE('',(#9798));
#9707=FILL_AREA_STYLE('',(#9799));
#9708=FILL_AREA_STYLE('',(#9800));
#9709=FILL_AREA_STYLE('',(#9801));
#9710=FILL_AREA_STYLE('',(#9802));
#9711=FILL_AREA_STYLE('',(#9803));
#9712=FILL_AREA_STYLE('',(#9804));
#9713=FILL_AREA_STYLE('',(#9805));
#9714=FILL_AREA_STYLE('',(#9806));
#9715=FILL_AREA_STYLE('',(#9807));
#9716=FILL_AREA_STYLE('',(#9808));
#9717=FILL_AREA_STYLE('',(#9809));
#9718=FILL_AREA_STYLE('',(#9810));
#9719=FILL_AREA_STYLE('',(#9811));
#9720=FILL_AREA_STYLE('',(#9812));
#9721=FILL_AREA_STYLE('',(#9813));
#9722=FILL_AREA_STYLE('',(#9814));
#9723=FILL_AREA_STYLE('',(#9815));
#9724=FILL_AREA_STYLE('',(#9816));
#9725=FILL_AREA_STYLE('',(#9817));
#9726=FILL_AREA_STYLE('',(#9818));
#9727=FILL_AREA_STYLE('',(#9819));
#9728=FILL_AREA_STYLE('',(#9820));
#9729=FILL_AREA_STYLE('',(#9821));
#9730=FILL_AREA_STYLE('',(#9822));
#9731=FILL_AREA_STYLE('',(#9823));
#9732=FILL_AREA_STYLE('',(#9824));
#9733=FILL_AREA_STYLE('',(#9825));
#9734=FILL_AREA_STYLE('',(#9826));
#9735=FILL_AREA_STYLE('',(#9827));
#9736=FILL_AREA_STYLE('',(#9828));
#9737=FILL_AREA_STYLE('',(#9829));
#9738=FILL_AREA_STYLE('',(#9830));
#9739=FILL_AREA_STYLE('',(#9831));
#9740=FILL_AREA_STYLE('',(#9832));
#9741=FILL_AREA_STYLE('',(#9833));
#9742=FILL_AREA_STYLE('',(#9834));
#9743=FILL_AREA_STYLE('',(#9835));
#9744=FILL_AREA_STYLE('',(#9836));
#9745=FILL_AREA_STYLE('',(#9837));
#9746=FILL_AREA_STYLE('',(#9838));
#9747=FILL_AREA_STYLE('',(#9839));
#9748=FILL_AREA_STYLE('',(#9840));
#9749=FILL_AREA_STYLE('',(#9841));
#9750=FILL_AREA_STYLE('',(#9842));
#9751=FILL_AREA_STYLE('',(#9843));
#9752=FILL_AREA_STYLE('',(#9844));
#9753=FILL_AREA_STYLE('',(#9845));
#9754=FILL_AREA_STYLE('',(#9846));
#9755=FILL_AREA_STYLE('',(#9847));
#9756=FILL_AREA_STYLE('',(#9848));
#9757=FILL_AREA_STYLE('',(#9849));
#9758=FILL_AREA_STYLE('',(#9850));
#9759=FILL_AREA_STYLE('',(#9851));
#9760=FILL_AREA_STYLE('',(#9852));
#9761=FILL_AREA_STYLE('',(#9853));
#9762=FILL_AREA_STYLE('',(#9854));
#9763=FILL_AREA_STYLE('',(#9855));
#9764=FILL_AREA_STYLE('',(#9856));
#9765=FILL_AREA_STYLE('',(#9857));
#9766=FILL_AREA_STYLE('',(#9858));
#9767=FILL_AREA_STYLE('',(#9859));
#9768=FILL_AREA_STYLE('',(#9860));
#9769=FILL_AREA_STYLE('',(#9861));
#9770=FILL_AREA_STYLE('',(#9862));
#9771=FILL_AREA_STYLE('',(#9863));
#9772=FILL_AREA_STYLE('',(#9864));
#9773=FILL_AREA_STYLE('',(#9865));
#9774=FILL_AREA_STYLE('',(#9866));
#9775=FILL_AREA_STYLE('',(#9867));
#9776=FILL_AREA_STYLE('',(#9868));
#9777=FILL_AREA_STYLE('',(#9869));
#9778=FILL_AREA_STYLE('',(#9870));
#9779=FILL_AREA_STYLE('',(#9871));
#9780=FILL_AREA_STYLE('',(#9872));
#9781=FILL_AREA_STYLE('',(#9873));
#9782=FILL_AREA_STYLE('',(#9874));
#9783=FILL_AREA_STYLE('',(#9875));
#9784=FILL_AREA_STYLE('',(#9876));
#9785=FILL_AREA_STYLE_COLOUR('',#9877);
#9786=FILL_AREA_STYLE_COLOUR('',#9878);
#9787=FILL_AREA_STYLE_COLOUR('',#9879);
#9788=FILL_AREA_STYLE_COLOUR('',#9880);
#9789=FILL_AREA_STYLE_COLOUR('',#9881);
#9790=FILL_AREA_STYLE_COLOUR('',#9882);
#9791=FILL_AREA_STYLE_COLOUR('',#9883);
#9792=FILL_AREA_STYLE_COLOUR('',#9884);
#9793=FILL_AREA_STYLE_COLOUR('',#9877);
#9794=FILL_AREA_STYLE_COLOUR('',#9883);
#9795=FILL_AREA_STYLE_COLOUR('',#9877);
#9796=FILL_AREA_STYLE_COLOUR('',#9878);
#9797=FILL_AREA_STYLE_COLOUR('',#9879);
#9798=FILL_AREA_STYLE_COLOUR('',#9880);
#9799=FILL_AREA_STYLE_COLOUR('',#9882);
#9800=FILL_AREA_STYLE_COLOUR('',#9883);
#9801=FILL_AREA_STYLE_COLOUR('',#9884);
#9802=FILL_AREA_STYLE_COLOUR('',#9877);
#9803=FILL_AREA_STYLE_COLOUR('',#9879);
#9804=FILL_AREA_STYLE_COLOUR('',#9880);
#9805=FILL_AREA_STYLE_COLOUR('',#9881);
#9806=FILL_AREA_STYLE_COLOUR('',#9877);
#9807=FILL_AREA_STYLE_COLOUR('',#9878);
#9808=FILL_AREA_STYLE_COLOUR('',#9879);
#9809=FILL_AREA_STYLE_COLOUR('',#9880);
#9810=FILL_AREA_STYLE_COLOUR('',#9881);
#9811=FILL_AREA_STYLE_COLOUR('',#9882);
#9812=FILL_AREA_STYLE_COLOUR('',#9883);
#9813=FILL_AREA_STYLE_COLOUR('',#9884);
#9814=FILL_AREA_STYLE_COLOUR('',#9877);
#9815=FILL_AREA_STYLE_COLOUR('',#9878);
#9816=FILL_AREA_STYLE_COLOUR('',#9881);
#9817=FILL_AREA_STYLE_COLOUR('',#9882);
#9818=FILL_AREA_STYLE_COLOUR('',#9883);
#9819=FILL_AREA_STYLE_COLOUR('',#9884);
#9820=FILL_AREA_STYLE_COLOUR('',#9877);
#9821=FILL_AREA_STYLE_COLOUR('',#9878);
#9822=FILL_AREA_STYLE_COLOUR('',#9879);
#9823=FILL_AREA_STYLE_COLOUR('',#9880);
#9824=FILL_AREA_STYLE_COLOUR('',#9881);
#9825=FILL_AREA_STYLE_COLOUR('',#9883);
#9826=FILL_AREA_STYLE_COLOUR('',#9884);
#9827=FILL_AREA_STYLE_COLOUR('',#9878);
#9828=FILL_AREA_STYLE_COLOUR('',#9879);
#9829=FILL_AREA_STYLE_COLOUR('',#9880);
#9830=FILL_AREA_STYLE_COLOUR('',#9881);
#9831=FILL_AREA_STYLE_COLOUR('',#9882);
#9832=FILL_AREA_STYLE_COLOUR('',#9883);
#9833=FILL_AREA_STYLE_COLOUR('',#9884);
#9834=FILL_AREA_STYLE_COLOUR('',#9877);
#9835=FILL_AREA_STYLE_COLOUR('',#9878);
#9836=FILL_AREA_STYLE_COLOUR('',#9879);
#9837=FILL_AREA_STYLE_COLOUR('',#9880);
#9838=FILL_AREA_STYLE_COLOUR('',#9881);
#9839=FILL_AREA_STYLE_COLOUR('',#9882);
#9840=FILL_AREA_STYLE_COLOUR('',#9883);
#9841=FILL_AREA_STYLE_COLOUR('',#9884);
#9842=FILL_AREA_STYLE_COLOUR('',#9877);
#9843=FILL_AREA_STYLE_COLOUR('',#9878);
#9844=FILL_AREA_STYLE_COLOUR('',#9879);
#9845=FILL_AREA_STYLE_COLOUR('',#9880);
#9846=FILL_AREA_STYLE_COLOUR('',#9881);
#9847=FILL_AREA_STYLE_COLOUR('',#9882);
#9848=FILL_AREA_STYLE_COLOUR('',#9884);
#9849=FILL_AREA_STYLE_COLOUR('',#9881);
#9850=FILL_AREA_STYLE_COLOUR('',#9878);
#9851=FILL_AREA_STYLE_COLOUR('',#9882);
#9852=FILL_AREA_STYLE_COLOUR('',#9883);
#9853=FILL_AREA_STYLE_COLOUR('',#9884);
#9854=FILL_AREA_STYLE_COLOUR('',#9877);
#9855=FILL_AREA_STYLE_COLOUR('',#9878);
#9856=FILL_AREA_STYLE_COLOUR('',#9879);
#9857=FILL_AREA_STYLE_COLOUR('',#9880);
#9858=FILL_AREA_STYLE_COLOUR('',#9881);
#9859=FILL_AREA_STYLE_COLOUR('',#9882);
#9860=FILL_AREA_STYLE_COLOUR('',#9883);
#9861=FILL_AREA_STYLE_COLOUR('',#9884);
#9862=FILL_AREA_STYLE_COLOUR('',#9877);
#9863=FILL_AREA_STYLE_COLOUR('',#9878);
#9864=FILL_AREA_STYLE_COLOUR('',#9879);
#9865=FILL_AREA_STYLE_COLOUR('',#9880);
#9866=FILL_AREA_STYLE_COLOUR('',#9881);
#9867=FILL_AREA_STYLE_COLOUR('',#9882);
#9868=FILL_AREA_STYLE_COLOUR('',#9883);
#9869=FILL_AREA_STYLE_COLOUR('',#9884);
#9870=FILL_AREA_STYLE_COLOUR('',#9879);
#9871=FILL_AREA_STYLE_COLOUR('',#9880);
#9872=FILL_AREA_STYLE_COLOUR('',#9881);
#9873=FILL_AREA_STYLE_COLOUR('',#9882);
#9874=FILL_AREA_STYLE_COLOUR('',#9882);
#9875=FILL_AREA_STYLE_COLOUR('',#9883);
#9876=FILL_AREA_STYLE_COLOUR('',#9880);
#9877=COLOUR_RGB('',0.972549019607843,0.529411764705882,0.00392156862745098);
#9878=COLOUR_RGB('',0.498039215686275,0.498039215686275,0.498039215686275);
#9879=COLOUR_RGB('',0.980392156862745,0.713725490196078,0.00392156862745098);
#9880=COLOUR_RGB('',0.615686274509804,0.811764705882353,0.929411764705882);
#9881=COLOUR_RGB('',0.647058823529412,0.647058823529412,0.647058823529412);
#9882=COLOUR_RGB('',0.231372549019608,0.380392156862745,0.705882352941177);
#9883=COLOUR_RGB('',0.917647058823529,0.917647058823529,0.917647058823529);
#9884=COLOUR_RGB('',0.768627450980392,0.886274509803922,0.952941176470588);
#9885=MANIFOLD_SOLID_BREP('Part 14',#9141);
#9886=MANIFOLD_SOLID_BREP('Part 15',#9142);
#9887=MANIFOLD_SOLID_BREP('Part 16',#9143);
#9888=MANIFOLD_SOLID_BREP('Part 17',#9144);
#9889=MANIFOLD_SOLID_BREP('Part 18',#9145);
#9890=MANIFOLD_SOLID_BREP('Part 19',#9146);
#9891=MANIFOLD_SOLID_BREP('Part 20',#9147);
#9892=MANIFOLD_SOLID_BREP('Part 21',#9148);
#9893=MANIFOLD_SOLID_BREP('Part 22',#9149);
#9894=MANIFOLD_SOLID_BREP('Part 44',#9150);
#9895=MANIFOLD_SOLID_BREP('Part 46',#9151);
#9896=MANIFOLD_SOLID_BREP('Part 47',#9152);
#9897=MANIFOLD_SOLID_BREP('Part 48',#9153);
#9898=MANIFOLD_SOLID_BREP('Part 49',#9154);
#9899=MANIFOLD_SOLID_BREP('Part 51',#9155);
#9900=MANIFOLD_SOLID_BREP('Part 52',#9156);
#9901=MANIFOLD_SOLID_BREP('Part 53',#9157);
#9902=MANIFOLD_SOLID_BREP('Part 54',#9158);
#9903=MANIFOLD_SOLID_BREP('Part 56',#9159);
#9904=MANIFOLD_SOLID_BREP('Part 57',#9160);
#9905=MANIFOLD_SOLID_BREP('Part 58',#9161);
#9906=MANIFOLD_SOLID_BREP('Part 78',#9162);
#9907=MANIFOLD_SOLID_BREP('Part 79',#9163);
#9908=MANIFOLD_SOLID_BREP('Part 80',#9164);
#9909=MANIFOLD_SOLID_BREP('Part 81',#9165);
#9910=MANIFOLD_SOLID_BREP('Part 82',#9166);
#9911=MANIFOLD_SOLID_BREP('Part 83',#9167);
#9912=MANIFOLD_SOLID_BREP('Part 84',#9168);
#9913=MANIFOLD_SOLID_BREP('Part 85',#9169);
#9914=MANIFOLD_SOLID_BREP('Part 86',#9170);
#9915=MANIFOLD_SOLID_BREP('Part 87',#9171);
#9916=MANIFOLD_SOLID_BREP('Part 2',#9172);
#9917=MANIFOLD_SOLID_BREP('Part 3',#9173);
#9918=MANIFOLD_SOLID_BREP('Part 4',#9174);
#9919=MANIFOLD_SOLID_BREP('Part 5',#9175);
#9920=MANIFOLD_SOLID_BREP('Part 6',#9176);
#9921=MANIFOLD_SOLID_BREP('Part 7',#9177);
#9922=MANIFOLD_SOLID_BREP('Part 8',#9178);
#9923=MANIFOLD_SOLID_BREP('Part 9',#9179);
#9924=MANIFOLD_SOLID_BREP('Part 10',#9180);
#9925=MANIFOLD_SOLID_BREP('Part 12',#9181);
#9926=MANIFOLD_SOLID_BREP('Part 13',#9182);
#9927=MANIFOLD_SOLID_BREP('Part 23',#9183);
#9928=MANIFOLD_SOLID_BREP('Part 24',#9184);
#9929=MANIFOLD_SOLID_BREP('Part 25',#9185);
#9930=MANIFOLD_SOLID_BREP('Part 26',#9186);
#9931=MANIFOLD_SOLID_BREP('Part 27',#9187);
#9932=MANIFOLD_SOLID_BREP('Part 28',#9188);
#9933=MANIFOLD_SOLID_BREP('Part 29',#9189);
#9934=MANIFOLD_SOLID_BREP('Part 30',#9190);
#9935=MANIFOLD_SOLID_BREP('Part 31',#9191);
#9936=MANIFOLD_SOLID_BREP('Part 32',#9192);
#9937=MANIFOLD_SOLID_BREP('Part 33',#9193);
#9938=MANIFOLD_SOLID_BREP('Part 34',#9194);
#9939=MANIFOLD_SOLID_BREP('Part 35',#9195);
#9940=MANIFOLD_SOLID_BREP('Part 36',#9196);
#9941=MANIFOLD_SOLID_BREP('Part 37',#9197);
#9942=MANIFOLD_SOLID_BREP('Part 38',#9198);
#9943=MANIFOLD_SOLID_BREP('Part 39',#9199);
#9944=MANIFOLD_SOLID_BREP('Part 40',#9200);
#9945=MANIFOLD_SOLID_BREP('Part 41',#9201);
#9946=MANIFOLD_SOLID_BREP('Part 42',#9202);
#9947=MANIFOLD_SOLID_BREP('Part 43',#9203);
#9948=MANIFOLD_SOLID_BREP('Part 45',#9204);
#9949=MANIFOLD_SOLID_BREP('Part 50',#9205);
#9950=MANIFOLD_SOLID_BREP('Part 55',#9206);
#9951=MANIFOLD_SOLID_BREP('Part 59',#9207);
#9952=MANIFOLD_SOLID_BREP('Part 60',#9208);
#9953=MANIFOLD_SOLID_BREP('Part 61',#9209);
#9954=MANIFOLD_SOLID_BREP('Part 62',#9210);
#9955=MANIFOLD_SOLID_BREP('Part 63',#9211);
#9956=MANIFOLD_SOLID_BREP('Part 64',#9212);
#9957=MANIFOLD_SOLID_BREP('Part 65',#9213);
#9958=MANIFOLD_SOLID_BREP('Part 66',#9214);
#9959=MANIFOLD_SOLID_BREP('Part 67',#9215);
#9960=MANIFOLD_SOLID_BREP('Part 68',#9216);
#9961=MANIFOLD_SOLID_BREP('Part 69',#9217);
#9962=MANIFOLD_SOLID_BREP('Part 70',#9218);
#9963=MANIFOLD_SOLID_BREP('Part 71',#9219);
#9964=MANIFOLD_SOLID_BREP('Part 72',#9220);
#9965=MANIFOLD_SOLID_BREP('Part 73',#9221);
#9966=MANIFOLD_SOLID_BREP('Part 74',#9222);
#9967=MANIFOLD_SOLID_BREP('Part 75',#9223);
#9968=MANIFOLD_SOLID_BREP('Part 76',#9224);
#9969=MANIFOLD_SOLID_BREP('Part 77',#9225);
#9970=MANIFOLD_SOLID_BREP('Part 88',#9226);
#9971=MANIFOLD_SOLID_BREP('Part 89',#9227);
#9972=MANIFOLD_SOLID_BREP('Part 90',#9228);
#9973=MANIFOLD_SOLID_BREP('Part 91',#9229);
#9974=MANIFOLD_SOLID_BREP('Part 11',#9230);
#9975=MANIFOLD_SOLID_BREP('Part 92',#9231);
#9976=MANIFOLD_SOLID_BREP('Part 1',#9232);
#9977=SHAPE_DEFINITION_REPRESENTATION(#17747,#10069);
#9978=SHAPE_DEFINITION_REPRESENTATION(#17748,#10070);
#9979=SHAPE_DEFINITION_REPRESENTATION(#17749,#10071);
#9980=SHAPE_DEFINITION_REPRESENTATION(#17750,#10072);
#9981=SHAPE_DEFINITION_REPRESENTATION(#17751,#10073);
#9982=SHAPE_DEFINITION_REPRESENTATION(#17752,#10074);
#9983=SHAPE_DEFINITION_REPRESENTATION(#17753,#10075);
#9984=SHAPE_DEFINITION_REPRESENTATION(#17754,#10076);
#9985=SHAPE_DEFINITION_REPRESENTATION(#17755,#10077);
#9986=SHAPE_DEFINITION_REPRESENTATION(#17756,#10078);
#9987=SHAPE_DEFINITION_REPRESENTATION(#17757,#10079);
#9988=SHAPE_DEFINITION_REPRESENTATION(#17758,#10080);
#9989=SHAPE_DEFINITION_REPRESENTATION(#17759,#10081);
#9990=SHAPE_DEFINITION_REPRESENTATION(#17760,#10082);
#9991=SHAPE_DEFINITION_REPRESENTATION(#17761,#10083);
#9992=SHAPE_DEFINITION_REPRESENTATION(#17762,#10084);
#9993=SHAPE_DEFINITION_REPRESENTATION(#17763,#10085);
#9994=SHAPE_DEFINITION_REPRESENTATION(#17764,#10086);
#9995=SHAPE_DEFINITION_REPRESENTATION(#17765,#10087);
#9996=SHAPE_DEFINITION_REPRESENTATION(#17766,#10088);
#9997=SHAPE_DEFINITION_REPRESENTATION(#17767,#10089);
#9998=SHAPE_DEFINITION_REPRESENTATION(#17768,#10090);
#9999=SHAPE_DEFINITION_REPRESENTATION(#17769,#10091);
#10000=SHAPE_DEFINITION_REPRESENTATION(#17770,#10092);
#10001=SHAPE_DEFINITION_REPRESENTATION(#17771,#10093);
#10002=SHAPE_DEFINITION_REPRESENTATION(#17772,#10094);
#10003=SHAPE_DEFINITION_REPRESENTATION(#17773,#10095);
#10004=SHAPE_DEFINITION_REPRESENTATION(#17774,#10096);
#10005=SHAPE_DEFINITION_REPRESENTATION(#17775,#10097);
#10006=SHAPE_DEFINITION_REPRESENTATION(#17776,#10098);
#10007=SHAPE_DEFINITION_REPRESENTATION(#17777,#10099);
#10008=SHAPE_DEFINITION_REPRESENTATION(#17778,#10100);
#10009=SHAPE_DEFINITION_REPRESENTATION(#17779,#10101);
#10010=SHAPE_DEFINITION_REPRESENTATION(#17780,#10102);
#10011=SHAPE_DEFINITION_REPRESENTATION(#17781,#10103);
#10012=SHAPE_DEFINITION_REPRESENTATION(#17782,#10104);
#10013=SHAPE_DEFINITION_REPRESENTATION(#17783,#10105);
#10014=SHAPE_DEFINITION_REPRESENTATION(#17784,#10106);
#10015=SHAPE_DEFINITION_REPRESENTATION(#17785,#10107);
#10016=SHAPE_DEFINITION_REPRESENTATION(#17786,#10108);
#10017=SHAPE_DEFINITION_REPRESENTATION(#17787,#10109);
#10018=SHAPE_DEFINITION_REPRESENTATION(#17788,#10110);
#10019=SHAPE_DEFINITION_REPRESENTATION(#17789,#10111);
#10020=SHAPE_DEFINITION_REPRESENTATION(#17790,#10112);
#10021=SHAPE_DEFINITION_REPRESENTATION(#17791,#10113);
#10022=SHAPE_DEFINITION_REPRESENTATION(#17792,#10114);
#10023=SHAPE_DEFINITION_REPRESENTATION(#17793,#10115);
#10024=SHAPE_DEFINITION_REPRESENTATION(#17794,#10116);
#10025=SHAPE_DEFINITION_REPRESENTATION(#17795,#10117);
#10026=SHAPE_DEFINITION_REPRESENTATION(#17796,#10118);
#10027=SHAPE_DEFINITION_REPRESENTATION(#17797,#10119);
#10028=SHAPE_DEFINITION_REPRESENTATION(#17798,#10120);
#10029=SHAPE_DEFINITION_REPRESENTATION(#17799,#10121);
#10030=SHAPE_DEFINITION_REPRESENTATION(#17800,#10122);
#10031=SHAPE_DEFINITION_REPRESENTATION(#17801,#10123);
#10032=SHAPE_DEFINITION_REPRESENTATION(#17802,#10124);
#10033=SHAPE_DEFINITION_REPRESENTATION(#17803,#10125);
#10034=SHAPE_DEFINITION_REPRESENTATION(#17804,#10126);
#10035=SHAPE_DEFINITION_REPRESENTATION(#17805,#10127);
#10036=SHAPE_DEFINITION_REPRESENTATION(#17806,#10128);
#10037=SHAPE_DEFINITION_REPRESENTATION(#17807,#10129);
#10038=SHAPE_DEFINITION_REPRESENTATION(#17808,#10130);
#10039=SHAPE_DEFINITION_REPRESENTATION(#17809,#10131);
#10040=SHAPE_DEFINITION_REPRESENTATION(#17810,#10132);
#10041=SHAPE_DEFINITION_REPRESENTATION(#17811,#10133);
#10042=SHAPE_DEFINITION_REPRESENTATION(#17812,#10134);
#10043=SHAPE_DEFINITION_REPRESENTATION(#17813,#10135);
#10044=SHAPE_DEFINITION_REPRESENTATION(#17814,#10136);
#10045=SHAPE_DEFINITION_REPRESENTATION(#17815,#10137);
#10046=SHAPE_DEFINITION_REPRESENTATION(#17816,#10138);
#10047=SHAPE_DEFINITION_REPRESENTATION(#17817,#10139);
#10048=SHAPE_DEFINITION_REPRESENTATION(#17818,#10140);
#10049=SHAPE_DEFINITION_REPRESENTATION(#17819,#10141);
#10050=SHAPE_DEFINITION_REPRESENTATION(#17820,#10142);
#10051=SHAPE_DEFINITION_REPRESENTATION(#17821,#10143);
#10052=SHAPE_DEFINITION_REPRESENTATION(#17822,#10144);
#10053=SHAPE_DEFINITION_REPRESENTATION(#17823,#10145);
#10054=SHAPE_DEFINITION_REPRESENTATION(#17824,#10146);
#10055=SHAPE_DEFINITION_REPRESENTATION(#17825,#10147);
#10056=SHAPE_DEFINITION_REPRESENTATION(#17826,#10148);
#10057=SHAPE_DEFINITION_REPRESENTATION(#17827,#10149);
#10058=SHAPE_DEFINITION_REPRESENTATION(#17828,#10150);
#10059=SHAPE_DEFINITION_REPRESENTATION(#17829,#10151);
#10060=SHAPE_DEFINITION_REPRESENTATION(#17830,#10152);
#10061=SHAPE_DEFINITION_REPRESENTATION(#17831,#10153);
#10062=SHAPE_DEFINITION_REPRESENTATION(#17832,#10154);
#10063=SHAPE_DEFINITION_REPRESENTATION(#17833,#10155);
#10064=SHAPE_DEFINITION_REPRESENTATION(#17834,#10156);
#10065=SHAPE_DEFINITION_REPRESENTATION(#17835,#10157);
#10066=SHAPE_DEFINITION_REPRESENTATION(#17836,#10158);
#10067=SHAPE_DEFINITION_REPRESENTATION(#17837,#10159);
#10068=SHAPE_DEFINITION_REPRESENTATION(#17838,#10160);
#10069=SHAPE_REPRESENTATION('Part 14',(#10161),#17287);
#10070=SHAPE_REPRESENTATION('Part 15',(#10167),#17288);
#10071=SHAPE_REPRESENTATION('Part 16',(#10173),#17289);
#10072=SHAPE_REPRESENTATION('Part 17',(#10179),#17290);
#10073=SHAPE_REPRESENTATION('Part 18',(#10185),#17291);
#10074=SHAPE_REPRESENTATION('Part 19',(#10191),#17292);
#10075=SHAPE_REPRESENTATION('Part 20',(#10197),#17293);
#10076=SHAPE_REPRESENTATION('Part 21',(#10203),#17294);
#10077=SHAPE_REPRESENTATION('Part 22',(#10209),#17295);
#10078=SHAPE_REPRESENTATION('Part 44',(#10215),#17296);
#10079=SHAPE_REPRESENTATION('Part 46',(#10221),#17297);
#10080=SHAPE_REPRESENTATION('Part 47',(#10227),#17298);
#10081=SHAPE_REPRESENTATION('Part 48',(#10233),#17299);
#10082=SHAPE_REPRESENTATION('Part 49',(#10239),#17300);
#10083=SHAPE_REPRESENTATION('Part 51',(#10245),#17301);
#10084=SHAPE_REPRESENTATION('Part 52',(#10251),#17302);
#10085=SHAPE_REPRESENTATION('Part 53',(#10257),#17303);
#10086=SHAPE_REPRESENTATION('Part 54',(#10263),#17304);
#10087=SHAPE_REPRESENTATION('Part 56',(#10269),#17305);
#10088=SHAPE_REPRESENTATION('Part 57',(#10275),#17306);
#10089=SHAPE_REPRESENTATION('Part 58',(#10281),#17307);
#10090=SHAPE_REPRESENTATION('Part 78',(#10287),#17308);
#10091=SHAPE_REPRESENTATION('Part 79',(#10293),#17309);
#10092=SHAPE_REPRESENTATION('Part 80',(#10299),#17310);
#10093=SHAPE_REPRESENTATION('Part 81',(#10305),#17311);
#10094=SHAPE_REPRESENTATION('Part 82',(#10311),#17312);
#10095=SHAPE_REPRESENTATION('Part 83',(#10317),#17313);
#10096=SHAPE_REPRESENTATION('Part 84',(#10323),#17314);
#10097=SHAPE_REPRESENTATION('Part 85',(#10329),#17315);
#10098=SHAPE_REPRESENTATION('Part 86',(#10335),#17316);
#10099=SHAPE_REPRESENTATION('Part 87',(#10341),#17317);
#10100=SHAPE_REPRESENTATION('Part 2',(#10347),#17318);
#10101=SHAPE_REPRESENTATION('Part 3',(#10353),#17319);
#10102=SHAPE_REPRESENTATION('Part 4',(#10359),#17320);
#10103=SHAPE_REPRESENTATION('Part 5',(#10365),#17321);
#10104=SHAPE_REPRESENTATION('Part 6',(#10371),#17322);
#10105=SHAPE_REPRESENTATION('Part 7',(#10377),#17323);
#10106=SHAPE_REPRESENTATION('Part 8',(#10383),#17324);
#10107=SHAPE_REPRESENTATION('Part 9',(#10389),#17325);
#10108=SHAPE_REPRESENTATION('Part 10',(#10395),#17326);
#10109=SHAPE_REPRESENTATION('Part 12',(#10401),#17327);
#10110=SHAPE_REPRESENTATION('Part 13',(#10407),#17328);
#10111=SHAPE_REPRESENTATION('Part 23',(#10413),#17329);
#10112=SHAPE_REPRESENTATION('Part 24',(#10419),#17330);
#10113=SHAPE_REPRESENTATION('Part 25',(#10425),#17331);
#10114=SHAPE_REPRESENTATION('Part 26',(#10431),#17332);
#10115=SHAPE_REPRESENTATION('Part 27',(#10437),#17333);
#10116=SHAPE_REPRESENTATION('Part 28',(#10443),#17334);
#10117=SHAPE_REPRESENTATION('Part 29',(#10449),#17335);
#10118=SHAPE_REPRESENTATION('Part 30',(#10455),#17336);
#10119=SHAPE_REPRESENTATION('Part 31',(#10461),#17337);
#10120=SHAPE_REPRESENTATION('Part 32',(#10467),#17338);
#10121=SHAPE_REPRESENTATION('Part 33',(#10473),#17339);
#10122=SHAPE_REPRESENTATION('Part 34',(#10479),#17340);
#10123=SHAPE_REPRESENTATION('Part 35',(#10485),#17341);
#10124=SHAPE_REPRESENTATION('Part 36',(#10491),#17342);
#10125=SHAPE_REPRESENTATION('Part 37',(#10497),#17343);
#10126=SHAPE_REPRESENTATION('Part 38',(#10503),#17344);
#10127=SHAPE_REPRESENTATION('Part 39',(#10509),#17345);
#10128=SHAPE_REPRESENTATION('Part 40',(#10515),#17346);
#10129=SHAPE_REPRESENTATION('Part 41',(#10521),#17347);
#10130=SHAPE_REPRESENTATION('Part 42',(#10527),#17348);
#10131=SHAPE_REPRESENTATION('Part 43',(#10533),#17349);
#10132=SHAPE_REPRESENTATION('Part 45',(#10539),#17350);
#10133=SHAPE_REPRESENTATION('Part 50',(#10545),#17351);
#10134=SHAPE_REPRESENTATION('Part 55',(#10551),#17352);
#10135=SHAPE_REPRESENTATION('Part 59',(#10557),#17353);
#10136=SHAPE_REPRESENTATION('Part 60',(#10563),#17354);
#10137=SHAPE_REPRESENTATION('Part 61',(#10569),#17355);
#10138=SHAPE_REPRESENTATION('Part 62',(#10575),#17356);
#10139=SHAPE_REPRESENTATION('Part 63',(#10581),#17357);
#10140=SHAPE_REPRESENTATION('Part 64',(#10587),#17358);
#10141=SHAPE_REPRESENTATION('Part 65',(#10593),#17359);
#10142=SHAPE_REPRESENTATION('Part 66',(#10599),#17360);
#10143=SHAPE_REPRESENTATION('Part 67',(#10605),#17361);
#10144=SHAPE_REPRESENTATION('Part 68',(#10611),#17362);
#10145=SHAPE_REPRESENTATION('Part 69',(#10617),#17363);
#10146=SHAPE_REPRESENTATION('Part 70',(#10623),#17364);
#10147=SHAPE_REPRESENTATION('Part 71',(#10629),#17365);
#10148=SHAPE_REPRESENTATION('Part 72',(#10635),#17366);
#10149=SHAPE_REPRESENTATION('Part 73',(#10641),#17367);
#10150=SHAPE_REPRESENTATION('Part 74',(#10647),#17368);
#10151=SHAPE_REPRESENTATION('Part 75',(#10653),#17369);
#10152=SHAPE_REPRESENTATION('Part 76',(#10659),#17370);
#10153=SHAPE_REPRESENTATION('Part 77',(#10665),#17371);
#10154=SHAPE_REPRESENTATION('Part 88',(#10671),#17372);
#10155=SHAPE_REPRESENTATION('Part 89',(#10677),#17373);
#10156=SHAPE_REPRESENTATION('Part 90',(#10683),#17374);
#10157=SHAPE_REPRESENTATION('Part 91',(#10689),#17375);
#10158=SHAPE_REPRESENTATION('Part 11',(#10695),#17376);
#10159=SHAPE_REPRESENTATION('Part 92',(#10701),#17377);
#10160=SHAPE_REPRESENTATION('Part 1',(#10775),#17378);
#10161=AXIS2_PLACEMENT_3D('',#13924,#11239,#11240);
#10162=AXIS2_PLACEMENT_3D('',#13925,#11241,#11242);
#10163=AXIS2_PLACEMENT_3D('',#13926,#11243,#11244);
#10164=AXIS2_PLACEMENT_3D('',#13928,#11245,#11246);
#10165=AXIS2_PLACEMENT_3D('',#13930,#11247,#11248);
#10166=AXIS2_PLACEMENT_3D('',#13931,#11249,#11250);
#10167=AXIS2_PLACEMENT_3D('',#13932,#11251,#11252);
#10168=AXIS2_PLACEMENT_3D('',#13933,#11253,#11254);
#10169=AXIS2_PLACEMENT_3D('',#13934,#11255,#11256);
#10170=AXIS2_PLACEMENT_3D('',#13936,#11257,#11258);
#10171=AXIS2_PLACEMENT_3D('',#13938,#11259,#11260);
#10172=AXIS2_PLACEMENT_3D('',#13939,#11261,#11262);
#10173=AXIS2_PLACEMENT_3D('',#13940,#11263,#11264);
#10174=AXIS2_PLACEMENT_3D('',#13941,#11265,#11266);
#10175=AXIS2_PLACEMENT_3D('',#13942,#11267,#11268);
#10176=AXIS2_PLACEMENT_3D('',#13944,#11269,#11270);
#10177=AXIS2_PLACEMENT_3D('',#13946,#11271,#11272);
#10178=AXIS2_PLACEMENT_3D('',#13947,#11273,#11274);
#10179=AXIS2_PLACEMENT_3D('',#13948,#11275,#11276);
#10180=AXIS2_PLACEMENT_3D('',#13949,#11277,#11278);
#10181=AXIS2_PLACEMENT_3D('',#13950,#11279,#11280);
#10182=AXIS2_PLACEMENT_3D('',#13952,#11281,#11282);
#10183=AXIS2_PLACEMENT_3D('',#13954,#11283,#11284);
#10184=AXIS2_PLACEMENT_3D('',#13955,#11285,#11286);
#10185=AXIS2_PLACEMENT_3D('',#13956,#11287,#11288);
#10186=AXIS2_PLACEMENT_3D('',#13957,#11289,#11290);
#10187=AXIS2_PLACEMENT_3D('',#13958,#11291,#11292);
#10188=AXIS2_PLACEMENT_3D('',#13960,#11293,#11294);
#10189=AXIS2_PLACEMENT_3D('',#13962,#11295,#11296);
#10190=AXIS2_PLACEMENT_3D('',#13963,#11297,#11298);
#10191=AXIS2_PLACEMENT_3D('',#13964,#11299,#11300);
#10192=AXIS2_PLACEMENT_3D('',#13965,#11301,#11302);
#10193=AXIS2_PLACEMENT_3D('',#13966,#11303,#11304);
#10194=AXIS2_PLACEMENT_3D('',#13968,#11305,#11306);
#10195=AXIS2_PLACEMENT_3D('',#13970,#11307,#11308);
#10196=AXIS2_PLACEMENT_3D('',#13971,#11309,#11310);
#10197=AXIS2_PLACEMENT_3D('',#13972,#11311,#11312);
#10198=AXIS2_PLACEMENT_3D('',#13973,#11313,#11314);
#10199=AXIS2_PLACEMENT_3D('',#13974,#11315,#11316);
#10200=AXIS2_PLACEMENT_3D('',#13976,#11317,#11318);
#10201=AXIS2_PLACEMENT_3D('',#13978,#11319,#11320);
#10202=AXIS2_PLACEMENT_3D('',#13979,#11321,#11322);
#10203=AXIS2_PLACEMENT_3D('',#13980,#11323,#11324);
#10204=AXIS2_PLACEMENT_3D('',#13981,#11325,#11326);
#10205=AXIS2_PLACEMENT_3D('',#13982,#11327,#11328);
#10206=AXIS2_PLACEMENT_3D('',#13984,#11329,#11330);
#10207=AXIS2_PLACEMENT_3D('',#13986,#11331,#11332);
#10208=AXIS2_PLACEMENT_3D('',#13987,#11333,#11334);
#10209=AXIS2_PLACEMENT_3D('',#13988,#11335,#11336);
#10210=AXIS2_PLACEMENT_3D('',#13989,#11337,#11338);
#10211=AXIS2_PLACEMENT_3D('',#13990,#11339,#11340);
#10212=AXIS2_PLACEMENT_3D('',#13992,#11341,#11342);
#10213=AXIS2_PLACEMENT_3D('',#13994,#11343,#11344);
#10214=AXIS2_PLACEMENT_3D('',#13995,#11345,#11346);
#10215=AXIS2_PLACEMENT_3D('',#13996,#11347,#11348);
#10216=AXIS2_PLACEMENT_3D('',#13997,#11349,#11350);
#10217=AXIS2_PLACEMENT_3D('',#13998,#11351,#11352);
#10218=AXIS2_PLACEMENT_3D('',#14000,#11353,#11354);
#10219=AXIS2_PLACEMENT_3D('',#14002,#11355,#11356);
#10220=AXIS2_PLACEMENT_3D('',#14003,#11357,#11358);
#10221=AXIS2_PLACEMENT_3D('',#14004,#11359,#11360);
#10222=AXIS2_PLACEMENT_3D('',#14005,#11361,#11362);
#10223=AXIS2_PLACEMENT_3D('',#14006,#11363,#11364);
#10224=AXIS2_PLACEMENT_3D('',#14008,#11365,#11366);
#10225=AXIS2_PLACEMENT_3D('',#14010,#11367,#11368);
#10226=AXIS2_PLACEMENT_3D('',#14011,#11369,#11370);
#10227=AXIS2_PLACEMENT_3D('',#14012,#11371,#11372);
#10228=AXIS2_PLACEMENT_3D('',#14013,#11373,#11374);
#10229=AXIS2_PLACEMENT_3D('',#14014,#11375,#11376);
#10230=AXIS2_PLACEMENT_3D('',#14016,#11377,#11378);
#10231=AXIS2_PLACEMENT_3D('',#14018,#11379,#11380);
#10232=AXIS2_PLACEMENT_3D('',#14019,#11381,#11382);
#10233=AXIS2_PLACEMENT_3D('',#14020,#11383,#11384);
#10234=AXIS2_PLACEMENT_3D('',#14021,#11385,#11386);
#10235=AXIS2_PLACEMENT_3D('',#14022,#11387,#11388);
#10236=AXIS2_PLACEMENT_3D('',#14024,#11389,#11390);
#10237=AXIS2_PLACEMENT_3D('',#14026,#11391,#11392);
#10238=AXIS2_PLACEMENT_3D('',#14027,#11393,#11394);
#10239=AXIS2_PLACEMENT_3D('',#14028,#11395,#11396);
#10240=AXIS2_PLACEMENT_3D('',#14029,#11397,#11398);
#10241=AXIS2_PLACEMENT_3D('',#14030,#11399,#11400);
#10242=AXIS2_PLACEMENT_3D('',#14032,#11401,#11402);
#10243=AXIS2_PLACEMENT_3D('',#14034,#11403,#11404);
#10244=AXIS2_PLACEMENT_3D('',#14035,#11405,#11406);
#10245=AXIS2_PLACEMENT_3D('',#14036,#11407,#11408);
#10246=AXIS2_PLACEMENT_3D('',#14037,#11409,#11410);
#10247=AXIS2_PLACEMENT_3D('',#14038,#11411,#11412);
#10248=AXIS2_PLACEMENT_3D('',#14040,#11413,#11414);
#10249=AXIS2_PLACEMENT_3D('',#14042,#11415,#11416);
#10250=AXIS2_PLACEMENT_3D('',#14043,#11417,#11418);
#10251=AXIS2_PLACEMENT_3D('',#14044,#11419,#11420);
#10252=AXIS2_PLACEMENT_3D('',#14045,#11421,#11422);
#10253=AXIS2_PLACEMENT_3D('',#14046,#11423,#11424);
#10254=AXIS2_PLACEMENT_3D('',#14048,#11425,#11426);
#10255=AXIS2_PLACEMENT_3D('',#14050,#11427,#11428);
#10256=AXIS2_PLACEMENT_3D('',#14051,#11429,#11430);
#10257=AXIS2_PLACEMENT_3D('',#14052,#11431,#11432);
#10258=AXIS2_PLACEMENT_3D('',#14053,#11433,#11434);
#10259=AXIS2_PLACEMENT_3D('',#14054,#11435,#11436);
#10260=AXIS2_PLACEMENT_3D('',#14056,#11437,#11438);
#10261=AXIS2_PLACEMENT_3D('',#14058,#11439,#11440);
#10262=AXIS2_PLACEMENT_3D('',#14059,#11441,#11442);
#10263=AXIS2_PLACEMENT_3D('',#14060,#11443,#11444);
#10264=AXIS2_PLACEMENT_3D('',#14061,#11445,#11446);
#10265=AXIS2_PLACEMENT_3D('',#14062,#11447,#11448);
#10266=AXIS2_PLACEMENT_3D('',#14064,#11449,#11450);
#10267=AXIS2_PLACEMENT_3D('',#14066,#11451,#11452);
#10268=AXIS2_PLACEMENT_3D('',#14067,#11453,#11454);
#10269=AXIS2_PLACEMENT_3D('',#14068,#11455,#11456);
#10270=AXIS2_PLACEMENT_3D('',#14069,#11457,#11458);
#10271=AXIS2_PLACEMENT_3D('',#14070,#11459,#11460);
#10272=AXIS2_PLACEMENT_3D('',#14072,#11461,#11462);
#10273=AXIS2_PLACEMENT_3D('',#14074,#11463,#11464);
#10274=AXIS2_PLACEMENT_3D('',#14075,#11465,#11466);
#10275=AXIS2_PLACEMENT_3D('',#14076,#11467,#11468);
#10276=AXIS2_PLACEMENT_3D('',#14077,#11469,#11470);
#10277=AXIS2_PLACEMENT_3D('',#14078,#11471,#11472);
#10278=AXIS2_PLACEMENT_3D('',#14080,#11473,#11474);
#10279=AXIS2_PLACEMENT_3D('',#14082,#11475,#11476);
#10280=AXIS2_PLACEMENT_3D('',#14083,#11477,#11478);
#10281=AXIS2_PLACEMENT_3D('',#14084,#11479,#11480);
#10282=AXIS2_PLACEMENT_3D('',#14085,#11481,#11482);
#10283=AXIS2_PLACEMENT_3D('',#14086,#11483,#11484);
#10284=AXIS2_PLACEMENT_3D('',#14088,#11485,#11486);
#10285=AXIS2_PLACEMENT_3D('',#14090,#11487,#11488);
#10286=AXIS2_PLACEMENT_3D('',#14091,#11489,#11490);
#10287=AXIS2_PLACEMENT_3D('',#14092,#11491,#11492);
#10288=AXIS2_PLACEMENT_3D('',#14093,#11493,#11494);
#10289=AXIS2_PLACEMENT_3D('',#14094,#11495,#11496);
#10290=AXIS2_PLACEMENT_3D('',#14096,#11497,#11498);
#10291=AXIS2_PLACEMENT_3D('',#14098,#11499,#11500);
#10292=AXIS2_PLACEMENT_3D('',#14099,#11501,#11502);
#10293=AXIS2_PLACEMENT_3D('',#14100,#11503,#11504);
#10294=AXIS2_PLACEMENT_3D('',#14101,#11505,#11506);
#10295=AXIS2_PLACEMENT_3D('',#14102,#11507,#11508);
#10296=AXIS2_PLACEMENT_3D('',#14104,#11509,#11510);
#10297=AXIS2_PLACEMENT_3D('',#14106,#11511,#11512);
#10298=AXIS2_PLACEMENT_3D('',#14107,#11513,#11514);
#10299=AXIS2_PLACEMENT_3D('',#14108,#11515,#11516);
#10300=AXIS2_PLACEMENT_3D('',#14109,#11517,#11518);
#10301=AXIS2_PLACEMENT_3D('',#14110,#11519,#11520);
#10302=AXIS2_PLACEMENT_3D('',#14112,#11521,#11522);
#10303=AXIS2_PLACEMENT_3D('',#14114,#11523,#11524);
#10304=AXIS2_PLACEMENT_3D('',#14115,#11525,#11526);
#10305=AXIS2_PLACEMENT_3D('',#14116,#11527,#11528);
#10306=AXIS2_PLACEMENT_3D('',#14117,#11529,#11530);
#10307=AXIS2_PLACEMENT_3D('',#14118,#11531,#11532);
#10308=AXIS2_PLACEMENT_3D('',#14120,#11533,#11534);
#10309=AXIS2_PLACEMENT_3D('',#14122,#11535,#11536);
#10310=AXIS2_PLACEMENT_3D('',#14123,#11537,#11538);
#10311=AXIS2_PLACEMENT_3D('',#14124,#11539,#11540);
#10312=AXIS2_PLACEMENT_3D('',#14125,#11541,#11542);
#10313=AXIS2_PLACEMENT_3D('',#14126,#11543,#11544);
#10314=AXIS2_PLACEMENT_3D('',#14128,#11545,#11546);
#10315=AXIS2_PLACEMENT_3D('',#14130,#11547,#11548);
#10316=AXIS2_PLACEMENT_3D('',#14131,#11549,#11550);
#10317=AXIS2_PLACEMENT_3D('',#14132,#11551,#11552);
#10318=AXIS2_PLACEMENT_3D('',#14133,#11553,#11554);
#10319=AXIS2_PLACEMENT_3D('',#14134,#11555,#11556);
#10320=AXIS2_PLACEMENT_3D('',#14136,#11557,#11558);
#10321=AXIS2_PLACEMENT_3D('',#14138,#11559,#11560);
#10322=AXIS2_PLACEMENT_3D('',#14139,#11561,#11562);
#10323=AXIS2_PLACEMENT_3D('',#14140,#11563,#11564);
#10324=AXIS2_PLACEMENT_3D('',#14141,#11565,#11566);
#10325=AXIS2_PLACEMENT_3D('',#14142,#11567,#11568);
#10326=AXIS2_PLACEMENT_3D('',#14144,#11569,#11570);
#10327=AXIS2_PLACEMENT_3D('',#14146,#11571,#11572);
#10328=AXIS2_PLACEMENT_3D('',#14147,#11573,#11574);
#10329=AXIS2_PLACEMENT_3D('',#14148,#11575,#11576);
#10330=AXIS2_PLACEMENT_3D('',#14149,#11577,#11578);
#10331=AXIS2_PLACEMENT_3D('',#14150,#11579,#11580);
#10332=AXIS2_PLACEMENT_3D('',#14152,#11581,#11582);
#10333=AXIS2_PLACEMENT_3D('',#14154,#11583,#11584);
#10334=AXIS2_PLACEMENT_3D('',#14155,#11585,#11586);
#10335=AXIS2_PLACEMENT_3D('',#14156,#11587,#11588);
#10336=AXIS2_PLACEMENT_3D('',#14157,#11589,#11590);
#10337=AXIS2_PLACEMENT_3D('',#14158,#11591,#11592);
#10338=AXIS2_PLACEMENT_3D('',#14160,#11593,#11594);
#10339=AXIS2_PLACEMENT_3D('',#14162,#11595,#11596);
#10340=AXIS2_PLACEMENT_3D('',#14163,#11597,#11598);
#10341=AXIS2_PLACEMENT_3D('',#14164,#11599,#11600);
#10342=AXIS2_PLACEMENT_3D('',#14165,#11601,#11602);
#10343=AXIS2_PLACEMENT_3D('',#14166,#11603,#11604);
#10344=AXIS2_PLACEMENT_3D('',#14168,#11605,#11606);
#10345=AXIS2_PLACEMENT_3D('',#14170,#11607,#11608);
#10346=AXIS2_PLACEMENT_3D('',#14171,#11609,#11610);
#10347=AXIS2_PLACEMENT_3D('',#14172,#11611,#11612);
#10348=AXIS2_PLACEMENT_3D('',#14173,#11613,#11614);
#10349=AXIS2_PLACEMENT_3D('',#14174,#11615,#11616);
#10350=AXIS2_PLACEMENT_3D('',#14176,#11617,#11618);
#10351=AXIS2_PLACEMENT_3D('',#14178,#11619,#11620);
#10352=AXIS2_PLACEMENT_3D('',#14179,#11621,#11622);
#10353=AXIS2_PLACEMENT_3D('',#14180,#11623,#11624);
#10354=AXIS2_PLACEMENT_3D('',#14181,#11625,#11626);
#10355=AXIS2_PLACEMENT_3D('',#14182,#11627,#11628);
#10356=AXIS2_PLACEMENT_3D('',#14184,#11629,#11630);
#10357=AXIS2_PLACEMENT_3D('',#14186,#11631,#11632);
#10358=AXIS2_PLACEMENT_3D('',#14187,#11633,#11634);
#10359=AXIS2_PLACEMENT_3D('',#14188,#11635,#11636);
#10360=AXIS2_PLACEMENT_3D('',#14189,#11637,#11638);
#10361=AXIS2_PLACEMENT_3D('',#14190,#11639,#11640);
#10362=AXIS2_PLACEMENT_3D('',#14192,#11641,#11642);
#10363=AXIS2_PLACEMENT_3D('',#14194,#11643,#11644);
#10364=AXIS2_PLACEMENT_3D('',#14195,#11645,#11646);
#10365=AXIS2_PLACEMENT_3D('',#14196,#11647,#11648);
#10366=AXIS2_PLACEMENT_3D('',#14197,#11649,#11650);
#10367=AXIS2_PLACEMENT_3D('',#14198,#11651,#11652);
#10368=AXIS2_PLACEMENT_3D('',#14200,#11653,#11654);
#10369=AXIS2_PLACEMENT_3D('',#14202,#11655,#11656);
#10370=AXIS2_PLACEMENT_3D('',#14203,#11657,#11658);
#10371=AXIS2_PLACEMENT_3D('',#14204,#11659,#11660);
#10372=AXIS2_PLACEMENT_3D('',#14205,#11661,#11662);
#10373=AXIS2_PLACEMENT_3D('',#14206,#11663,#11664);
#10374=AXIS2_PLACEMENT_3D('',#14208,#11665,#11666);
#10375=AXIS2_PLACEMENT_3D('',#14210,#11667,#11668);
#10376=AXIS2_PLACEMENT_3D('',#14211,#11669,#11670);
#10377=AXIS2_PLACEMENT_3D('',#14212,#11671,#11672);
#10378=AXIS2_PLACEMENT_3D('',#14213,#11673,#11674);
#10379=AXIS2_PLACEMENT_3D('',#14214,#11675,#11676);
#10380=AXIS2_PLACEMENT_3D('',#14216,#11677,#11678);
#10381=AXIS2_PLACEMENT_3D('',#14218,#11679,#11680);
#10382=AXIS2_PLACEMENT_3D('',#14219,#11681,#11682);
#10383=AXIS2_PLACEMENT_3D('',#14220,#11683,#11684);
#10384=AXIS2_PLACEMENT_3D('',#14221,#11685,#11686);
#10385=AXIS2_PLACEMENT_3D('',#14222,#11687,#11688);
#10386=AXIS2_PLACEMENT_3D('',#14224,#11689,#11690);
#10387=AXIS2_PLACEMENT_3D('',#14226,#11691,#11692);
#10388=AXIS2_PLACEMENT_3D('',#14227,#11693,#11694);
#10389=AXIS2_PLACEMENT_3D('',#14228,#11695,#11696);
#10390=AXIS2_PLACEMENT_3D('',#14229,#11697,#11698);
#10391=AXIS2_PLACEMENT_3D('',#14230,#11699,#11700);
#10392=AXIS2_PLACEMENT_3D('',#14232,#11701,#11702);
#10393=AXIS2_PLACEMENT_3D('',#14234,#11703,#11704);
#10394=AXIS2_PLACEMENT_3D('',#14235,#11705,#11706);
#10395=AXIS2_PLACEMENT_3D('',#14236,#11707,#11708);
#10396=AXIS2_PLACEMENT_3D('',#14237,#11709,#11710);
#10397=AXIS2_PLACEMENT_3D('',#14238,#11711,#11712);
#10398=AXIS2_PLACEMENT_3D('',#14240,#11713,#11714);
#10399=AXIS2_PLACEMENT_3D('',#14242,#11715,#11716);
#10400=AXIS2_PLACEMENT_3D('',#14243,#11717,#11718);
#10401=AXIS2_PLACEMENT_3D('',#14244,#11719,#11720);
#10402=AXIS2_PLACEMENT_3D('',#14245,#11721,#11722);
#10403=AXIS2_PLACEMENT_3D('',#14246,#11723,#11724);
#10404=AXIS2_PLACEMENT_3D('',#14248,#11725,#11726);
#10405=AXIS2_PLACEMENT_3D('',#14250,#11727,#11728);
#10406=AXIS2_PLACEMENT_3D('',#14251,#11729,#11730);
#10407=AXIS2_PLACEMENT_3D('',#14252,#11731,#11732);
#10408=AXIS2_PLACEMENT_3D('',#14253,#11733,#11734);
#10409=AXIS2_PLACEMENT_3D('',#14254,#11735,#11736);
#10410=AXIS2_PLACEMENT_3D('',#14256,#11737,#11738);
#10411=AXIS2_PLACEMENT_3D('',#14258,#11739,#11740);
#10412=AXIS2_PLACEMENT_3D('',#14259,#11741,#11742);
#10413=AXIS2_PLACEMENT_3D('',#14260,#11743,#11744);
#10414=AXIS2_PLACEMENT_3D('',#14261,#11745,#11746);
#10415=AXIS2_PLACEMENT_3D('',#14262,#11747,#11748);
#10416=AXIS2_PLACEMENT_3D('',#14264,#11749,#11750);
#10417=AXIS2_PLACEMENT_3D('',#14266,#11751,#11752);
#10418=AXIS2_PLACEMENT_3D('',#14267,#11753,#11754);
#10419=AXIS2_PLACEMENT_3D('',#14268,#11755,#11756);
#10420=AXIS2_PLACEMENT_3D('',#14269,#11757,#11758);
#10421=AXIS2_PLACEMENT_3D('',#14270,#11759,#11760);
#10422=AXIS2_PLACEMENT_3D('',#14272,#11761,#11762);
#10423=AXIS2_PLACEMENT_3D('',#14274,#11763,#11764);
#10424=AXIS2_PLACEMENT_3D('',#14275,#11765,#11766);
#10425=AXIS2_PLACEMENT_3D('',#14276,#11767,#11768);
#10426=AXIS2_PLACEMENT_3D('',#14277,#11769,#11770);
#10427=AXIS2_PLACEMENT_3D('',#14278,#11771,#11772);
#10428=AXIS2_PLACEMENT_3D('',#14280,#11773,#11774);
#10429=AXIS2_PLACEMENT_3D('',#14282,#11775,#11776);
#10430=AXIS2_PLACEMENT_3D('',#14283,#11777,#11778);
#10431=AXIS2_PLACEMENT_3D('',#14284,#11779,#11780);
#10432=AXIS2_PLACEMENT_3D('',#14285,#11781,#11782);
#10433=AXIS2_PLACEMENT_3D('',#14286,#11783,#11784);
#10434=AXIS2_PLACEMENT_3D('',#14288,#11785,#11786);
#10435=AXIS2_PLACEMENT_3D('',#14290,#11787,#11788);
#10436=AXIS2_PLACEMENT_3D('',#14291,#11789,#11790);
#10437=AXIS2_PLACEMENT_3D('',#14292,#11791,#11792);
#10438=AXIS2_PLACEMENT_3D('',#14293,#11793,#11794);
#10439=AXIS2_PLACEMENT_3D('',#14294,#11795,#11796);
#10440=AXIS2_PLACEMENT_3D('',#14296,#11797,#11798);
#10441=AXIS2_PLACEMENT_3D('',#14298,#11799,#11800);
#10442=AXIS2_PLACEMENT_3D('',#14299,#11801,#11802);
#10443=AXIS2_PLACEMENT_3D('',#14300,#11803,#11804);
#10444=AXIS2_PLACEMENT_3D('',#14301,#11805,#11806);
#10445=AXIS2_PLACEMENT_3D('',#14302,#11807,#11808);
#10446=AXIS2_PLACEMENT_3D('',#14304,#11809,#11810);
#10447=AXIS2_PLACEMENT_3D('',#14306,#11811,#11812);
#10448=AXIS2_PLACEMENT_3D('',#14307,#11813,#11814);
#10449=AXIS2_PLACEMENT_3D('',#14308,#11815,#11816);
#10450=AXIS2_PLACEMENT_3D('',#14309,#11817,#11818);
#10451=AXIS2_PLACEMENT_3D('',#14310,#11819,#11820);
#10452=AXIS2_PLACEMENT_3D('',#14312,#11821,#11822);
#10453=AXIS2_PLACEMENT_3D('',#14314,#11823,#11824);
#10454=AXIS2_PLACEMENT_3D('',#14315,#11825,#11826);
#10455=AXIS2_PLACEMENT_3D('',#14316,#11827,#11828);
#10456=AXIS2_PLACEMENT_3D('',#14317,#11829,#11830);
#10457=AXIS2_PLACEMENT_3D('',#14318,#11831,#11832);
#10458=AXIS2_PLACEMENT_3D('',#14320,#11833,#11834);
#10459=AXIS2_PLACEMENT_3D('',#14322,#11835,#11836);
#10460=AXIS2_PLACEMENT_3D('',#14323,#11837,#11838);
#10461=AXIS2_PLACEMENT_3D('',#14324,#11839,#11840);
#10462=AXIS2_PLACEMENT_3D('',#14325,#11841,#11842);
#10463=AXIS2_PLACEMENT_3D('',#14326,#11843,#11844);
#10464=AXIS2_PLACEMENT_3D('',#14328,#11845,#11846);
#10465=AXIS2_PLACEMENT_3D('',#14330,#11847,#11848);
#10466=AXIS2_PLACEMENT_3D('',#14331,#11849,#11850);
#10467=AXIS2_PLACEMENT_3D('',#14332,#11851,#11852);
#10468=AXIS2_PLACEMENT_3D('',#14333,#11853,#11854);
#10469=AXIS2_PLACEMENT_3D('',#14334,#11855,#11856);
#10470=AXIS2_PLACEMENT_3D('',#14336,#11857,#11858);
#10471=AXIS2_PLACEMENT_3D('',#14338,#11859,#11860);
#10472=AXIS2_PLACEMENT_3D('',#14339,#11861,#11862);
#10473=AXIS2_PLACEMENT_3D('',#14340,#11863,#11864);
#10474=AXIS2_PLACEMENT_3D('',#14341,#11865,#11866);
#10475=AXIS2_PLACEMENT_3D('',#14342,#11867,#11868);
#10476=AXIS2_PLACEMENT_3D('',#14344,#11869,#11870);
#10477=AXIS2_PLACEMENT_3D('',#14346,#11871,#11872);
#10478=AXIS2_PLACEMENT_3D('',#14347,#11873,#11874);
#10479=AXIS2_PLACEMENT_3D('',#14348,#11875,#11876);
#10480=AXIS2_PLACEMENT_3D('',#14349,#11877,#11878);
#10481=AXIS2_PLACEMENT_3D('',#14350,#11879,#11880);
#10482=AXIS2_PLACEMENT_3D('',#14352,#11881,#11882);
#10483=AXIS2_PLACEMENT_3D('',#14354,#11883,#11884);
#10484=AXIS2_PLACEMENT_3D('',#14355,#11885,#11886);
#10485=AXIS2_PLACEMENT_3D('',#14356,#11887,#11888);
#10486=AXIS2_PLACEMENT_3D('',#14357,#11889,#11890);
#10487=AXIS2_PLACEMENT_3D('',#14358,#11891,#11892);
#10488=AXIS2_PLACEMENT_3D('',#14360,#11893,#11894);
#10489=AXIS2_PLACEMENT_3D('',#14362,#11895,#11896);
#10490=AXIS2_PLACEMENT_3D('',#14363,#11897,#11898);
#10491=AXIS2_PLACEMENT_3D('',#14364,#11899,#11900);
#10492=AXIS2_PLACEMENT_3D('',#14365,#11901,#11902);
#10493=AXIS2_PLACEMENT_3D('',#14366,#11903,#11904);
#10494=AXIS2_PLACEMENT_3D('',#14368,#11905,#11906);
#10495=AXIS2_PLACEMENT_3D('',#14370,#11907,#11908);
#10496=AXIS2_PLACEMENT_3D('',#14371,#11909,#11910);
#10497=AXIS2_PLACEMENT_3D('',#14372,#11911,#11912);
#10498=AXIS2_PLACEMENT_3D('',#14373,#11913,#11914);
#10499=AXIS2_PLACEMENT_3D('',#14374,#11915,#11916);
#10500=AXIS2_PLACEMENT_3D('',#14376,#11917,#11918);
#10501=AXIS2_PLACEMENT_3D('',#14378,#11919,#11920);
#10502=AXIS2_PLACEMENT_3D('',#14379,#11921,#11922);
#10503=AXIS2_PLACEMENT_3D('',#14380,#11923,#11924);
#10504=AXIS2_PLACEMENT_3D('',#14381,#11925,#11926);
#10505=AXIS2_PLACEMENT_3D('',#14382,#11927,#11928);
#10506=AXIS2_PLACEMENT_3D('',#14384,#11929,#11930);
#10507=AXIS2_PLACEMENT_3D('',#14386,#11931,#11932);
#10508=AXIS2_PLACEMENT_3D('',#14387,#11933,#11934);
#10509=AXIS2_PLACEMENT_3D('',#14388,#11935,#11936);
#10510=AXIS2_PLACEMENT_3D('',#14389,#11937,#11938);
#10511=AXIS2_PLACEMENT_3D('',#14390,#11939,#11940);
#10512=AXIS2_PLACEMENT_3D('',#14392,#11941,#11942);
#10513=AXIS2_PLACEMENT_3D('',#14394,#11943,#11944);
#10514=AXIS2_PLACEMENT_3D('',#14395,#11945,#11946);
#10515=AXIS2_PLACEMENT_3D('',#14396,#11947,#11948);
#10516=AXIS2_PLACEMENT_3D('',#14397,#11949,#11950);
#10517=AXIS2_PLACEMENT_3D('',#14398,#11951,#11952);
#10518=AXIS2_PLACEMENT_3D('',#14400,#11953,#11954);
#10519=AXIS2_PLACEMENT_3D('',#14402,#11955,#11956);
#10520=AXIS2_PLACEMENT_3D('',#14403,#11957,#11958);
#10521=AXIS2_PLACEMENT_3D('',#14404,#11959,#11960);
#10522=AXIS2_PLACEMENT_3D('',#14405,#11961,#11962);
#10523=AXIS2_PLACEMENT_3D('',#14406,#11963,#11964);
#10524=AXIS2_PLACEMENT_3D('',#14408,#11965,#11966);
#10525=AXIS2_PLACEMENT_3D('',#14410,#11967,#11968);
#10526=AXIS2_PLACEMENT_3D('',#14411,#11969,#11970);
#10527=AXIS2_PLACEMENT_3D('',#14412,#11971,#11972);
#10528=AXIS2_PLACEMENT_3D('',#14413,#11973,#11974);
#10529=AXIS2_PLACEMENT_3D('',#14414,#11975,#11976);
#10530=AXIS2_PLACEMENT_3D('',#14416,#11977,#11978);
#10531=AXIS2_PLACEMENT_3D('',#14418,#11979,#11980);
#10532=AXIS2_PLACEMENT_3D('',#14419,#11981,#11982);
#10533=AXIS2_PLACEMENT_3D('',#14420,#11983,#11984);
#10534=AXIS2_PLACEMENT_3D('',#14421,#11985,#11986);
#10535=AXIS2_PLACEMENT_3D('',#14422,#11987,#11988);
#10536=AXIS2_PLACEMENT_3D('',#14424,#11989,#11990);
#10537=AXIS2_PLACEMENT_3D('',#14426,#11991,#11992);
#10538=AXIS2_PLACEMENT_3D('',#14427,#11993,#11994);
#10539=AXIS2_PLACEMENT_3D('',#14428,#11995,#11996);
#10540=AXIS2_PLACEMENT_3D('',#14429,#11997,#11998);
#10541=AXIS2_PLACEMENT_3D('',#14430,#11999,#12000);
#10542=AXIS2_PLACEMENT_3D('',#14432,#12001,#12002);
#10543=AXIS2_PLACEMENT_3D('',#14434,#12003,#12004);
#10544=AXIS2_PLACEMENT_3D('',#14435,#12005,#12006);
#10545=AXIS2_PLACEMENT_3D('',#14436,#12007,#12008);
#10546=AXIS2_PLACEMENT_3D('',#14437,#12009,#12010);
#10547=AXIS2_PLACEMENT_3D('',#14438,#12011,#12012);
#10548=AXIS2_PLACEMENT_3D('',#14440,#12013,#12014);
#10549=AXIS2_PLACEMENT_3D('',#14442,#12015,#12016);
#10550=AXIS2_PLACEMENT_3D('',#14443,#12017,#12018);
#10551=AXIS2_PLACEMENT_3D('',#14444,#12019,#12020);
#10552=AXIS2_PLACEMENT_3D('',#14445,#12021,#12022);
#10553=AXIS2_PLACEMENT_3D('',#14446,#12023,#12024);
#10554=AXIS2_PLACEMENT_3D('',#14448,#12025,#12026);
#10555=AXIS2_PLACEMENT_3D('',#14450,#12027,#12028);
#10556=AXIS2_PLACEMENT_3D('',#14451,#12029,#12030);
#10557=AXIS2_PLACEMENT_3D('',#14452,#12031,#12032);
#10558=AXIS2_PLACEMENT_3D('',#14453,#12033,#12034);
#10559=AXIS2_PLACEMENT_3D('',#14454,#12035,#12036);
#10560=AXIS2_PLACEMENT_3D('',#14456,#12037,#12038);
#10561=AXIS2_PLACEMENT_3D('',#14458,#12039,#12040);
#10562=AXIS2_PLACEMENT_3D('',#14459,#12041,#12042);
#10563=AXIS2_PLACEMENT_3D('',#14460,#12043,#12044);
#10564=AXIS2_PLACEMENT_3D('',#14461,#12045,#12046);
#10565=AXIS2_PLACEMENT_3D('',#14462,#12047,#12048);
#10566=AXIS2_PLACEMENT_3D('',#14464,#12049,#12050);
#10567=AXIS2_PLACEMENT_3D('',#14466,#12051,#12052);
#10568=AXIS2_PLACEMENT_3D('',#14467,#12053,#12054);
#10569=AXIS2_PLACEMENT_3D('',#14468,#12055,#12056);
#10570=AXIS2_PLACEMENT_3D('',#14469,#12057,#12058);
#10571=AXIS2_PLACEMENT_3D('',#14470,#12059,#12060);
#10572=AXIS2_PLACEMENT_3D('',#14472,#12061,#12062);
#10573=AXIS2_PLACEMENT_3D('',#14474,#12063,#12064);
#10574=AXIS2_PLACEMENT_3D('',#14475,#12065,#12066);
#10575=AXIS2_PLACEMENT_3D('',#14476,#12067,#12068);
#10576=AXIS2_PLACEMENT_3D('',#14477,#12069,#12070);
#10577=AXIS2_PLACEMENT_3D('',#14478,#12071,#12072);
#10578=AXIS2_PLACEMENT_3D('',#14480,#12073,#12074);
#10579=AXIS2_PLACEMENT_3D('',#14482,#12075,#12076);
#10580=AXIS2_PLACEMENT_3D('',#14483,#12077,#12078);
#10581=AXIS2_PLACEMENT_3D('',#14484,#12079,#12080);
#10582=AXIS2_PLACEMENT_3D('',#14485,#12081,#12082);
#10583=AXIS2_PLACEMENT_3D('',#14486,#12083,#12084);
#10584=AXIS2_PLACEMENT_3D('',#14488,#12085,#12086);
#10585=AXIS2_PLACEMENT_3D('',#14490,#12087,#12088);
#10586=AXIS2_PLACEMENT_3D('',#14491,#12089,#12090);
#10587=AXIS2_PLACEMENT_3D('',#14492,#12091,#12092);
#10588=AXIS2_PLACEMENT_3D('',#14493,#12093,#12094);
#10589=AXIS2_PLACEMENT_3D('',#14494,#12095,#12096);
#10590=AXIS2_PLACEMENT_3D('',#14496,#12097,#12098);
#10591=AXIS2_PLACEMENT_3D('',#14498,#12099,#12100);
#10592=AXIS2_PLACEMENT_3D('',#14499,#12101,#12102);
#10593=AXIS2_PLACEMENT_3D('',#14500,#12103,#12104);
#10594=AXIS2_PLACEMENT_3D('',#14501,#12105,#12106);
#10595=AXIS2_PLACEMENT_3D('',#14502,#12107,#12108);
#10596=AXIS2_PLACEMENT_3D('',#14504,#12109,#12110);
#10597=AXIS2_PLACEMENT_3D('',#14506,#12111,#12112);
#10598=AXIS2_PLACEMENT_3D('',#14507,#12113,#12114);
#10599=AXIS2_PLACEMENT_3D('',#14508,#12115,#12116);
#10600=AXIS2_PLACEMENT_3D('',#14509,#12117,#12118);
#10601=AXIS2_PLACEMENT_3D('',#14510,#12119,#12120);
#10602=AXIS2_PLACEMENT_3D('',#14512,#12121,#12122);
#10603=AXIS2_PLACEMENT_3D('',#14514,#12123,#12124);
#10604=AXIS2_PLACEMENT_3D('',#14515,#12125,#12126);
#10605=AXIS2_PLACEMENT_3D('',#14516,#12127,#12128);
#10606=AXIS2_PLACEMENT_3D('',#14517,#12129,#12130);
#10607=AXIS2_PLACEMENT_3D('',#14518,#12131,#12132);
#10608=AXIS2_PLACEMENT_3D('',#14520,#12133,#12134);
#10609=AXIS2_PLACEMENT_3D('',#14522,#12135,#12136);
#10610=AXIS2_PLACEMENT_3D('',#14523,#12137,#12138);
#10611=AXIS2_PLACEMENT_3D('',#14524,#12139,#12140);
#10612=AXIS2_PLACEMENT_3D('',#14525,#12141,#12142);
#10613=AXIS2_PLACEMENT_3D('',#14526,#12143,#12144);
#10614=AXIS2_PLACEMENT_3D('',#14528,#12145,#12146);
#10615=AXIS2_PLACEMENT_3D('',#14530,#12147,#12148);
#10616=AXIS2_PLACEMENT_3D('',#14531,#12149,#12150);
#10617=AXIS2_PLACEMENT_3D('',#14532,#12151,#12152);
#10618=AXIS2_PLACEMENT_3D('',#14533,#12153,#12154);
#10619=AXIS2_PLACEMENT_3D('',#14534,#12155,#12156);
#10620=AXIS2_PLACEMENT_3D('',#14536,#12157,#12158);
#10621=AXIS2_PLACEMENT_3D('',#14538,#12159,#12160);
#10622=AXIS2_PLACEMENT_3D('',#14539,#12161,#12162);
#10623=AXIS2_PLACEMENT_3D('',#14540,#12163,#12164);
#10624=AXIS2_PLACEMENT_3D('',#14541,#12165,#12166);
#10625=AXIS2_PLACEMENT_3D('',#14542,#12167,#12168);
#10626=AXIS2_PLACEMENT_3D('',#14544,#12169,#12170);
#10627=AXIS2_PLACEMENT_3D('',#14546,#12171,#12172);
#10628=AXIS2_PLACEMENT_3D('',#14547,#12173,#12174);
#10629=AXIS2_PLACEMENT_3D('',#14548,#12175,#12176);
#10630=AXIS2_PLACEMENT_3D('',#14549,#12177,#12178);
#10631=AXIS2_PLACEMENT_3D('',#14550,#12179,#12180);
#10632=AXIS2_PLACEMENT_3D('',#14552,#12181,#12182);
#10633=AXIS2_PLACEMENT_3D('',#14554,#12183,#12184);
#10634=AXIS2_PLACEMENT_3D('',#14555,#12185,#12186);
#10635=AXIS2_PLACEMENT_3D('',#14556,#12187,#12188);
#10636=AXIS2_PLACEMENT_3D('',#14557,#12189,#12190);
#10637=AXIS2_PLACEMENT_3D('',#14558,#12191,#12192);
#10638=AXIS2_PLACEMENT_3D('',#14560,#12193,#12194);
#10639=AXIS2_PLACEMENT_3D('',#14562,#12195,#12196);
#10640=AXIS2_PLACEMENT_3D('',#14563,#12197,#12198);
#10641=AXIS2_PLACEMENT_3D('',#14564,#12199,#12200);
#10642=AXIS2_PLACEMENT_3D('',#14565,#12201,#12202);
#10643=AXIS2_PLACEMENT_3D('',#14566,#12203,#12204);
#10644=AXIS2_PLACEMENT_3D('',#14568,#12205,#12206);
#10645=AXIS2_PLACEMENT_3D('',#14570,#12207,#12208);
#10646=AXIS2_PLACEMENT_3D('',#14571,#12209,#12210);
#10647=AXIS2_PLACEMENT_3D('',#14572,#12211,#12212);
#10648=AXIS2_PLACEMENT_3D('',#14573,#12213,#12214);
#10649=AXIS2_PLACEMENT_3D('',#14574,#12215,#12216);
#10650=AXIS2_PLACEMENT_3D('',#14576,#12217,#12218);
#10651=AXIS2_PLACEMENT_3D('',#14578,#12219,#12220);
#10652=AXIS2_PLACEMENT_3D('',#14579,#12221,#12222);
#10653=AXIS2_PLACEMENT_3D('',#14580,#12223,#12224);
#10654=AXIS2_PLACEMENT_3D('',#14581,#12225,#12226);
#10655=AXIS2_PLACEMENT_3D('',#14582,#12227,#12228);
#10656=AXIS2_PLACEMENT_3D('',#14584,#12229,#12230);
#10657=AXIS2_PLACEMENT_3D('',#14586,#12231,#12232);
#10658=AXIS2_PLACEMENT_3D('',#14587,#12233,#12234);
#10659=AXIS2_PLACEMENT_3D('',#14588,#12235,#12236);
#10660=AXIS2_PLACEMENT_3D('',#14589,#12237,#12238);
#10661=AXIS2_PLACEMENT_3D('',#14590,#12239,#12240);
#10662=AXIS2_PLACEMENT_3D('',#14592,#12241,#12242);
#10663=AXIS2_PLACEMENT_3D('',#14594,#12243,#12244);
#10664=AXIS2_PLACEMENT_3D('',#14595,#12245,#12246);
#10665=AXIS2_PLACEMENT_3D('',#14596,#12247,#12248);
#10666=AXIS2_PLACEMENT_3D('',#14597,#12249,#12250);
#10667=AXIS2_PLACEMENT_3D('',#14598,#12251,#12252);
#10668=AXIS2_PLACEMENT_3D('',#14600,#12253,#12254);
#10669=AXIS2_PLACEMENT_3D('',#14602,#12255,#12256);
#10670=AXIS2_PLACEMENT_3D('',#14603,#12257,#12258);
#10671=AXIS2_PLACEMENT_3D('',#14604,#12259,#12260);
#10672=AXIS2_PLACEMENT_3D('',#14605,#12261,#12262);
#10673=AXIS2_PLACEMENT_3D('',#14606,#12263,#12264);
#10674=AXIS2_PLACEMENT_3D('',#14608,#12265,#12266);
#10675=AXIS2_PLACEMENT_3D('',#14610,#12267,#12268);
#10676=AXIS2_PLACEMENT_3D('',#14611,#12269,#12270);
#10677=AXIS2_PLACEMENT_3D('',#14612,#12271,#12272);
#10678=AXIS2_PLACEMENT_3D('',#14613,#12273,#12274);
#10679=AXIS2_PLACEMENT_3D('',#14614,#12275,#12276);
#10680=AXIS2_PLACEMENT_3D('',#14616,#12277,#12278);
#10681=AXIS2_PLACEMENT_3D('',#14618,#12279,#12280);
#10682=AXIS2_PLACEMENT_3D('',#14619,#12281,#12282);
#10683=AXIS2_PLACEMENT_3D('',#14620,#12283,#12284);
#10684=AXIS2_PLACEMENT_3D('',#14621,#12285,#12286);
#10685=AXIS2_PLACEMENT_3D('',#14622,#12287,#12288);
#10686=AXIS2_PLACEMENT_3D('',#14624,#12289,#12290);
#10687=AXIS2_PLACEMENT_3D('',#14626,#12291,#12292);
#10688=AXIS2_PLACEMENT_3D('',#14627,#12293,#12294);
#10689=AXIS2_PLACEMENT_3D('',#14628,#12295,#12296);
#10690=AXIS2_PLACEMENT_3D('',#14629,#12297,#12298);
#10691=AXIS2_PLACEMENT_3D('',#14630,#12299,#12300);
#10692=AXIS2_PLACEMENT_3D('',#14632,#12301,#12302);
#10693=AXIS2_PLACEMENT_3D('',#14634,#12303,#12304);
#10694=AXIS2_PLACEMENT_3D('',#14635,#12305,#12306);
#10695=AXIS2_PLACEMENT_3D('',#14636,#12307,#12308);
#10696=AXIS2_PLACEMENT_3D('',#14637,#12309,#12310);
#10697=AXIS2_PLACEMENT_3D('',#14638,#12311,#12312);
#10698=AXIS2_PLACEMENT_3D('',#14640,#12313,#12314);
#10699=AXIS2_PLACEMENT_3D('',#14642,#12315,#12316);
#10700=AXIS2_PLACEMENT_3D('',#14643,#12317,#12318);
#10701=AXIS2_PLACEMENT_3D('',#14644,#12319,#12320);
#10702=AXIS2_PLACEMENT_3D('',#14645,#12321,#12322);
#10703=AXIS2_PLACEMENT_3D('',#14654,#12327,#12328);
#10704=AXIS2_PLACEMENT_3D('',#14660,#12332,#12333);
#10705=AXIS2_PLACEMENT_3D('',#14666,#12337,#12338);
#10706=AXIS2_PLACEMENT_3D('',#14675,#12343,#12344);
#10707=AXIS2_PLACEMENT_3D('',#14681,#12348,#12349);
#10708=AXIS2_PLACEMENT_3D('',#14687,#12353,#12354);
#10709=AXIS2_PLACEMENT_3D('',#14696,#12359,#12360);
#10710=AXIS2_PLACEMENT_3D('',#14702,#12364,#12365);
#10711=AXIS2_PLACEMENT_3D('',#14708,#12369,#12370);
#10712=AXIS2_PLACEMENT_3D('',#14717,#12375,#12376);
#10713=AXIS2_PLACEMENT_3D('',#14723,#12380,#12381);
#10714=AXIS2_PLACEMENT_3D('',#14729,#12385,#12386);
#10715=AXIS2_PLACEMENT_3D('',#14738,#12391,#12392);
#10716=AXIS2_PLACEMENT_3D('',#14744,#12396,#12397);
#10717=AXIS2_PLACEMENT_3D('',#14753,#12402,#12403);
#10718=AXIS2_PLACEMENT_3D('',#14759,#12407,#12408);
#10719=AXIS2_PLACEMENT_3D('',#14768,#12413,#12414);
#10720=AXIS2_PLACEMENT_3D('',#14774,#12418,#12419);
#10721=AXIS2_PLACEMENT_3D('',#14780,#12423,#12424);
#10722=AXIS2_PLACEMENT_3D('',#14786,#12428,#12429);
#10723=AXIS2_PLACEMENT_3D('',#14792,#12433,#12434);
#10724=AXIS2_PLACEMENT_3D('',#14798,#12438,#12439);
#10725=AXIS2_PLACEMENT_3D('',#14804,#12443,#12444);
#10726=AXIS2_PLACEMENT_3D('',#14810,#12448,#12449);
#10727=AXIS2_PLACEMENT_3D('',#14816,#12453,#12454);
#10728=AXIS2_PLACEMENT_3D('',#14822,#12458,#12459);
#10729=AXIS2_PLACEMENT_3D('',#14828,#12463,#12464);
#10730=AXIS2_PLACEMENT_3D('',#14834,#12468,#12469);
#10731=AXIS2_PLACEMENT_3D('',#14840,#12473,#12474);
#10732=AXIS2_PLACEMENT_3D('',#14846,#12478,#12479);
#10733=AXIS2_PLACEMENT_3D('',#14852,#12483,#12484);
#10734=AXIS2_PLACEMENT_3D('',#14858,#12488,#12489);
#10735=AXIS2_PLACEMENT_3D('',#14864,#12493,#12494);
#10736=AXIS2_PLACEMENT_3D('',#14870,#12498,#12499);
#10737=AXIS2_PLACEMENT_3D('',#14876,#12503,#12504);
#10738=AXIS2_PLACEMENT_3D('',#14882,#12508,#12509);
#10739=AXIS2_PLACEMENT_3D('',#14888,#12513,#12514);
#10740=AXIS2_PLACEMENT_3D('',#14894,#12518,#12519);
#10741=AXIS2_PLACEMENT_3D('',#14900,#12523,#12524);
#10742=AXIS2_PLACEMENT_3D('',#14906,#12528,#12529);
#10743=AXIS2_PLACEMENT_3D('',#14912,#12533,#12534);
#10744=AXIS2_PLACEMENT_3D('',#14918,#12538,#12539);
#10745=AXIS2_PLACEMENT_3D('',#14924,#12543,#12544);
#10746=AXIS2_PLACEMENT_3D('',#14930,#12548,#12549);
#10747=AXIS2_PLACEMENT_3D('',#14936,#12553,#12554);
#10748=AXIS2_PLACEMENT_3D('',#14942,#12558,#12559);
#10749=AXIS2_PLACEMENT_3D('',#14948,#12563,#12564);
#10750=AXIS2_PLACEMENT_3D('',#14954,#12568,#12569);
#10751=AXIS2_PLACEMENT_3D('',#14960,#12573,#12574);
#10752=AXIS2_PLACEMENT_3D('',#14966,#12578,#12579);
#10753=AXIS2_PLACEMENT_3D('',#14972,#12583,#12584);
#10754=AXIS2_PLACEMENT_3D('',#14978,#12588,#12589);
#10755=AXIS2_PLACEMENT_3D('',#14984,#12593,#12594);
#10756=AXIS2_PLACEMENT_3D('',#14990,#12598,#12599);
#10757=AXIS2_PLACEMENT_3D('',#14996,#12603,#12604);
#10758=AXIS2_PLACEMENT_3D('',#15002,#12608,#12609);
#10759=AXIS2_PLACEMENT_3D('',#15008,#12613,#12614);
#10760=AXIS2_PLACEMENT_3D('',#15014,#12618,#12619);
#10761=AXIS2_PLACEMENT_3D('',#15020,#12623,#12624);
#10762=AXIS2_PLACEMENT_3D('',#15026,#12628,#12629);
#10763=AXIS2_PLACEMENT_3D('',#15032,#12633,#12634);
#10764=AXIS2_PLACEMENT_3D('',#15038,#12638,#12639);
#10765=AXIS2_PLACEMENT_3D('',#15044,#12643,#12644);
#10766=AXIS2_PLACEMENT_3D('',#15050,#12648,#12649);
#10767=AXIS2_PLACEMENT_3D('',#15053,#12652,#12653);
#10768=AXIS2_PLACEMENT_3D('',#15056,#12656,#12657);
#10769=AXIS2_PLACEMENT_3D('',#15059,#12660,#12661);
#10770=AXIS2_PLACEMENT_3D('',#15062,#12664,#12665);
#10771=AXIS2_PLACEMENT_3D('',#15065,#12668,#12669);
#10772=AXIS2_PLACEMENT_3D('',#15068,#12672,#12673);
#10773=AXIS2_PLACEMENT_3D('',#15071,#12676,#12677);
#10774=AXIS2_PLACEMENT_3D('',#15072,#12678,#12679);
#10775=AXIS2_PLACEMENT_3D('',#15073,#12680,#12681);
#10776=AXIS2_PLACEMENT_3D('',#15074,#12682,#12683);
#10777=AXIS2_PLACEMENT_3D('',#15120,#12690,#12691);
#10778=AXIS2_PLACEMENT_3D('',#15122,#12692,#12693);
#10779=AXIS2_PLACEMENT_3D('',#15162,#12699,#12700);
#10780=AXIS2_PLACEMENT_3D('',#15170,#12702,#12703);
#10781=AXIS2_PLACEMENT_3D('',#15172,#12704,#12705);
#10782=AXIS2_PLACEMENT_3D('',#15246,#12720,#12721);
#10783=AXIS2_PLACEMENT_3D('',#15254,#12723,#12724);
#10784=AXIS2_PLACEMENT_3D('',#15256,#12725,#12726);
#10785=AXIS2_PLACEMENT_3D('',#15316,#12740,#12741);
#10786=AXIS2_PLACEMENT_3D('',#15356,#12743,#12744);
#10787=AXIS2_PLACEMENT_3D('',#15370,#12751,#12752);
#10788=AXIS2_PLACEMENT_3D('',#15397,#12766,#12767);
#10789=AXIS2_PLACEMENT_3D('',#15398,#12768,#12769);
#10790=AXIS2_PLACEMENT_3D('',#15400,#12770,#12771);
#10791=AXIS2_PLACEMENT_3D('',#15403,#12772,#12773);
#10792=AXIS2_PLACEMENT_3D('',#15404,#12774,#12775);
#10793=AXIS2_PLACEMENT_3D('',#15407,#12776,#12777);
#10794=AXIS2_PLACEMENT_3D('',#15408,#12778,#12779);
#10795=AXIS2_PLACEMENT_3D('',#15411,#12780,#12781);
#10796=AXIS2_PLACEMENT_3D('',#15412,#12782,#12783);
#10797=AXIS2_PLACEMENT_3D('',#15415,#12784,#12785);
#10798=AXIS2_PLACEMENT_3D('',#15416,#12786,#12787);
#10799=AXIS2_PLACEMENT_3D('',#15419,#12788,#12789);
#10800=AXIS2_PLACEMENT_3D('',#15420,#12790,#12791);
#10801=AXIS2_PLACEMENT_3D('',#15422,#12792,#12793);
#10802=AXIS2_PLACEMENT_3D('',#15424,#12794,#12795);
#10803=AXIS2_PLACEMENT_3D('',#15426,#12796,#12797);
#10804=AXIS2_PLACEMENT_3D('',#15428,#12798,#12799);
#10805=AXIS2_PLACEMENT_3D('',#15430,#12800,#12801);
#10806=AXIS2_PLACEMENT_3D('',#15432,#12802,#12803);
#10807=AXIS2_PLACEMENT_3D('',#15434,#12804,#12805);
#10808=AXIS2_PLACEMENT_3D('',#15436,#12806,#12807);
#10809=AXIS2_PLACEMENT_3D('',#15438,#12808,#12809);
#10810=AXIS2_PLACEMENT_3D('',#15440,#12810,#12811);
#10811=AXIS2_PLACEMENT_3D('',#15442,#12812,#12813);
#10812=AXIS2_PLACEMENT_3D('',#15444,#12814,#12815);
#10813=AXIS2_PLACEMENT_3D('',#15446,#12816,#12817);
#10814=AXIS2_PLACEMENT_3D('',#15448,#12818,#12819);
#10815=AXIS2_PLACEMENT_3D('',#15450,#12820,#12821);
#10816=AXIS2_PLACEMENT_3D('',#15452,#12822,#12823);
#10817=AXIS2_PLACEMENT_3D('',#15454,#12824,#12825);
#10818=AXIS2_PLACEMENT_3D('',#15456,#12826,#12827);
#10819=AXIS2_PLACEMENT_3D('',#15458,#12828,#12829);
#10820=AXIS2_PLACEMENT_3D('',#15460,#12830,#12831);
#10821=AXIS2_PLACEMENT_3D('',#15462,#12832,#12833);
#10822=AXIS2_PLACEMENT_3D('',#15464,#12834,#12835);
#10823=AXIS2_PLACEMENT_3D('',#15466,#12836,#12837);
#10824=AXIS2_PLACEMENT_3D('',#15468,#12838,#12839);
#10825=AXIS2_PLACEMENT_3D('',#15470,#12840,#12841);
#10826=AXIS2_PLACEMENT_3D('',#15472,#12842,#12843);
#10827=AXIS2_PLACEMENT_3D('',#15474,#12844,#12845);
#10828=AXIS2_PLACEMENT_3D('',#15476,#12846,#12847);
#10829=AXIS2_PLACEMENT_3D('',#15478,#12848,#12849);
#10830=AXIS2_PLACEMENT_3D('',#15480,#12850,#12851);
#10831=AXIS2_PLACEMENT_3D('',#15482,#12852,#12853);
#10832=AXIS2_PLACEMENT_3D('',#15484,#12854,#12855);
#10833=AXIS2_PLACEMENT_3D('',#15486,#12856,#12857);
#10834=AXIS2_PLACEMENT_3D('',#15488,#12858,#12859);
#10835=AXIS2_PLACEMENT_3D('',#15490,#12860,#12861);
#10836=AXIS2_PLACEMENT_3D('',#15492,#12862,#12863);
#10837=AXIS2_PLACEMENT_3D('',#15494,#12864,#12865);
#10838=AXIS2_PLACEMENT_3D('',#15496,#12866,#12867);
#10839=AXIS2_PLACEMENT_3D('',#15498,#12868,#12869);
#10840=AXIS2_PLACEMENT_3D('',#15500,#12870,#12871);
#10841=AXIS2_PLACEMENT_3D('',#15502,#12872,#12873);
#10842=AXIS2_PLACEMENT_3D('',#15504,#12874,#12875);
#10843=AXIS2_PLACEMENT_3D('',#15506,#12876,#12877);
#10844=AXIS2_PLACEMENT_3D('',#15508,#12878,#12879);
#10845=AXIS2_PLACEMENT_3D('',#15510,#12880,#12881);
#10846=AXIS2_PLACEMENT_3D('',#15512,#12882,#12883);
#10847=AXIS2_PLACEMENT_3D('',#15514,#12884,#12885);
#10848=AXIS2_PLACEMENT_3D('',#15516,#12886,#12887);
#10849=AXIS2_PLACEMENT_3D('',#15518,#12888,#12889);
#10850=AXIS2_PLACEMENT_3D('',#15520,#12890,#12891);
#10851=AXIS2_PLACEMENT_3D('',#15522,#12892,#12893);
#10852=AXIS2_PLACEMENT_3D('',#15524,#12894,#12895);
#10853=AXIS2_PLACEMENT_3D('',#15526,#12896,#12897);
#10854=AXIS2_PLACEMENT_3D('',#15528,#12898,#12899);
#10855=AXIS2_PLACEMENT_3D('',#15530,#12900,#12901);
#10856=AXIS2_PLACEMENT_3D('',#15532,#12902,#12903);
#10857=AXIS2_PLACEMENT_3D('',#15534,#12904,#12905);
#10858=AXIS2_PLACEMENT_3D('',#15536,#12906,#12907);
#10859=AXIS2_PLACEMENT_3D('',#15538,#12908,#12909);
#10860=AXIS2_PLACEMENT_3D('',#15540,#12910,#12911);
#10861=AXIS2_PLACEMENT_3D('',#15542,#12912,#12913);
#10862=AXIS2_PLACEMENT_3D('',#15544,#12914,#12915);
#10863=AXIS2_PLACEMENT_3D('',#15546,#12916,#12917);
#10864=AXIS2_PLACEMENT_3D('',#15548,#12918,#12919);
#10865=AXIS2_PLACEMENT_3D('',#15550,#12920,#12921);
#10866=AXIS2_PLACEMENT_3D('',#15552,#12922,#12923);
#10867=AXIS2_PLACEMENT_3D('',#15554,#12924,#12925);
#10868=AXIS2_PLACEMENT_3D('',#15556,#12926,#12927);
#10869=AXIS2_PLACEMENT_3D('',#15558,#12928,#12929);
#10870=AXIS2_PLACEMENT_3D('',#15560,#12930,#12931);
#10871=AXIS2_PLACEMENT_3D('',#15562,#12932,#12933);
#10872=AXIS2_PLACEMENT_3D('',#15564,#12934,#12935);
#10873=AXIS2_PLACEMENT_3D('',#15566,#12936,#12937);
#10874=AXIS2_PLACEMENT_3D('',#15568,#12938,#12939);
#10875=AXIS2_PLACEMENT_3D('',#15570,#12940,#12941);
#10876=AXIS2_PLACEMENT_3D('',#15572,#12942,#12943);
#10877=AXIS2_PLACEMENT_3D('',#15574,#12944,#12945);
#10878=AXIS2_PLACEMENT_3D('',#15576,#12946,#12947);
#10879=AXIS2_PLACEMENT_3D('',#15578,#12948,#12949);
#10880=AXIS2_PLACEMENT_3D('',#15580,#12950,#12951);
#10881=AXIS2_PLACEMENT_3D('',#15582,#12952,#12953);
#10882=AXIS2_PLACEMENT_3D('',#15584,#12954,#12955);
#10883=AXIS2_PLACEMENT_3D('',#15586,#12956,#12957);
#10884=AXIS2_PLACEMENT_3D('',#15588,#12958,#12959);
#10885=AXIS2_PLACEMENT_3D('',#15590,#12960,#12961);
#10886=AXIS2_PLACEMENT_3D('',#15592,#12962,#12963);
#10887=AXIS2_PLACEMENT_3D('',#15594,#12964,#12965);
#10888=AXIS2_PLACEMENT_3D('',#15605,#12971,#12972);
#10889=AXIS2_PLACEMENT_3D('',#15608,#12973,#12974);
#10890=AXIS2_PLACEMENT_3D('',#15609,#12975,#12976);
#10891=AXIS2_PLACEMENT_3D('',#15612,#12977,#12978);
#10892=AXIS2_PLACEMENT_3D('',#15613,#12979,#12980);
#10893=AXIS2_PLACEMENT_3D('',#15616,#12981,#12982);
#10894=AXIS2_PLACEMENT_3D('',#15617,#12983,#12984);
#10895=AXIS2_PLACEMENT_3D('',#15620,#12985,#12986);
#10896=AXIS2_PLACEMENT_3D('',#15621,#12987,#12988);
#10897=AXIS2_PLACEMENT_3D('',#15624,#12989,#12990);
#10898=AXIS2_PLACEMENT_3D('',#15625,#12991,#12992);
#10899=AXIS2_PLACEMENT_3D('',#15628,#12993,#12994);
#10900=AXIS2_PLACEMENT_3D('',#15630,#12995,#12996);
#10901=AXIS2_PLACEMENT_3D('',#15632,#12997,#12998);
#10902=AXIS2_PLACEMENT_3D('',#15633,#12999,#13000);
#10903=AXIS2_PLACEMENT_3D('',#15634,#13001,#13002);
#10904=AXIS2_PLACEMENT_3D('',#15639,#13005,#13006);
#10905=AXIS2_PLACEMENT_3D('',#15640,#13007,#13008);
#10906=AXIS2_PLACEMENT_3D('',#15645,#13011,#13012);
#10907=AXIS2_PLACEMENT_3D('',#15646,#13013,#13014);
#10908=AXIS2_PLACEMENT_3D('',#15649,#13015,#13016);
#10909=AXIS2_PLACEMENT_3D('',#15650,#13017,#13018);
#10910=AXIS2_PLACEMENT_3D('',#15653,#13019,#13020);
#10911=AXIS2_PLACEMENT_3D('',#15675,#13032,#13033);
#10912=AXIS2_PLACEMENT_3D('',#15678,#13034,#13035);
#10913=AXIS2_PLACEMENT_3D('',#15679,#13036,#13037);
#10914=AXIS2_PLACEMENT_3D('',#15682,#13038,#13039);
#10915=AXIS2_PLACEMENT_3D('',#15683,#13040,#13041);
#10916=AXIS2_PLACEMENT_3D('',#15686,#13042,#13043);
#10917=AXIS2_PLACEMENT_3D('',#15687,#13044,#13045);
#10918=AXIS2_PLACEMENT_3D('',#15690,#13046,#13047);
#10919=AXIS2_PLACEMENT_3D('',#15691,#13048,#13049);
#10920=AXIS2_PLACEMENT_3D('',#15694,#13050,#13051);
#10921=AXIS2_PLACEMENT_3D('',#15695,#13052,#13053);
#10922=AXIS2_PLACEMENT_3D('',#15697,#13054,#13055);
#10923=AXIS2_PLACEMENT_3D('',#15699,#13056,#13057);
#10924=AXIS2_PLACEMENT_3D('',#15701,#13058,#13059);
#10925=AXIS2_PLACEMENT_3D('',#15703,#13060,#13061);
#10926=AXIS2_PLACEMENT_3D('',#15705,#13062,#13063);
#10927=AXIS2_PLACEMENT_3D('',#15707,#13064,#13065);
#10928=AXIS2_PLACEMENT_3D('',#15709,#13066,#13067);
#10929=AXIS2_PLACEMENT_3D('',#15711,#13068,#13069);
#10930=AXIS2_PLACEMENT_3D('',#15713,#13070,#13071);
#10931=AXIS2_PLACEMENT_3D('',#15715,#13072,#13073);
#10932=AXIS2_PLACEMENT_3D('',#15717,#13074,#13075);
#10933=AXIS2_PLACEMENT_3D('',#15719,#13076,#13077);
#10934=AXIS2_PLACEMENT_3D('',#15721,#13078,#13079);
#10935=AXIS2_PLACEMENT_3D('',#15723,#13080,#13081);
#10936=AXIS2_PLACEMENT_3D('',#15725,#13082,#13083);
#10937=AXIS2_PLACEMENT_3D('',#15727,#13084,#13085);
#10938=AXIS2_PLACEMENT_3D('',#15729,#13086,#13087);
#10939=AXIS2_PLACEMENT_3D('',#15731,#13088,#13089);
#10940=AXIS2_PLACEMENT_3D('',#15733,#13090,#13091);
#10941=AXIS2_PLACEMENT_3D('',#15735,#13092,#13093);
#10942=AXIS2_PLACEMENT_3D('',#15737,#13094,#13095);
#10943=AXIS2_PLACEMENT_3D('',#15739,#13096,#13097);
#10944=AXIS2_PLACEMENT_3D('',#15741,#13098,#13099);
#10945=AXIS2_PLACEMENT_3D('',#15743,#13100,#13101);
#10946=AXIS2_PLACEMENT_3D('',#15745,#13102,#13103);
#10947=AXIS2_PLACEMENT_3D('',#15747,#13104,#13105);
#10948=AXIS2_PLACEMENT_3D('',#15749,#13106,#13107);
#10949=AXIS2_PLACEMENT_3D('',#15751,#13108,#13109);
#10950=AXIS2_PLACEMENT_3D('',#15753,#13110,#13111);
#10951=AXIS2_PLACEMENT_3D('',#15755,#13112,#13113);
#10952=AXIS2_PLACEMENT_3D('',#15757,#13114,#13115);
#10953=AXIS2_PLACEMENT_3D('',#15759,#13116,#13117);
#10954=AXIS2_PLACEMENT_3D('',#15761,#13118,#13119);
#10955=AXIS2_PLACEMENT_3D('',#15763,#13120,#13121);
#10956=AXIS2_PLACEMENT_3D('',#15765,#13122,#13123);
#10957=AXIS2_PLACEMENT_3D('',#15767,#13124,#13125);
#10958=AXIS2_PLACEMENT_3D('',#15769,#13126,#13127);
#10959=AXIS2_PLACEMENT_3D('',#15770,#13128,#13129);
#10960=AXIS2_PLACEMENT_3D('',#15771,#13130,#13131);
#10961=AXIS2_PLACEMENT_3D('',#15773,#13132,#13133);
#10962=AXIS2_PLACEMENT_3D('',#15775,#13134,#13135);
#10963=AXIS2_PLACEMENT_3D('',#15777,#13136,#13137);
#10964=AXIS2_PLACEMENT_3D('',#15779,#13138,#13139);
#10965=AXIS2_PLACEMENT_3D('',#15781,#13140,#13141);
#10966=AXIS2_PLACEMENT_3D('',#15783,#13142,#13143);
#10967=AXIS2_PLACEMENT_3D('',#15785,#13144,#13145);
#10968=AXIS2_PLACEMENT_3D('',#15787,#13146,#13147);
#10969=AXIS2_PLACEMENT_3D('',#15789,#13148,#13149);
#10970=AXIS2_PLACEMENT_3D('',#15791,#13150,#13151);
#10971=AXIS2_PLACEMENT_3D('',#15793,#13152,#13153);
#10972=AXIS2_PLACEMENT_3D('',#15795,#13154,#13155);
#10973=AXIS2_PLACEMENT_3D('',#15797,#13156,#13157);
#10974=AXIS2_PLACEMENT_3D('',#15799,#13158,#13159);
#10975=AXIS2_PLACEMENT_3D('',#15801,#13160,#13161);
#10976=AXIS2_PLACEMENT_3D('',#15803,#13162,#13163);
#10977=AXIS2_PLACEMENT_3D('',#15805,#13164,#13165);
#10978=AXIS2_PLACEMENT_3D('',#15807,#13166,#13167);
#10979=AXIS2_PLACEMENT_3D('',#15809,#13168,#13169);
#10980=AXIS2_PLACEMENT_3D('',#15811,#13170,#13171);
#10981=AXIS2_PLACEMENT_3D('',#15813,#13172,#13173);
#10982=AXIS2_PLACEMENT_3D('',#15815,#13174,#13175);
#10983=AXIS2_PLACEMENT_3D('',#15817,#13176,#13177);
#10984=AXIS2_PLACEMENT_3D('',#15819,#13178,#13179);
#10985=AXIS2_PLACEMENT_3D('',#15821,#13180,#13181);
#10986=AXIS2_PLACEMENT_3D('',#15823,#13182,#13183);
#10987=AXIS2_PLACEMENT_3D('',#15825,#13184,#13185);
#10988=AXIS2_PLACEMENT_3D('',#15827,#13186,#13187);
#10989=AXIS2_PLACEMENT_3D('',#15829,#13188,#13189);
#10990=AXIS2_PLACEMENT_3D('',#15831,#13190,#13191);
#10991=AXIS2_PLACEMENT_3D('',#15833,#13192,#13193);
#10992=AXIS2_PLACEMENT_3D('',#15835,#13194,#13195);
#10993=AXIS2_PLACEMENT_3D('',#15837,#13196,#13197);
#10994=AXIS2_PLACEMENT_3D('',#15839,#13198,#13199);
#10995=AXIS2_PLACEMENT_3D('',#15841,#13200,#13201);
#10996=AXIS2_PLACEMENT_3D('',#15843,#13202,#13203);
#10997=AXIS2_PLACEMENT_3D('',#15845,#13204,#13205);
#10998=AXIS2_PLACEMENT_3D('',#15847,#13206,#13207);
#10999=AXIS2_PLACEMENT_3D('',#15849,#13208,#13209);
#11000=AXIS2_PLACEMENT_3D('',#15851,#13210,#13211);
#11001=AXIS2_PLACEMENT_3D('',#15853,#13212,#13213);
#11002=AXIS2_PLACEMENT_3D('',#15855,#13214,#13215);
#11003=AXIS2_PLACEMENT_3D('',#15857,#13216,#13217);
#11004=AXIS2_PLACEMENT_3D('',#15859,#13218,#13219);
#11005=AXIS2_PLACEMENT_3D('',#15861,#13220,#13221);
#11006=AXIS2_PLACEMENT_3D('',#15863,#13222,#13223);
#11007=AXIS2_PLACEMENT_3D('',#15865,#13224,#13225);
#11008=AXIS2_PLACEMENT_3D('',#15867,#13226,#13227);
#11009=AXIS2_PLACEMENT_3D('',#15869,#13228,#13229);
#11010=AXIS2_PLACEMENT_3D('',#15871,#13230,#13231);
#11011=AXIS2_PLACEMENT_3D('',#15873,#13232,#13233);
#11012=AXIS2_PLACEMENT_3D('',#15876,#13234,#13235);
#11013=AXIS2_PLACEMENT_3D('',#15877,#13236,#13237);
#11014=AXIS2_PLACEMENT_3D('',#15880,#13238,#13239);
#11015=AXIS2_PLACEMENT_3D('',#15881,#13240,#13241);
#11016=AXIS2_PLACEMENT_3D('',#15884,#13242,#13243);
#11017=AXIS2_PLACEMENT_3D('',#15885,#13244,#13245);
#11018=AXIS2_PLACEMENT_3D('',#15888,#13248,#13249);
#11019=AXIS2_PLACEMENT_3D('',#15891,#13252,#13253);
#11020=AXIS2_PLACEMENT_3D('',#15894,#13256,#13257);
#11021=AXIS2_PLACEMENT_3D('',#15897,#13260,#13261);
#11022=AXIS2_PLACEMENT_3D('',#15900,#13264,#13265);
#11023=AXIS2_PLACEMENT_3D('',#15901,#13266,#13267);
#11024=AXIS2_PLACEMENT_3D('',#15905,#13270,#13271);
#11025=AXIS2_PLACEMENT_3D('',#15908,#13274,#13275);
#11026=AXIS2_PLACEMENT_3D('',#15909,#13276,#13277);
#11027=AXIS2_PLACEMENT_3D('',#15912,#13280,#13281);
#11028=AXIS2_PLACEMENT_3D('',#15915,#13284,#13285);
#11029=AXIS2_PLACEMENT_3D('',#15918,#13288,#13289);
#11030=AXIS2_PLACEMENT_3D('',#15921,#13292,#13293);
#11031=AXIS2_PLACEMENT_3D('',#15924,#13296,#13297);
#11032=AXIS2_PLACEMENT_3D('',#15925,#13298,#13299);
#11033=AXIS2_PLACEMENT_3D('',#15926,#13300,#13301);
#11034=AXIS2_PLACEMENT_3D('',#15927,#13302,#13303);
#11035=AXIS2_PLACEMENT_3D('',#15928,#13304,#13305);
#11036=AXIS2_PLACEMENT_3D('',#15929,#13306,#13307);
#11037=AXIS2_PLACEMENT_3D('',#15930,#13308,#13309);
#11038=AXIS2_PLACEMENT_3D('',#15931,#13310,#13311);
#11039=AXIS2_PLACEMENT_3D('',#15932,#13312,#13313);
#11040=AXIS2_PLACEMENT_3D('',#15933,#13314,#13315);
#11041=AXIS2_PLACEMENT_3D('',#15934,#13316,#13317);
#11042=AXIS2_PLACEMENT_3D('',#15935,#13318,#13319);
#11043=AXIS2_PLACEMENT_3D('',#15936,#13320,#13321);
#11044=AXIS2_PLACEMENT_3D('',#15937,#13322,#13323);
#11045=AXIS2_PLACEMENT_3D('',#15938,#13324,#13325);
#11046=AXIS2_PLACEMENT_3D('',#15939,#13326,#13327);
#11047=AXIS2_PLACEMENT_3D('',#15940,#13328,#13329);
#11048=AXIS2_PLACEMENT_3D('',#15941,#13330,#13331);
#11049=AXIS2_PLACEMENT_3D('',#15942,#13332,#13333);
#11050=AXIS2_PLACEMENT_3D('',#15943,#13334,#13335);
#11051=AXIS2_PLACEMENT_3D('',#15944,#13336,#13337);
#11052=AXIS2_PLACEMENT_3D('',#15945,#13338,#13339);
#11053=AXIS2_PLACEMENT_3D('',#15946,#13340,#13341);
#11054=AXIS2_PLACEMENT_3D('',#15947,#13342,#13343);
#11055=AXIS2_PLACEMENT_3D('',#15948,#13344,#13345);
#11056=AXIS2_PLACEMENT_3D('',#15949,#13346,#13347);
#11057=AXIS2_PLACEMENT_3D('',#15950,#13348,#13349);
#11058=AXIS2_PLACEMENT_3D('',#15951,#13350,#13351);
#11059=AXIS2_PLACEMENT_3D('',#15952,#13352,#13353);
#11060=AXIS2_PLACEMENT_3D('',#15953,#13354,#13355);
#11061=AXIS2_PLACEMENT_3D('',#15954,#13356,#13357);
#11062=AXIS2_PLACEMENT_3D('',#15955,#13358,#13359);
#11063=AXIS2_PLACEMENT_3D('',#15956,#13360,#13361);
#11064=AXIS2_PLACEMENT_3D('',#15957,#13362,#13363);
#11065=AXIS2_PLACEMENT_3D('',#15958,#13364,#13365);
#11066=AXIS2_PLACEMENT_3D('',#15959,#13366,#13367);
#11067=AXIS2_PLACEMENT_3D('',#15960,#13368,#13369);
#11068=AXIS2_PLACEMENT_3D('',#15961,#13370,#13371);
#11069=AXIS2_PLACEMENT_3D('',#15962,#13372,#13373);
#11070=AXIS2_PLACEMENT_3D('',#15963,#13374,#13375);
#11071=AXIS2_PLACEMENT_3D('',#15964,#13376,#13377);
#11072=AXIS2_PLACEMENT_3D('',#15965,#13378,#13379);
#11073=AXIS2_PLACEMENT_3D('',#15966,#13380,#13381);
#11074=AXIS2_PLACEMENT_3D('',#15967,#13382,#13383);
#11075=AXIS2_PLACEMENT_3D('',#15968,#13384,#13385);
#11076=AXIS2_PLACEMENT_3D('',#15969,#13386,#13387);
#11077=AXIS2_PLACEMENT_3D('',#15970,#13388,#13389);
#11078=AXIS2_PLACEMENT_3D('',#15971,#13390,#13391);
#11079=AXIS2_PLACEMENT_3D('',#15972,#13392,#13393);
#11080=AXIS2_PLACEMENT_3D('',#15973,#13394,#13395);
#11081=AXIS2_PLACEMENT_3D('',#15974,#13396,#13397);
#11082=AXIS2_PLACEMENT_3D('',#15975,#13398,#13399);
#11083=AXIS2_PLACEMENT_3D('',#15976,#13400,#13401);
#11084=AXIS2_PLACEMENT_3D('',#15977,#13402,#13403);
#11085=AXIS2_PLACEMENT_3D('',#15978,#13404,#13405);
#11086=AXIS2_PLACEMENT_3D('',#15979,#13406,#13407);
#11087=AXIS2_PLACEMENT_3D('',#15980,#13408,#13409);
#11088=AXIS2_PLACEMENT_3D('',#15981,#13410,#13411);
#11089=AXIS2_PLACEMENT_3D('',#15982,#13412,#13413);
#11090=AXIS2_PLACEMENT_3D('',#15983,#13414,#13415);
#11091=AXIS2_PLACEMENT_3D('',#15984,#13416,#13417);
#11092=AXIS2_PLACEMENT_3D('',#15985,#13418,#13419);
#11093=AXIS2_PLACEMENT_3D('',#15986,#13420,#13421);
#11094=AXIS2_PLACEMENT_3D('',#15987,#13422,#13423);
#11095=AXIS2_PLACEMENT_3D('',#15988,#13424,#13425);
#11096=AXIS2_PLACEMENT_3D('',#15989,#13426,#13427);
#11097=AXIS2_PLACEMENT_3D('',#15990,#13428,#13429);
#11098=AXIS2_PLACEMENT_3D('',#15991,#13430,#13431);
#11099=AXIS2_PLACEMENT_3D('',#15992,#13432,#13433);
#11100=AXIS2_PLACEMENT_3D('',#15993,#13434,#13435);
#11101=AXIS2_PLACEMENT_3D('',#15994,#13436,#13437);
#11102=AXIS2_PLACEMENT_3D('',#15995,#13438,#13439);
#11103=AXIS2_PLACEMENT_3D('',#15996,#13440,#13441);
#11104=AXIS2_PLACEMENT_3D('',#15997,#13442,#13443);
#11105=AXIS2_PLACEMENT_3D('',#15998,#13444,#13445);
#11106=AXIS2_PLACEMENT_3D('',#15999,#13446,#13447);
#11107=AXIS2_PLACEMENT_3D('',#16000,#13448,#13449);
#11108=AXIS2_PLACEMENT_3D('',#16001,#13450,#13451);
#11109=AXIS2_PLACEMENT_3D('',#16002,#13452,#13453);
#11110=AXIS2_PLACEMENT_3D('',#16003,#13454,#13455);
#11111=AXIS2_PLACEMENT_3D('',#16004,#13456,#13457);
#11112=AXIS2_PLACEMENT_3D('',#16005,#13458,#13459);
#11113=AXIS2_PLACEMENT_3D('',#16006,#13460,#13461);
#11114=AXIS2_PLACEMENT_3D('',#16007,#13462,#13463);
#11115=AXIS2_PLACEMENT_3D('',#16008,#13464,#13465);
#11116=AXIS2_PLACEMENT_3D('',#16009,#13466,#13467);
#11117=AXIS2_PLACEMENT_3D('',#16010,#13468,#13469);
#11118=AXIS2_PLACEMENT_3D('',#16011,#13470,#13471);
#11119=AXIS2_PLACEMENT_3D('',#16012,#13472,#13473);
#11120=AXIS2_PLACEMENT_3D('',#16013,#13474,#13475);
#11121=AXIS2_PLACEMENT_3D('',#16020,#13479,#13480);
#11122=AXIS2_PLACEMENT_3D('',#16024,#13483,#13484);
#11123=AXIS2_PLACEMENT_3D('',#16028,#13487,#13488);
#11124=AXIS2_PLACEMENT_3D('',#16032,#13491,#13492);
#11125=AXIS2_PLACEMENT_3D('',#16036,#13495,#13496);
#11126=AXIS2_PLACEMENT_3D('',#16038,#13498,#13499);
#11127=AXIS2_PLACEMENT_3D('',#16047,#13504,#13505);
#11128=AXIS2_PLACEMENT_3D('',#16049,#13506,#13507);
#11129=AXIS2_PLACEMENT_3D('',#16050,#13508,#13509);
#11130=AXIS2_PLACEMENT_3D('',#16051,#13510,#13511);
#11131=AXIS2_PLACEMENT_3D('',#16052,#13512,#13513);
#11132=AXIS2_PLACEMENT_3D('',#16053,#13514,#13515);
#11133=AXIS2_PLACEMENT_3D('',#16054,#13516,#13517);
#11134=AXIS2_PLACEMENT_3D('',#16055,#13518,#13519);
#11135=AXIS2_PLACEMENT_3D('',#16056,#13520,#13521);
#11136=AXIS2_PLACEMENT_3D('',#16057,#13522,#13523);
#11137=AXIS2_PLACEMENT_3D('',#16058,#13524,#13525);
#11138=AXIS2_PLACEMENT_3D('',#16059,#13526,#13527);
#11139=AXIS2_PLACEMENT_3D('',#16060,#13528,#13529);
#11140=AXIS2_PLACEMENT_3D('',#16061,#13530,#13531);
#11141=AXIS2_PLACEMENT_3D('',#16062,#13532,#13533);
#11142=AXIS2_PLACEMENT_3D('',#16063,#13534,#13535);
#11143=AXIS2_PLACEMENT_3D('',#16064,#13536,#13537);
#11144=AXIS2_PLACEMENT_3D('',#16093,#13541,#13542);
#11145=AXIS2_PLACEMENT_3D('',#16149,#13549,#13550);
#11146=AXIS2_PLACEMENT_3D('',#16152,#13552,#13553);
#11147=AXIS2_PLACEMENT_3D('',#16153,#13554,#13555);
#11148=AXIS2_PLACEMENT_3D('',#16156,#13557,#13558);
#11149=AXIS2_PLACEMENT_3D('',#16157,#13559,#13560);
#11150=AXIS2_PLACEMENT_3D('',#16174,#13564,#13565);
#11151=AXIS2_PLACEMENT_3D('',#16177,#13567,#13568);
#11152=AXIS2_PLACEMENT_3D('',#16215,#13571,#13572);
#11153=AXIS2_PLACEMENT_3D('',#16231,#13575,#13576);
#11154=AXIS2_PLACEMENT_3D('',#16248,#13580,#13581);
#11155=AXIS2_PLACEMENT_3D('',#16252,#13584,#13585);
#11156=AXIS2_PLACEMENT_3D('',#16256,#13588,#13589);
#11157=AXIS2_PLACEMENT_3D('',#16260,#13592,#13593);
#11158=AXIS2_PLACEMENT_3D('',#16264,#13596,#13597);
#11159=AXIS2_PLACEMENT_3D('',#16268,#13600,#13601);
#11160=AXIS2_PLACEMENT_3D('',#16272,#13604,#13605);
#11161=AXIS2_PLACEMENT_3D('',#16276,#13608,#13609);
#11162=AXIS2_PLACEMENT_3D('',#16280,#13612,#13613);
#11163=AXIS2_PLACEMENT_3D('',#16284,#13616,#13617);
#11164=AXIS2_PLACEMENT_3D('',#16288,#13620,#13621);
#11165=AXIS2_PLACEMENT_3D('',#16292,#13624,#13625);
#11166=AXIS2_PLACEMENT_3D('',#16294,#13627,#13628);
#11167=AXIS2_PLACEMENT_3D('',#16323,#13632,#13633);
#11168=AXIS2_PLACEMENT_3D('',#16379,#13640,#13641);
#11169=AXIS2_PLACEMENT_3D('',#16382,#13643,#13644);
#11170=AXIS2_PLACEMENT_3D('',#16383,#13645,#13646);
#11171=AXIS2_PLACEMENT_3D('',#16386,#13648,#13649);
#11172=AXIS2_PLACEMENT_3D('',#16387,#13650,#13651);
#11173=AXIS2_PLACEMENT_3D('',#16404,#13655,#13656);
#11174=AXIS2_PLACEMENT_3D('',#16407,#13658,#13659);
#11175=AXIS2_PLACEMENT_3D('',#16445,#13662,#13663);
#11176=AXIS2_PLACEMENT_3D('',#16446,#13664,#13665);
#11177=AXIS2_PLACEMENT_3D('',#16452,#13669,#13670);
#11178=AXIS2_PLACEMENT_3D('',#16456,#13673,#13674);
#11179=AXIS2_PLACEMENT_3D('',#16460,#13677,#13678);
#11180=AXIS2_PLACEMENT_3D('',#16462,#13680,#13681);
#11181=AXIS2_PLACEMENT_3D('',#16463,#13682,#13683);
#11182=AXIS2_PLACEMENT_3D('',#16469,#13687,#13688);
#11183=AXIS2_PLACEMENT_3D('',#16473,#13691,#13692);
#11184=AXIS2_PLACEMENT_3D('',#16516,#13698,#13699);
#11185=AXIS2_PLACEMENT_3D('',#16519,#13701,#13702);
#11186=AXIS2_PLACEMENT_3D('',#16520,#13703,#13704);
#11187=AXIS2_PLACEMENT_3D('',#16524,#13707,#13708);
#11188=AXIS2_PLACEMENT_3D('',#16528,#13711,#13712);
#11189=AXIS2_PLACEMENT_3D('',#16532,#13715,#13716);
#11190=AXIS2_PLACEMENT_3D('',#16536,#13719,#13720);
#11191=AXIS2_PLACEMENT_3D('',#16540,#13723,#13724);
#11192=AXIS2_PLACEMENT_3D('',#16594,#13730,#13731);
#11193=AXIS2_PLACEMENT_3D('',#16683,#13738,#13739);
#11194=AXIS2_PLACEMENT_3D('',#16689,#13743,#13744);
#11195=AXIS2_PLACEMENT_3D('',#16695,#13748,#13749);
#11196=AXIS2_PLACEMENT_3D('',#16701,#13753,#13754);
#11197=AXIS2_PLACEMENT_3D('',#16705,#13757,#13758);
#11198=AXIS2_PLACEMENT_3D('',#16735,#13763,#13764);
#11199=AXIS2_PLACEMENT_3D('',#16738,#13766,#13767);
#11200=AXIS2_PLACEMENT_3D('',#16739,#13768,#13769);
#11201=AXIS2_PLACEMENT_3D('',#16742,#13771,#13772);
#11202=AXIS2_PLACEMENT_3D('',#16743,#13773,#13774);
#11203=AXIS2_PLACEMENT_3D('',#16786,#13780,#13781);
#11204=AXIS2_PLACEMENT_3D('',#16790,#13784,#13785);
#11205=AXIS2_PLACEMENT_3D('',#16859,#13793,#13794);
#11206=AXIS2_PLACEMENT_3D('',#16875,#13796,#13797);
#11207=AXIS2_PLACEMENT_3D('',#17026,#13809,#13810);
#11208=AXIS2_PLACEMENT_3D('',#17030,#13813,#13814);
#11209=AXIS2_PLACEMENT_3D('',#17033,#13816,#13817);
#11210=AXIS2_PLACEMENT_3D('',#17034,#13818,#13819);
#11211=AXIS2_PLACEMENT_3D('',#17038,#13822,#13823);
#11212=AXIS2_PLACEMENT_3D('',#17042,#13826,#13827);
#11213=AXIS2_PLACEMENT_3D('',#17046,#13830,#13831);
#11214=AXIS2_PLACEMENT_3D('',#17050,#13834,#13835);
#11215=AXIS2_PLACEMENT_3D('',#17054,#13838,#13839);
#11216=AXIS2_PLACEMENT_3D('',#17058,#13842,#13843);
#11217=AXIS2_PLACEMENT_3D('',#17061,#13845,#13846);
#11218=AXIS2_PLACEMENT_3D('',#17126,#13850,#13851);
#11219=AXIS2_PLACEMENT_3D('',#17127,#13852,#13853);
#11220=AXIS2_PLACEMENT_3D('',#17133,#13857,#13858);
#11221=AXIS2_PLACEMENT_3D('',#17137,#13861,#13862);
#11222=AXIS2_PLACEMENT_3D('',#17141,#13865,#13866);
#11223=AXIS2_PLACEMENT_3D('',#17145,#13869,#13870);
#11224=AXIS2_PLACEMENT_3D('',#17149,#13873,#13874);
#11225=AXIS2_PLACEMENT_3D('',#17153,#13877,#13878);
#11226=AXIS2_PLACEMENT_3D('',#17157,#13881,#13882);
#11227=AXIS2_PLACEMENT_3D('',#17161,#13885,#13886);
#11228=AXIS2_PLACEMENT_3D('',#17165,#13889,#13890);
#11229=AXIS2_PLACEMENT_3D('',#17169,#13893,#13894);
#11230=AXIS2_PLACEMENT_3D('',#17173,#13897,#13898);
#11231=AXIS2_PLACEMENT_3D('',#17175,#13900,#13901);
#11232=AXIS2_PLACEMENT_3D('',#17176,#13902,#13903);
#11233=AXIS2_PLACEMENT_3D('',#17177,#13904,#13905);
#11234=AXIS2_PLACEMENT_3D('',#17178,#13906,#13907);
#11235=AXIS2_PLACEMENT_3D('',#17184,#13911,#13912);
#11236=AXIS2_PLACEMENT_3D('',#17188,#13915,#13916);
#11237=AXIS2_PLACEMENT_3D('',#17192,#13919,#13920);
#11238=AXIS2_PLACEMENT_3D('',#17194,#13922,#13923);
#11239=DIRECTION('',(0.,0.,1.));
#11240=DIRECTION('',(1.,0.,0.));
#11241=DIRECTION('',(0.,0.,-1.));
#11242=DIRECTION('',(-1.,0.,0.));
#11243=DIRECTION('',(0.,0.,1.));
#11244=DIRECTION('',(1.,0.,0.));
#11245=DIRECTION('',(0.,0.,1.));
#11246=DIRECTION('',(1.,0.,0.));
#11247=DIRECTION('',(0.,0.,1.));
#11248=DIRECTION('',(1.,0.,0.));
#11249=DIRECTION('',(0.,0.,1.));
#11250=DIRECTION('',(1.,0.,0.));
#11251=DIRECTION('',(0.,0.,1.));
#11252=DIRECTION('',(1.,0.,0.));
#11253=DIRECTION('',(0.,0.,-1.));
#11254=DIRECTION('',(-1.,0.,0.));
#11255=DIRECTION('',(0.,0.,1.));
#11256=DIRECTION('',(1.,0.,0.));
#11257=DIRECTION('',(0.,0.,1.));
#11258=DIRECTION('',(1.,0.,0.));
#11259=DIRECTION('',(0.,0.,1.));
#11260=DIRECTION('',(1.,0.,0.));
#11261=DIRECTION('',(0.,0.,1.));
#11262=DIRECTION('',(1.,0.,0.));
#11263=DIRECTION('',(0.,0.,1.));
#11264=DIRECTION('',(1.,0.,0.));
#11265=DIRECTION('',(0.,0.,-1.));
#11266=DIRECTION('',(-1.,0.,0.));
#11267=DIRECTION('',(0.,0.,1.));
#11268=DIRECTION('',(1.,0.,0.));
#11269=DIRECTION('',(0.,0.,1.));
#11270=DIRECTION('',(1.,0.,0.));
#11271=DIRECTION('',(0.,0.,1.));
#11272=DIRECTION('',(1.,0.,0.));
#11273=DIRECTION('',(0.,0.,1.));
#11274=DIRECTION('',(1.,0.,0.));
#11275=DIRECTION('',(0.,0.,1.));
#11276=DIRECTION('',(1.,0.,0.));
#11277=DIRECTION('',(0.,0.,-1.));
#11278=DIRECTION('',(-1.,0.,0.));
#11279=DIRECTION('',(0.,0.,1.));
#11280=DIRECTION('',(1.,0.,0.));
#11281=DIRECTION('',(0.,0.,1.));
#11282=DIRECTION('',(1.,0.,0.));
#11283=DIRECTION('',(0.,0.,1.));
#11284=DIRECTION('',(1.,0.,0.));
#11285=DIRECTION('',(0.,0.,1.));
#11286=DIRECTION('',(1.,0.,0.));
#11287=DIRECTION('',(0.,0.,1.));
#11288=DIRECTION('',(1.,0.,0.));
#11289=DIRECTION('',(0.,0.,-1.));
#11290=DIRECTION('',(-1.,0.,0.));
#11291=DIRECTION('',(0.,0.,1.));
#11292=DIRECTION('',(1.,0.,0.));
#11293=DIRECTION('',(0.,0.,1.));
#11294=DIRECTION('',(1.,0.,0.));
#11295=DIRECTION('',(0.,0.,1.));
#11296=DIRECTION('',(1.,0.,0.));
#11297=DIRECTION('',(0.,0.,1.));
#11298=DIRECTION('',(1.,0.,0.));
#11299=DIRECTION('',(0.,0.,1.));
#11300=DIRECTION('',(1.,0.,0.));
#11301=DIRECTION('',(0.,0.,-1.));
#11302=DIRECTION('',(-1.,0.,0.));
#11303=DIRECTION('',(0.,0.,1.));
#11304=DIRECTION('',(1.,0.,0.));
#11305=DIRECTION('',(0.,0.,1.));
#11306=DIRECTION('',(1.,0.,0.));
#11307=DIRECTION('',(0.,0.,1.));
#11308=DIRECTION('',(1.,0.,0.));
#11309=DIRECTION('',(0.,0.,1.));
#11310=DIRECTION('',(1.,0.,0.));
#11311=DIRECTION('',(0.,0.,1.));
#11312=DIRECTION('',(1.,0.,0.));
#11313=DIRECTION('',(0.,0.,-1.));
#11314=DIRECTION('',(-1.,0.,0.));
#11315=DIRECTION('',(0.,0.,1.));
#11316=DIRECTION('',(1.,0.,0.));
#11317=DIRECTION('',(0.,0.,1.));
#11318=DIRECTION('',(1.,0.,0.));
#11319=DIRECTION('',(0.,0.,1.));
#11320=DIRECTION('',(1.,0.,0.));
#11321=DIRECTION('',(0.,0.,1.));
#11322=DIRECTION('',(1.,0.,0.));
#11323=DIRECTION('',(0.,0.,1.));
#11324=DIRECTION('',(1.,0.,0.));
#11325=DIRECTION('',(0.,0.,-1.));
#11326=DIRECTION('',(-1.,0.,0.));
#11327=DIRECTION('',(0.,0.,1.));
#11328=DIRECTION('',(1.,0.,0.));
#11329=DIRECTION('',(0.,0.,1.));
#11330=DIRECTION('',(1.,0.,0.));
#11331=DIRECTION('',(0.,0.,1.));
#11332=DIRECTION('',(1.,0.,0.));
#11333=DIRECTION('',(0.,0.,1.));
#11334=DIRECTION('',(1.,0.,0.));
#11335=DIRECTION('',(0.,0.,1.));
#11336=DIRECTION('',(1.,0.,0.));
#11337=DIRECTION('',(0.,0.,-1.));
#11338=DIRECTION('',(-1.,0.,0.));
#11339=DIRECTION('',(0.,0.,1.));
#11340=DIRECTION('',(1.,0.,0.));
#11341=DIRECTION('',(0.,0.,1.));
#11342=DIRECTION('',(1.,0.,0.));
#11343=DIRECTION('',(0.,0.,1.));
#11344=DIRECTION('',(1.,0.,0.));
#11345=DIRECTION('',(0.,0.,1.));
#11346=DIRECTION('',(1.,0.,0.));
#11347=DIRECTION('',(0.,0.,1.));
#11348=DIRECTION('',(1.,0.,0.));
#11349=DIRECTION('',(0.,0.,-1.));
#11350=DIRECTION('',(-1.,0.,0.));
#11351=DIRECTION('',(0.,0.,1.));
#11352=DIRECTION('',(1.,0.,0.));
#11353=DIRECTION('',(0.,0.,1.));
#11354=DIRECTION('',(1.,0.,0.));
#11355=DIRECTION('',(0.,0.,1.));
#11356=DIRECTION('',(1.,0.,0.));
#11357=DIRECTION('',(0.,0.,1.));
#11358=DIRECTION('',(1.,0.,0.));
#11359=DIRECTION('',(0.,0.,1.));
#11360=DIRECTION('',(1.,0.,0.));
#11361=DIRECTION('',(0.,0.,-1.));
#11362=DIRECTION('',(-1.,0.,0.));
#11363=DIRECTION('',(0.,0.,1.));
#11364=DIRECTION('',(1.,0.,0.));
#11365=DIRECTION('',(0.,0.,1.));
#11366=DIRECTION('',(1.,0.,0.));
#11367=DIRECTION('',(0.,0.,1.));
#11368=DIRECTION('',(1.,0.,0.));
#11369=DIRECTION('',(0.,0.,1.));
#11370=DIRECTION('',(1.,0.,0.));
#11371=DIRECTION('',(0.,0.,1.));
#11372=DIRECTION('',(1.,0.,0.));
#11373=DIRECTION('',(0.,0.,-1.));
#11374=DIRECTION('',(-1.,0.,0.));
#11375=DIRECTION('',(0.,0.,1.));
#11376=DIRECTION('',(1.,0.,0.));
#11377=DIRECTION('',(0.,0.,1.));
#11378=DIRECTION('',(1.,0.,0.));
#11379=DIRECTION('',(0.,0.,1.));
#11380=DIRECTION('',(1.,0.,0.));
#11381=DIRECTION('',(0.,0.,1.));
#11382=DIRECTION('',(1.,0.,0.));
#11383=DIRECTION('',(0.,0.,1.));
#11384=DIRECTION('',(1.,0.,0.));
#11385=DIRECTION('',(0.,0.,-1.));
#11386=DIRECTION('',(-1.,0.,0.));
#11387=DIRECTION('',(0.,0.,1.));
#11388=DIRECTION('',(1.,0.,0.));
#11389=DIRECTION('',(0.,0.,1.));
#11390=DIRECTION('',(1.,0.,0.));
#11391=DIRECTION('',(0.,0.,1.));
#11392=DIRECTION('',(1.,0.,0.));
#11393=DIRECTION('',(0.,0.,1.));
#11394=DIRECTION('',(1.,0.,0.));
#11395=DIRECTION('',(0.,0.,1.));
#11396=DIRECTION('',(1.,0.,0.));
#11397=DIRECTION('',(0.,0.,-1.));
#11398=DIRECTION('',(-1.,0.,0.));
#11399=DIRECTION('',(0.,0.,1.));
#11400=DIRECTION('',(1.,0.,0.));
#11401=DIRECTION('',(0.,0.,1.));
#11402=DIRECTION('',(1.,0.,0.));
#11403=DIRECTION('',(0.,0.,1.));
#11404=DIRECTION('',(1.,0.,0.));
#11405=DIRECTION('',(0.,0.,1.));
#11406=DIRECTION('',(1.,0.,0.));
#11407=DIRECTION('',(0.,0.,1.));
#11408=DIRECTION('',(1.,0.,0.));
#11409=DIRECTION('',(0.,0.,-1.));
#11410=DIRECTION('',(-1.,0.,0.));
#11411=DIRECTION('',(0.,0.,1.));
#11412=DIRECTION('',(1.,0.,0.));
#11413=DIRECTION('',(0.,0.,1.));
#11414=DIRECTION('',(1.,0.,0.));
#11415=DIRECTION('',(0.,0.,1.));
#11416=DIRECTION('',(1.,0.,0.));
#11417=DIRECTION('',(0.,0.,1.));
#11418=DIRECTION('',(1.,0.,0.));
#11419=DIRECTION('',(0.,0.,1.));
#11420=DIRECTION('',(1.,0.,0.));
#11421=DIRECTION('',(0.,0.,-1.));
#11422=DIRECTION('',(-1.,0.,0.));
#11423=DIRECTION('',(0.,0.,1.));
#11424=DIRECTION('',(1.,0.,0.));
#11425=DIRECTION('',(0.,0.,1.));
#11426=DIRECTION('',(1.,0.,0.));
#11427=DIRECTION('',(0.,0.,1.));
#11428=DIRECTION('',(1.,0.,0.));
#11429=DIRECTION('',(0.,0.,1.));
#11430=DIRECTION('',(1.,0.,0.));
#11431=DIRECTION('',(0.,0.,1.));
#11432=DIRECTION('',(1.,0.,0.));
#11433=DIRECTION('',(0.,0.,-1.));
#11434=DIRECTION('',(-1.,0.,0.));
#11435=DIRECTION('',(0.,0.,1.));
#11436=DIRECTION('',(1.,0.,0.));
#11437=DIRECTION('',(0.,0.,1.));
#11438=DIRECTION('',(1.,0.,0.));
#11439=DIRECTION('',(0.,0.,1.));
#11440=DIRECTION('',(1.,0.,0.));
#11441=DIRECTION('',(0.,0.,1.));
#11442=DIRECTION('',(1.,0.,0.));
#11443=DIRECTION('',(0.,0.,1.));
#11444=DIRECTION('',(1.,0.,0.));
#11445=DIRECTION('',(0.,0.,-1.));
#11446=DIRECTION('',(-1.,0.,0.));
#11447=DIRECTION('',(0.,0.,1.));
#11448=DIRECTION('',(1.,0.,0.));
#11449=DIRECTION('',(0.,0.,1.));
#11450=DIRECTION('',(1.,0.,0.));
#11451=DIRECTION('',(0.,0.,1.));
#11452=DIRECTION('',(1.,0.,0.));
#11453=DIRECTION('',(0.,0.,1.));
#11454=DIRECTION('',(1.,0.,0.));
#11455=DIRECTION('',(0.,0.,1.));
#11456=DIRECTION('',(1.,0.,0.));
#11457=DIRECTION('',(0.,0.,-1.));
#11458=DIRECTION('',(-1.,0.,0.));
#11459=DIRECTION('',(0.,0.,1.));
#11460=DIRECTION('',(1.,0.,0.));
#11461=DIRECTION('',(0.,0.,1.));
#11462=DIRECTION('',(1.,0.,0.));
#11463=DIRECTION('',(0.,0.,1.));
#11464=DIRECTION('',(1.,0.,0.));
#11465=DIRECTION('',(0.,0.,1.));
#11466=DIRECTION('',(1.,0.,0.));
#11467=DIRECTION('',(0.,0.,1.));
#11468=DIRECTION('',(1.,0.,0.));
#11469=DIRECTION('',(0.,0.,-1.));
#11470=DIRECTION('',(-1.,0.,0.));
#11471=DIRECTION('',(0.,0.,1.));
#11472=DIRECTION('',(1.,0.,0.));
#11473=DIRECTION('',(0.,0.,1.));
#11474=DIRECTION('',(1.,0.,0.));
#11475=DIRECTION('',(0.,0.,1.));
#11476=DIRECTION('',(1.,0.,0.));
#11477=DIRECTION('',(0.,0.,1.));
#11478=DIRECTION('',(1.,0.,0.));
#11479=DIRECTION('',(0.,0.,1.));
#11480=DIRECTION('',(1.,0.,0.));
#11481=DIRECTION('',(0.,0.,-1.));
#11482=DIRECTION('',(-1.,0.,0.));
#11483=DIRECTION('',(0.,0.,1.));
#11484=DIRECTION('',(1.,0.,0.));
#11485=DIRECTION('',(0.,0.,1.));
#11486=DIRECTION('',(1.,0.,0.));
#11487=DIRECTION('',(0.,0.,1.));
#11488=DIRECTION('',(1.,0.,0.));
#11489=DIRECTION('',(0.,0.,1.));
#11490=DIRECTION('',(1.,0.,0.));
#11491=DIRECTION('',(0.,0.,1.));
#11492=DIRECTION('',(1.,0.,0.));
#11493=DIRECTION('',(0.,0.,-1.));
#11494=DIRECTION('',(-1.,0.,0.));
#11495=DIRECTION('',(0.,0.,1.));
#11496=DIRECTION('',(1.,0.,0.));
#11497=DIRECTION('',(0.,0.,1.));
#11498=DIRECTION('',(1.,0.,0.));
#11499=DIRECTION('',(0.,0.,1.));
#11500=DIRECTION('',(1.,0.,0.));
#11501=DIRECTION('',(0.,0.,1.));
#11502=DIRECTION('',(1.,0.,0.));
#11503=DIRECTION('',(0.,0.,1.));
#11504=DIRECTION('',(1.,0.,0.));
#11505=DIRECTION('',(0.,0.,-1.));
#11506=DIRECTION('',(-1.,0.,0.));
#11507=DIRECTION('',(0.,0.,1.));
#11508=DIRECTION('',(1.,0.,0.));
#11509=DIRECTION('',(0.,0.,1.));
#11510=DIRECTION('',(1.,0.,0.));
#11511=DIRECTION('',(0.,0.,1.));
#11512=DIRECTION('',(1.,0.,0.));
#11513=DIRECTION('',(0.,0.,1.));
#11514=DIRECTION('',(1.,0.,0.));
#11515=DIRECTION('',(0.,0.,1.));
#11516=DIRECTION('',(1.,0.,0.));
#11517=DIRECTION('',(0.,0.,-1.));
#11518=DIRECTION('',(-1.,0.,0.));
#11519=DIRECTION('',(0.,0.,1.));
#11520=DIRECTION('',(1.,0.,0.));
#11521=DIRECTION('',(0.,0.,1.));
#11522=DIRECTION('',(1.,0.,0.));
#11523=DIRECTION('',(0.,0.,1.));
#11524=DIRECTION('',(1.,0.,0.));
#11525=DIRECTION('',(0.,0.,1.));
#11526=DIRECTION('',(1.,0.,0.));
#11527=DIRECTION('',(0.,0.,1.));
#11528=DIRECTION('',(1.,0.,0.));
#11529=DIRECTION('',(0.,0.,-1.));
#11530=DIRECTION('',(-1.,0.,0.));
#11531=DIRECTION('',(0.,0.,1.));
#11532=DIRECTION('',(1.,0.,0.));
#11533=DIRECTION('',(0.,0.,1.));
#11534=DIRECTION('',(1.,0.,0.));
#11535=DIRECTION('',(0.,0.,1.));
#11536=DIRECTION('',(1.,0.,0.));
#11537=DIRECTION('',(0.,0.,1.));
#11538=DIRECTION('',(1.,0.,0.));
#11539=DIRECTION('',(0.,0.,1.));
#11540=DIRECTION('',(1.,0.,0.));
#11541=DIRECTION('',(0.,0.,-1.));
#11542=DIRECTION('',(-1.,0.,0.));
#11543=DIRECTION('',(0.,0.,1.));
#11544=DIRECTION('',(1.,0.,0.));
#11545=DIRECTION('',(0.,0.,1.));
#11546=DIRECTION('',(1.,0.,0.));
#11547=DIRECTION('',(0.,0.,1.));
#11548=DIRECTION('',(1.,0.,0.));
#11549=DIRECTION('',(0.,0.,1.));
#11550=DIRECTION('',(1.,0.,0.));
#11551=DIRECTION('',(0.,0.,1.));
#11552=DIRECTION('',(1.,0.,0.));
#11553=DIRECTION('',(0.,0.,-1.));
#11554=DIRECTION('',(-1.,0.,0.));
#11555=DIRECTION('',(0.,0.,1.));
#11556=DIRECTION('',(1.,0.,0.));
#11557=DIRECTION('',(0.,0.,1.));
#11558=DIRECTION('',(1.,0.,0.));
#11559=DIRECTION('',(0.,0.,1.));
#11560=DIRECTION('',(1.,0.,0.));
#11561=DIRECTION('',(0.,0.,1.));
#11562=DIRECTION('',(1.,0.,0.));
#11563=DIRECTION('',(0.,0.,1.));
#11564=DIRECTION('',(1.,0.,0.));
#11565=DIRECTION('',(0.,0.,-1.));
#11566=DIRECTION('',(-1.,0.,0.));
#11567=DIRECTION('',(0.,0.,1.));
#11568=DIRECTION('',(1.,0.,0.));
#11569=DIRECTION('',(0.,0.,1.));
#11570=DIRECTION('',(1.,0.,0.));
#11571=DIRECTION('',(0.,0.,1.));
#11572=DIRECTION('',(1.,0.,0.));
#11573=DIRECTION('',(0.,0.,1.));
#11574=DIRECTION('',(1.,0.,0.));
#11575=DIRECTION('',(0.,0.,1.));
#11576=DIRECTION('',(1.,0.,0.));
#11577=DIRECTION('',(0.,0.,-1.));
#11578=DIRECTION('',(-1.,0.,0.));
#11579=DIRECTION('',(0.,0.,1.));
#11580=DIRECTION('',(1.,0.,0.));
#11581=DIRECTION('',(0.,0.,1.));
#11582=DIRECTION('',(1.,0.,0.));
#11583=DIRECTION('',(0.,0.,1.));
#11584=DIRECTION('',(1.,0.,0.));
#11585=DIRECTION('',(0.,0.,1.));
#11586=DIRECTION('',(1.,0.,0.));
#11587=DIRECTION('',(0.,0.,1.));
#11588=DIRECTION('',(1.,0.,0.));
#11589=DIRECTION('',(0.,0.,-1.));
#11590=DIRECTION('',(-1.,0.,0.));
#11591=DIRECTION('',(0.,0.,1.));
#11592=DIRECTION('',(1.,0.,0.));
#11593=DIRECTION('',(0.,0.,1.));
#11594=DIRECTION('',(1.,0.,0.));
#11595=DIRECTION('',(0.,0.,1.));
#11596=DIRECTION('',(1.,0.,0.));
#11597=DIRECTION('',(0.,0.,1.));
#11598=DIRECTION('',(1.,0.,0.));
#11599=DIRECTION('',(0.,0.,1.));
#11600=DIRECTION('',(1.,0.,0.));
#11601=DIRECTION('',(0.,0.,-1.));
#11602=DIRECTION('',(-1.,0.,0.));
#11603=DIRECTION('',(0.,0.,1.));
#11604=DIRECTION('',(1.,0.,0.));
#11605=DIRECTION('',(0.,0.,1.));
#11606=DIRECTION('',(1.,0.,0.));
#11607=DIRECTION('',(0.,0.,1.));
#11608=DIRECTION('',(1.,0.,0.));
#11609=DIRECTION('',(0.,0.,1.));
#11610=DIRECTION('',(1.,0.,0.));
#11611=DIRECTION('',(0.,0.,1.));
#11612=DIRECTION('',(1.,0.,0.));
#11613=DIRECTION('',(0.,0.,-1.));
#11614=DIRECTION('',(-1.,0.,0.));
#11615=DIRECTION('',(0.,0.,1.));
#11616=DIRECTION('',(1.,0.,0.));
#11617=DIRECTION('',(0.,0.,1.));
#11618=DIRECTION('',(1.,0.,0.));
#11619=DIRECTION('',(0.,0.,1.));
#11620=DIRECTION('',(1.,0.,0.));
#11621=DIRECTION('',(0.,0.,1.));
#11622=DIRECTION('',(1.,0.,0.));
#11623=DIRECTION('',(0.,0.,1.));
#11624=DIRECTION('',(1.,0.,0.));
#11625=DIRECTION('',(0.,0.,-1.));
#11626=DIRECTION('',(-1.,0.,0.));
#11627=DIRECTION('',(0.,0.,1.));
#11628=DIRECTION('',(1.,0.,0.));
#11629=DIRECTION('',(0.,0.,1.));
#11630=DIRECTION('',(1.,0.,0.));
#11631=DIRECTION('',(0.,0.,1.));
#11632=DIRECTION('',(1.,0.,0.));
#11633=DIRECTION('',(0.,0.,1.));
#11634=DIRECTION('',(1.,0.,0.));
#11635=DIRECTION('',(0.,0.,1.));
#11636=DIRECTION('',(1.,0.,0.));
#11637=DIRECTION('',(0.,0.,-1.));
#11638=DIRECTION('',(-1.,0.,0.));
#11639=DIRECTION('',(0.,0.,1.));
#11640=DIRECTION('',(1.,0.,0.));
#11641=DIRECTION('',(0.,0.,1.));
#11642=DIRECTION('',(1.,0.,0.));
#11643=DIRECTION('',(0.,0.,1.));
#11644=DIRECTION('',(1.,0.,0.));
#11645=DIRECTION('',(0.,0.,1.));
#11646=DIRECTION('',(1.,0.,0.));
#11647=DIRECTION('',(0.,0.,1.));
#11648=DIRECTION('',(1.,0.,0.));
#11649=DIRECTION('',(0.,0.,-1.));
#11650=DIRECTION('',(-1.,0.,0.));
#11651=DIRECTION('',(0.,0.,1.));
#11652=DIRECTION('',(1.,0.,0.));
#11653=DIRECTION('',(0.,0.,1.));
#11654=DIRECTION('',(1.,0.,0.));
#11655=DIRECTION('',(0.,0.,1.));
#11656=DIRECTION('',(1.,0.,0.));
#11657=DIRECTION('',(0.,0.,1.));
#11658=DIRECTION('',(1.,0.,0.));
#11659=DIRECTION('',(0.,0.,1.));
#11660=DIRECTION('',(1.,0.,0.));
#11661=DIRECTION('',(0.,0.,-1.));
#11662=DIRECTION('',(-1.,0.,0.));
#11663=DIRECTION('',(0.,0.,1.));
#11664=DIRECTION('',(1.,0.,0.));
#11665=DIRECTION('',(0.,0.,1.));
#11666=DIRECTION('',(1.,0.,0.));
#11667=DIRECTION('',(0.,0.,1.));
#11668=DIRECTION('',(1.,0.,0.));
#11669=DIRECTION('',(0.,0.,1.));
#11670=DIRECTION('',(1.,0.,0.));
#11671=DIRECTION('',(0.,0.,1.));
#11672=DIRECTION('',(1.,0.,0.));
#11673=DIRECTION('',(0.,0.,-1.));
#11674=DIRECTION('',(-1.,0.,0.));
#11675=DIRECTION('',(0.,0.,1.));
#11676=DIRECTION('',(1.,0.,0.));
#11677=DIRECTION('',(0.,0.,1.));
#11678=DIRECTION('',(1.,0.,0.));
#11679=DIRECTION('',(0.,0.,1.));
#11680=DIRECTION('',(1.,0.,0.));
#11681=DIRECTION('',(0.,0.,1.));
#11682=DIRECTION('',(1.,0.,0.));
#11683=DIRECTION('',(0.,0.,1.));
#11684=DIRECTION('',(1.,0.,0.));
#11685=DIRECTION('',(0.,0.,-1.));
#11686=DIRECTION('',(-1.,0.,0.));
#11687=DIRECTION('',(0.,0.,1.));
#11688=DIRECTION('',(1.,0.,0.));
#11689=DIRECTION('',(0.,0.,1.));
#11690=DIRECTION('',(1.,0.,0.));
#11691=DIRECTION('',(0.,0.,1.));
#11692=DIRECTION('',(1.,0.,0.));
#11693=DIRECTION('',(0.,0.,1.));
#11694=DIRECTION('',(1.,0.,0.));
#11695=DIRECTION('',(0.,0.,1.));
#11696=DIRECTION('',(1.,0.,0.));
#11697=DIRECTION('',(0.,0.,-1.));
#11698=DIRECTION('',(-1.,0.,0.));
#11699=DIRECTION('',(0.,0.,1.));
#11700=DIRECTION('',(1.,0.,0.));
#11701=DIRECTION('',(0.,0.,1.));
#11702=DIRECTION('',(1.,0.,0.));
#11703=DIRECTION('',(0.,0.,1.));
#11704=DIRECTION('',(1.,0.,0.));
#11705=DIRECTION('',(0.,0.,1.));
#11706=DIRECTION('',(1.,0.,0.));
#11707=DIRECTION('',(0.,0.,1.));
#11708=DIRECTION('',(1.,0.,0.));
#11709=DIRECTION('',(0.,0.,-1.));
#11710=DIRECTION('',(-1.,0.,0.));
#11711=DIRECTION('',(0.,0.,1.));
#11712=DIRECTION('',(1.,0.,0.));
#11713=DIRECTION('',(0.,0.,1.));
#11714=DIRECTION('',(1.,0.,0.));
#11715=DIRECTION('',(0.,0.,1.));
#11716=DIRECTION('',(1.,0.,0.));
#11717=DIRECTION('',(0.,0.,1.));
#11718=DIRECTION('',(1.,0.,0.));
#11719=DIRECTION('',(0.,0.,1.));
#11720=DIRECTION('',(1.,0.,0.));
#11721=DIRECTION('',(0.,0.,-1.));
#11722=DIRECTION('',(-1.,0.,0.));
#11723=DIRECTION('',(0.,0.,1.));
#11724=DIRECTION('',(1.,0.,0.));
#11725=DIRECTION('',(0.,0.,1.));
#11726=DIRECTION('',(1.,0.,0.));
#11727=DIRECTION('',(0.,0.,1.));
#11728=DIRECTION('',(1.,0.,0.));
#11729=DIRECTION('',(0.,0.,1.));
#11730=DIRECTION('',(1.,0.,0.));
#11731=DIRECTION('',(0.,0.,1.));
#11732=DIRECTION('',(1.,0.,0.));
#11733=DIRECTION('',(0.,0.,-1.));
#11734=DIRECTION('',(-1.,0.,0.));
#11735=DIRECTION('',(0.,0.,1.));
#11736=DIRECTION('',(1.,0.,0.));
#11737=DIRECTION('',(0.,0.,1.));
#11738=DIRECTION('',(1.,0.,0.));
#11739=DIRECTION('',(0.,0.,1.));
#11740=DIRECTION('',(1.,0.,0.));
#11741=DIRECTION('',(0.,0.,1.));
#11742=DIRECTION('',(1.,0.,0.));
#11743=DIRECTION('',(0.,0.,1.));
#11744=DIRECTION('',(1.,0.,0.));
#11745=DIRECTION('',(0.,0.,-1.));
#11746=DIRECTION('',(-1.,0.,0.));
#11747=DIRECTION('',(0.,0.,1.));
#11748=DIRECTION('',(1.,0.,0.));
#11749=DIRECTION('',(0.,0.,1.));
#11750=DIRECTION('',(1.,0.,0.));
#11751=DIRECTION('',(0.,0.,1.));
#11752=DIRECTION('',(1.,0.,0.));
#11753=DIRECTION('',(0.,0.,1.));
#11754=DIRECTION('',(1.,0.,0.));
#11755=DIRECTION('',(0.,0.,1.));
#11756=DIRECTION('',(1.,0.,0.));
#11757=DIRECTION('',(0.,0.,-1.));
#11758=DIRECTION('',(-1.,0.,0.));
#11759=DIRECTION('',(0.,0.,1.));
#11760=DIRECTION('',(1.,0.,0.));
#11761=DIRECTION('',(0.,0.,1.));
#11762=DIRECTION('',(1.,0.,0.));
#11763=DIRECTION('',(0.,0.,1.));
#11764=DIRECTION('',(1.,0.,0.));
#11765=DIRECTION('',(0.,0.,1.));
#11766=DIRECTION('',(1.,0.,0.));
#11767=DIRECTION('',(0.,0.,1.));
#11768=DIRECTION('',(1.,0.,0.));
#11769=DIRECTION('',(0.,0.,-1.));
#11770=DIRECTION('',(-1.,0.,0.));
#11771=DIRECTION('',(0.,0.,1.));
#11772=DIRECTION('',(1.,0.,0.));
#11773=DIRECTION('',(0.,0.,1.));
#11774=DIRECTION('',(1.,0.,0.));
#11775=DIRECTION('',(0.,0.,1.));
#11776=DIRECTION('',(1.,0.,0.));
#11777=DIRECTION('',(0.,0.,1.));
#11778=DIRECTION('',(1.,0.,0.));
#11779=DIRECTION('',(0.,0.,1.));
#11780=DIRECTION('',(1.,0.,0.));
#11781=DIRECTION('',(0.,0.,-1.));
#11782=DIRECTION('',(-1.,0.,0.));
#11783=DIRECTION('',(0.,0.,1.));
#11784=DIRECTION('',(1.,0.,0.));
#11785=DIRECTION('',(0.,0.,1.));
#11786=DIRECTION('',(1.,0.,0.));
#11787=DIRECTION('',(0.,0.,1.));
#11788=DIRECTION('',(1.,0.,0.));
#11789=DIRECTION('',(0.,0.,1.));
#11790=DIRECTION('',(1.,0.,0.));
#11791=DIRECTION('',(0.,0.,1.));
#11792=DIRECTION('',(1.,0.,0.));
#11793=DIRECTION('',(0.,0.,-1.));
#11794=DIRECTION('',(-1.,0.,0.));
#11795=DIRECTION('',(0.,0.,1.));
#11796=DIRECTION('',(1.,0.,0.));
#11797=DIRECTION('',(0.,0.,1.));
#11798=DIRECTION('',(1.,0.,0.));
#11799=DIRECTION('',(0.,0.,1.));
#11800=DIRECTION('',(1.,0.,0.));
#11801=DIRECTION('',(0.,0.,1.));
#11802=DIRECTION('',(1.,0.,0.));
#11803=DIRECTION('',(0.,0.,1.));
#11804=DIRECTION('',(1.,0.,0.));
#11805=DIRECTION('',(0.,0.,-1.));
#11806=DIRECTION('',(-1.,0.,0.));
#11807=DIRECTION('',(0.,0.,1.));
#11808=DIRECTION('',(1.,0.,0.));
#11809=DIRECTION('',(0.,0.,1.));
#11810=DIRECTION('',(1.,0.,0.));
#11811=DIRECTION('',(0.,0.,1.));
#11812=DIRECTION('',(1.,0.,0.));
#11813=DIRECTION('',(0.,0.,1.));
#11814=DIRECTION('',(1.,0.,0.));
#11815=DIRECTION('',(0.,0.,1.));
#11816=DIRECTION('',(1.,0.,0.));
#11817=DIRECTION('',(0.,0.,-1.));
#11818=DIRECTION('',(-1.,0.,0.));
#11819=DIRECTION('',(0.,0.,1.));
#11820=DIRECTION('',(1.,0.,0.));
#11821=DIRECTION('',(0.,0.,1.));
#11822=DIRECTION('',(1.,0.,0.));
#11823=DIRECTION('',(0.,0.,1.));
#11824=DIRECTION('',(1.,0.,0.));
#11825=DIRECTION('',(0.,0.,1.));
#11826=DIRECTION('',(1.,0.,0.));
#11827=DIRECTION('',(0.,0.,1.));
#11828=DIRECTION('',(1.,0.,0.));
#11829=DIRECTION('',(0.,0.,-1.));
#11830=DIRECTION('',(-1.,0.,0.));
#11831=DIRECTION('',(0.,0.,1.));
#11832=DIRECTION('',(1.,0.,0.));
#11833=DIRECTION('',(0.,0.,1.));
#11834=DIRECTION('',(1.,0.,0.));
#11835=DIRECTION('',(0.,0.,1.));
#11836=DIRECTION('',(1.,0.,0.));
#11837=DIRECTION('',(0.,0.,1.));
#11838=DIRECTION('',(1.,0.,0.));
#11839=DIRECTION('',(0.,0.,1.));
#11840=DIRECTION('',(1.,0.,0.));
#11841=DIRECTION('',(0.,0.,-1.));
#11842=DIRECTION('',(-1.,0.,0.));
#11843=DIRECTION('',(0.,0.,1.));
#11844=DIRECTION('',(1.,0.,0.));
#11845=DIRECTION('',(0.,0.,1.));
#11846=DIRECTION('',(1.,0.,0.));
#11847=DIRECTION('',(0.,0.,1.));
#11848=DIRECTION('',(1.,0.,0.));
#11849=DIRECTION('',(0.,0.,1.));
#11850=DIRECTION('',(1.,0.,0.));
#11851=DIRECTION('',(0.,0.,1.));
#11852=DIRECTION('',(1.,0.,0.));
#11853=DIRECTION('',(0.,0.,-1.));
#11854=DIRECTION('',(-1.,0.,0.));
#11855=DIRECTION('',(0.,0.,1.));
#11856=DIRECTION('',(1.,0.,0.));
#11857=DIRECTION('',(0.,0.,1.));
#11858=DIRECTION('',(1.,0.,0.));
#11859=DIRECTION('',(0.,0.,1.));
#11860=DIRECTION('',(1.,0.,0.));
#11861=DIRECTION('',(0.,0.,1.));
#11862=DIRECTION('',(1.,0.,0.));
#11863=DIRECTION('',(0.,0.,1.));
#11864=DIRECTION('',(1.,0.,0.));
#11865=DIRECTION('',(0.,0.,-1.));
#11866=DIRECTION('',(-1.,0.,0.));
#11867=DIRECTION('',(0.,0.,1.));
#11868=DIRECTION('',(1.,0.,0.));
#11869=DIRECTION('',(0.,0.,1.));
#11870=DIRECTION('',(1.,0.,0.));
#11871=DIRECTION('',(0.,0.,1.));
#11872=DIRECTION('',(1.,0.,0.));
#11873=DIRECTION('',(0.,0.,1.));
#11874=DIRECTION('',(1.,0.,0.));
#11875=DIRECTION('',(0.,0.,1.));
#11876=DIRECTION('',(1.,0.,0.));
#11877=DIRECTION('',(0.,0.,-1.));
#11878=DIRECTION('',(-1.,0.,0.));
#11879=DIRECTION('',(0.,0.,1.));
#11880=DIRECTION('',(1.,0.,0.));
#11881=DIRECTION('',(0.,0.,1.));
#11882=DIRECTION('',(1.,0.,0.));
#11883=DIRECTION('',(0.,0.,1.));
#11884=DIRECTION('',(1.,0.,0.));
#11885=DIRECTION('',(0.,0.,1.));
#11886=DIRECTION('',(1.,0.,0.));
#11887=DIRECTION('',(0.,0.,1.));
#11888=DIRECTION('',(1.,0.,0.));
#11889=DIRECTION('',(0.,0.,-1.));
#11890=DIRECTION('',(-1.,0.,0.));
#11891=DIRECTION('',(0.,0.,1.));
#11892=DIRECTION('',(1.,0.,0.));
#11893=DIRECTION('',(0.,0.,1.));
#11894=DIRECTION('',(1.,0.,0.));
#11895=DIRECTION('',(0.,0.,1.));
#11896=DIRECTION('',(1.,0.,0.));
#11897=DIRECTION('',(0.,0.,1.));
#11898=DIRECTION('',(1.,0.,0.));
#11899=DIRECTION('',(0.,0.,1.));
#11900=DIRECTION('',(1.,0.,0.));
#11901=DIRECTION('',(0.,0.,-1.));
#11902=DIRECTION('',(-1.,0.,0.));
#11903=DIRECTION('',(0.,0.,1.));
#11904=DIRECTION('',(1.,0.,0.));
#11905=DIRECTION('',(0.,0.,1.));
#11906=DIRECTION('',(1.,0.,0.));
#11907=DIRECTION('',(0.,0.,1.));
#11908=DIRECTION('',(1.,0.,0.));
#11909=DIRECTION('',(0.,0.,1.));
#11910=DIRECTION('',(1.,0.,0.));
#11911=DIRECTION('',(0.,0.,1.));
#11912=DIRECTION('',(1.,0.,0.));
#11913=DIRECTION('',(0.,0.,-1.));
#11914=DIRECTION('',(-1.,0.,0.));
#11915=DIRECTION('',(0.,0.,1.));
#11916=DIRECTION('',(1.,0.,0.));
#11917=DIRECTION('',(0.,0.,1.));
#11918=DIRECTION('',(1.,0.,0.));
#11919=DIRECTION('',(0.,0.,1.));
#11920=DIRECTION('',(1.,0.,0.));
#11921=DIRECTION('',(0.,0.,1.));
#11922=DIRECTION('',(1.,0.,0.));
#11923=DIRECTION('',(0.,0.,1.));
#11924=DIRECTION('',(1.,0.,0.));
#11925=DIRECTION('',(0.,0.,-1.));
#11926=DIRECTION('',(-1.,0.,0.));
#11927=DIRECTION('',(0.,0.,1.));
#11928=DIRECTION('',(1.,0.,0.));
#11929=DIRECTION('',(0.,0.,1.));
#11930=DIRECTION('',(1.,0.,0.));
#11931=DIRECTION('',(0.,0.,1.));
#11932=DIRECTION('',(1.,0.,0.));
#11933=DIRECTION('',(0.,0.,1.));
#11934=DIRECTION('',(1.,0.,0.));
#11935=DIRECTION('',(0.,0.,1.));
#11936=DIRECTION('',(1.,0.,0.));
#11937=DIRECTION('',(0.,0.,-1.));
#11938=DIRECTION('',(-1.,0.,0.));
#11939=DIRECTION('',(0.,0.,1.));
#11940=DIRECTION('',(1.,0.,0.));
#11941=DIRECTION('',(0.,0.,1.));
#11942=DIRECTION('',(1.,0.,0.));
#11943=DIRECTION('',(0.,0.,1.));
#11944=DIRECTION('',(1.,0.,0.));
#11945=DIRECTION('',(0.,0.,1.));
#11946=DIRECTION('',(1.,0.,0.));
#11947=DIRECTION('',(0.,0.,1.));
#11948=DIRECTION('',(1.,0.,0.));
#11949=DIRECTION('',(0.,0.,-1.));
#11950=DIRECTION('',(-1.,0.,0.));
#11951=DIRECTION('',(0.,0.,1.));
#11952=DIRECTION('',(1.,0.,0.));
#11953=DIRECTION('',(0.,0.,1.));
#11954=DIRECTION('',(1.,0.,0.));
#11955=DIRECTION('',(0.,0.,1.));
#11956=DIRECTION('',(1.,0.,0.));
#11957=DIRECTION('',(0.,0.,1.));
#11958=DIRECTION('',(1.,0.,0.));
#11959=DIRECTION('',(0.,0.,1.));
#11960=DIRECTION('',(1.,0.,0.));
#11961=DIRECTION('',(0.,0.,-1.));
#11962=DIRECTION('',(-1.,0.,0.));
#11963=DIRECTION('',(0.,0.,1.));
#11964=DIRECTION('',(1.,0.,0.));
#11965=DIRECTION('',(0.,0.,1.));
#11966=DIRECTION('',(1.,0.,0.));
#11967=DIRECTION('',(0.,0.,1.));
#11968=DIRECTION('',(1.,0.,0.));
#11969=DIRECTION('',(0.,0.,1.));
#11970=DIRECTION('',(1.,0.,0.));
#11971=DIRECTION('',(0.,0.,1.));
#11972=DIRECTION('',(1.,0.,0.));
#11973=DIRECTION('',(0.,0.,-1.));
#11974=DIRECTION('',(-1.,0.,0.));
#11975=DIRECTION('',(0.,0.,1.));
#11976=DIRECTION('',(1.,0.,0.));
#11977=DIRECTION('',(0.,0.,1.));
#11978=DIRECTION('',(1.,0.,0.));
#11979=DIRECTION('',(0.,0.,1.));
#11980=DIRECTION('',(1.,0.,0.));
#11981=DIRECTION('',(0.,0.,1.));
#11982=DIRECTION('',(1.,0.,0.));
#11983=DIRECTION('',(0.,0.,1.));
#11984=DIRECTION('',(1.,0.,0.));
#11985=DIRECTION('',(0.,0.,-1.));
#11986=DIRECTION('',(-1.,0.,0.));
#11987=DIRECTION('',(0.,0.,1.));
#11988=DIRECTION('',(1.,0.,0.));
#11989=DIRECTION('',(0.,0.,1.));
#11990=DIRECTION('',(1.,0.,0.));
#11991=DIRECTION('',(0.,0.,1.));
#11992=DIRECTION('',(1.,0.,0.));
#11993=DIRECTION('',(0.,0.,1.));
#11994=DIRECTION('',(1.,0.,0.));
#11995=DIRECTION('',(0.,0.,1.));
#11996=DIRECTION('',(1.,0.,0.));
#11997=DIRECTION('',(0.,0.,-1.));
#11998=DIRECTION('',(-1.,0.,0.));
#11999=DIRECTION('',(0.,0.,1.));
#12000=DIRECTION('',(1.,0.,0.));
#12001=DIRECTION('',(0.,0.,1.));
#12002=DIRECTION('',(1.,0.,0.));
#12003=DIRECTION('',(0.,0.,1.));
#12004=DIRECTION('',(1.,0.,0.));
#12005=DIRECTION('',(0.,0.,1.));
#12006=DIRECTION('',(1.,0.,0.));
#12007=DIRECTION('',(0.,0.,1.));
#12008=DIRECTION('',(1.,0.,0.));
#12009=DIRECTION('',(0.,0.,-1.));
#12010=DIRECTION('',(-1.,0.,0.));
#12011=DIRECTION('',(0.,0.,1.));
#12012=DIRECTION('',(1.,0.,0.));
#12013=DIRECTION('',(0.,0.,1.));
#12014=DIRECTION('',(1.,0.,0.));
#12015=DIRECTION('',(0.,0.,1.));
#12016=DIRECTION('',(1.,0.,0.));
#12017=DIRECTION('',(0.,0.,1.));
#12018=DIRECTION('',(1.,0.,0.));
#12019=DIRECTION('',(0.,0.,1.));
#12020=DIRECTION('',(1.,0.,0.));
#12021=DIRECTION('',(0.,0.,-1.));
#12022=DIRECTION('',(-1.,0.,0.));
#12023=DIRECTION('',(0.,0.,1.));
#12024=DIRECTION('',(1.,0.,0.));
#12025=DIRECTION('',(0.,0.,1.));
#12026=DIRECTION('',(1.,0.,0.));
#12027=DIRECTION('',(0.,0.,1.));
#12028=DIRECTION('',(1.,0.,0.));
#12029=DIRECTION('',(0.,0.,1.));
#12030=DIRECTION('',(1.,0.,0.));
#12031=DIRECTION('',(0.,0.,1.));
#12032=DIRECTION('',(1.,0.,0.));
#12033=DIRECTION('',(0.,0.,-1.));
#12034=DIRECTION('',(-1.,0.,0.));
#12035=DIRECTION('',(0.,0.,1.));
#12036=DIRECTION('',(1.,0.,0.));
#12037=DIRECTION('',(0.,0.,1.));
#12038=DIRECTION('',(1.,0.,0.));
#12039=DIRECTION('',(0.,0.,1.));
#12040=DIRECTION('',(1.,0.,0.));
#12041=DIRECTION('',(0.,0.,1.));
#12042=DIRECTION('',(1.,0.,0.));
#12043=DIRECTION('',(0.,0.,1.));
#12044=DIRECTION('',(1.,0.,0.));
#12045=DIRECTION('',(0.,0.,-1.));
#12046=DIRECTION('',(-1.,0.,0.));
#12047=DIRECTION('',(0.,0.,1.));
#12048=DIRECTION('',(1.,0.,0.));
#12049=DIRECTION('',(0.,0.,1.));
#12050=DIRECTION('',(1.,0.,0.));
#12051=DIRECTION('',(0.,0.,1.));
#12052=DIRECTION('',(1.,0.,0.));
#12053=DIRECTION('',(0.,0.,1.));
#12054=DIRECTION('',(1.,0.,0.));
#12055=DIRECTION('',(0.,0.,1.));
#12056=DIRECTION('',(1.,0.,0.));
#12057=DIRECTION('',(0.,0.,-1.));
#12058=DIRECTION('',(-1.,0.,0.));
#12059=DIRECTION('',(0.,0.,1.));
#12060=DIRECTION('',(1.,0.,0.));
#12061=DIRECTION('',(0.,0.,1.));
#12062=DIRECTION('',(1.,0.,0.));
#12063=DIRECTION('',(0.,0.,1.));
#12064=DIRECTION('',(1.,0.,0.));
#12065=DIRECTION('',(0.,0.,1.));
#12066=DIRECTION('',(1.,0.,0.));
#12067=DIRECTION('',(0.,0.,1.));
#12068=DIRECTION('',(1.,0.,0.));
#12069=DIRECTION('',(0.,0.,-1.));
#12070=DIRECTION('',(-1.,0.,0.));
#12071=DIRECTION('',(0.,0.,1.));
#12072=DIRECTION('',(1.,0.,0.));
#12073=DIRECTION('',(0.,0.,1.));
#12074=DIRECTION('',(1.,0.,0.));
#12075=DIRECTION('',(0.,0.,1.));
#12076=DIRECTION('',(1.,0.,0.));
#12077=DIRECTION('',(0.,0.,1.));
#12078=DIRECTION('',(1.,0.,0.));
#12079=DIRECTION('',(0.,0.,1.));
#12080=DIRECTION('',(1.,0.,0.));
#12081=DIRECTION('',(0.,0.,-1.));
#12082=DIRECTION('',(-1.,0.,0.));
#12083=DIRECTION('',(0.,0.,1.));
#12084=DIRECTION('',(1.,0.,0.));
#12085=DIRECTION('',(0.,0.,1.));
#12086=DIRECTION('',(1.,0.,0.));
#12087=DIRECTION('',(0.,0.,1.));
#12088=DIRECTION('',(1.,0.,0.));
#12089=DIRECTION('',(0.,0.,1.));
#12090=DIRECTION('',(1.,0.,0.));
#12091=DIRECTION('',(0.,0.,1.));
#12092=DIRECTION('',(1.,0.,0.));
#12093=DIRECTION('',(0.,0.,-1.));
#12094=DIRECTION('',(-1.,0.,0.));
#12095=DIRECTION('',(0.,0.,1.));
#12096=DIRECTION('',(1.,0.,0.));
#12097=DIRECTION('',(0.,0.,1.));
#12098=DIRECTION('',(1.,0.,0.));
#12099=DIRECTION('',(0.,0.,1.));
#12100=DIRECTION('',(1.,0.,0.));
#12101=DIRECTION('',(0.,0.,1.));
#12102=DIRECTION('',(1.,0.,0.));
#12103=DIRECTION('',(0.,0.,1.));
#12104=DIRECTION('',(1.,0.,0.));
#12105=DIRECTION('',(0.,0.,-1.));
#12106=DIRECTION('',(-1.,0.,0.));
#12107=DIRECTION('',(0.,0.,1.));
#12108=DIRECTION('',(1.,0.,0.));
#12109=DIRECTION('',(0.,0.,1.));
#12110=DIRECTION('',(1.,0.,0.));
#12111=DIRECTION('',(0.,0.,1.));
#12112=DIRECTION('',(1.,0.,0.));
#12113=DIRECTION('',(0.,0.,1.));
#12114=DIRECTION('',(1.,0.,0.));
#12115=DIRECTION('',(0.,0.,1.));
#12116=DIRECTION('',(1.,0.,0.));
#12117=DIRECTION('',(0.,0.,-1.));
#12118=DIRECTION('',(-1.,0.,0.));
#12119=DIRECTION('',(0.,0.,1.));
#12120=DIRECTION('',(1.,0.,0.));
#12121=DIRECTION('',(0.,0.,1.));
#12122=DIRECTION('',(1.,0.,0.));
#12123=DIRECTION('',(0.,0.,1.));
#12124=DIRECTION('',(1.,0.,0.));
#12125=DIRECTION('',(0.,0.,1.));
#12126=DIRECTION('',(1.,0.,0.));
#12127=DIRECTION('',(0.,0.,1.));
#12128=DIRECTION('',(1.,0.,0.));
#12129=DIRECTION('',(0.,0.,-1.));
#12130=DIRECTION('',(-1.,0.,0.));
#12131=DIRECTION('',(0.,0.,1.));
#12132=DIRECTION('',(1.,0.,0.));
#12133=DIRECTION('',(0.,0.,1.));
#12134=DIRECTION('',(1.,0.,0.));
#12135=DIRECTION('',(0.,0.,1.));
#12136=DIRECTION('',(1.,0.,0.));
#12137=DIRECTION('',(0.,0.,1.));
#12138=DIRECTION('',(1.,0.,0.));
#12139=DIRECTION('',(0.,0.,1.));
#12140=DIRECTION('',(1.,0.,0.));
#12141=DIRECTION('',(0.,0.,-1.));
#12142=DIRECTION('',(-1.,0.,0.));
#12143=DIRECTION('',(0.,0.,1.));
#12144=DIRECTION('',(1.,0.,0.));
#12145=DIRECTION('',(0.,0.,1.));
#12146=DIRECTION('',(1.,0.,0.));
#12147=DIRECTION('',(0.,0.,1.));
#12148=DIRECTION('',(1.,0.,0.));
#12149=DIRECTION('',(0.,0.,1.));
#12150=DIRECTION('',(1.,0.,0.));
#12151=DIRECTION('',(0.,0.,1.));
#12152=DIRECTION('',(1.,0.,0.));
#12153=DIRECTION('',(0.,0.,-1.));
#12154=DIRECTION('',(-1.,0.,0.));
#12155=DIRECTION('',(0.,0.,1.));
#12156=DIRECTION('',(1.,0.,0.));
#12157=DIRECTION('',(0.,0.,1.));
#12158=DIRECTION('',(1.,0.,0.));
#12159=DIRECTION('',(0.,0.,1.));
#12160=DIRECTION('',(1.,0.,0.));
#12161=DIRECTION('',(0.,0.,1.));
#12162=DIRECTION('',(1.,0.,0.));
#12163=DIRECTION('',(0.,0.,1.));
#12164=DIRECTION('',(1.,0.,0.));
#12165=DIRECTION('',(0.,0.,-1.));
#12166=DIRECTION('',(-1.,0.,0.));
#12167=DIRECTION('',(0.,0.,1.));
#12168=DIRECTION('',(1.,0.,0.));
#12169=DIRECTION('',(0.,0.,1.));
#12170=DIRECTION('',(1.,0.,0.));
#12171=DIRECTION('',(0.,0.,1.));
#12172=DIRECTION('',(1.,0.,0.));
#12173=DIRECTION('',(0.,0.,1.));
#12174=DIRECTION('',(1.,0.,0.));
#12175=DIRECTION('',(0.,0.,1.));
#12176=DIRECTION('',(1.,0.,0.));
#12177=DIRECTION('',(0.,0.,-1.));
#12178=DIRECTION('',(-1.,0.,0.));
#12179=DIRECTION('',(0.,0.,1.));
#12180=DIRECTION('',(1.,0.,0.));
#12181=DIRECTION('',(0.,0.,1.));
#12182=DIRECTION('',(1.,0.,0.));
#12183=DIRECTION('',(0.,0.,1.));
#12184=DIRECTION('',(1.,0.,0.));
#12185=DIRECTION('',(0.,0.,1.));
#12186=DIRECTION('',(1.,0.,0.));
#12187=DIRECTION('',(0.,0.,1.));
#12188=DIRECTION('',(1.,0.,0.));
#12189=DIRECTION('',(0.,0.,-1.));
#12190=DIRECTION('',(-1.,0.,0.));
#12191=DIRECTION('',(0.,0.,1.));
#12192=DIRECTION('',(1.,0.,0.));
#12193=DIRECTION('',(0.,0.,1.));
#12194=DIRECTION('',(1.,0.,0.));
#12195=DIRECTION('',(0.,0.,1.));
#12196=DIRECTION('',(1.,0.,0.));
#12197=DIRECTION('',(0.,0.,1.));
#12198=DIRECTION('',(1.,0.,0.));
#12199=DIRECTION('',(0.,0.,1.));
#12200=DIRECTION('',(1.,0.,0.));
#12201=DIRECTION('',(0.,0.,-1.));
#12202=DIRECTION('',(-1.,0.,0.));
#12203=DIRECTION('',(0.,0.,1.));
#12204=DIRECTION('',(1.,0.,0.));
#12205=DIRECTION('',(0.,0.,1.));
#12206=DIRECTION('',(1.,0.,0.));
#12207=DIRECTION('',(0.,0.,1.));
#12208=DIRECTION('',(1.,0.,0.));
#12209=DIRECTION('',(0.,0.,1.));
#12210=DIRECTION('',(1.,0.,0.));
#12211=DIRECTION('',(0.,0.,1.));
#12212=DIRECTION('',(1.,0.,0.));
#12213=DIRECTION('',(0.,0.,-1.));
#12214=DIRECTION('',(-1.,0.,0.));
#12215=DIRECTION('',(0.,0.,1.));
#12216=DIRECTION('',(1.,0.,0.));
#12217=DIRECTION('',(0.,0.,1.));
#12218=DIRECTION('',(1.,0.,0.));
#12219=DIRECTION('',(0.,0.,1.));
#12220=DIRECTION('',(1.,0.,0.));
#12221=DIRECTION('',(0.,0.,1.));
#12222=DIRECTION('',(1.,0.,0.));
#12223=DIRECTION('',(0.,0.,1.));
#12224=DIRECTION('',(1.,0.,0.));
#12225=DIRECTION('',(0.,0.,-1.));
#12226=DIRECTION('',(-1.,0.,0.));
#12227=DIRECTION('',(0.,0.,1.));
#12228=DIRECTION('',(1.,0.,0.));
#12229=DIRECTION('',(0.,0.,1.));
#12230=DIRECTION('',(1.,0.,0.));
#12231=DIRECTION('',(0.,0.,1.));
#12232=DIRECTION('',(1.,0.,0.));
#12233=DIRECTION('',(0.,0.,1.));
#12234=DIRECTION('',(1.,0.,0.));
#12235=DIRECTION('',(0.,0.,1.));
#12236=DIRECTION('',(1.,0.,0.));
#12237=DIRECTION('',(0.,0.,-1.));
#12238=DIRECTION('',(-1.,0.,0.));
#12239=DIRECTION('',(0.,0.,1.));
#12240=DIRECTION('',(1.,0.,0.));
#12241=DIRECTION('',(0.,0.,1.));
#12242=DIRECTION('',(1.,0.,0.));
#12243=DIRECTION('',(0.,0.,1.));
#12244=DIRECTION('',(1.,0.,0.));
#12245=DIRECTION('',(0.,0.,1.));
#12246=DIRECTION('',(1.,0.,0.));
#12247=DIRECTION('',(0.,0.,1.));
#12248=DIRECTION('',(1.,0.,0.));
#12249=DIRECTION('',(0.,0.,-1.));
#12250=DIRECTION('',(-1.,0.,0.));
#12251=DIRECTION('',(0.,0.,1.));
#12252=DIRECTION('',(1.,0.,0.));
#12253=DIRECTION('',(0.,0.,1.));
#12254=DIRECTION('',(1.,0.,0.));
#12255=DIRECTION('',(0.,0.,1.));
#12256=DIRECTION('',(1.,0.,0.));
#12257=DIRECTION('',(0.,0.,1.));
#12258=DIRECTION('',(1.,0.,0.));
#12259=DIRECTION('',(0.,0.,1.));
#12260=DIRECTION('',(1.,0.,0.));
#12261=DIRECTION('',(0.,0.,-1.));
#12262=DIRECTION('',(-1.,0.,0.));
#12263=DIRECTION('',(0.,0.,1.));
#12264=DIRECTION('',(1.,0.,0.));
#12265=DIRECTION('',(0.,0.,1.));
#12266=DIRECTION('',(1.,0.,0.));
#12267=DIRECTION('',(0.,0.,1.));
#12268=DIRECTION('',(1.,0.,0.));
#12269=DIRECTION('',(0.,0.,1.));
#12270=DIRECTION('',(1.,0.,0.));
#12271=DIRECTION('',(0.,0.,1.));
#12272=DIRECTION('',(1.,0.,0.));
#12273=DIRECTION('',(0.,0.,-1.));
#12274=DIRECTION('',(-1.,0.,0.));
#12275=DIRECTION('',(0.,0.,1.));
#12276=DIRECTION('',(1.,0.,0.));
#12277=DIRECTION('',(0.,0.,1.));
#12278=DIRECTION('',(1.,0.,0.));
#12279=DIRECTION('',(0.,0.,1.));
#12280=DIRECTION('',(1.,0.,0.));
#12281=DIRECTION('',(0.,0.,1.));
#12282=DIRECTION('',(1.,0.,0.));
#12283=DIRECTION('',(0.,0.,1.));
#12284=DIRECTION('',(1.,0.,0.));
#12285=DIRECTION('',(0.,0.,-1.));
#12286=DIRECTION('',(-1.,0.,0.));
#12287=DIRECTION('',(0.,0.,1.));
#12288=DIRECTION('',(1.,0.,0.));
#12289=DIRECTION('',(0.,0.,1.));
#12290=DIRECTION('',(1.,0.,0.));
#12291=DIRECTION('',(0.,0.,1.));
#12292=DIRECTION('',(1.,0.,0.));
#12293=DIRECTION('',(0.,0.,1.));
#12294=DIRECTION('',(1.,0.,0.));
#12295=DIRECTION('',(0.,0.,1.));
#12296=DIRECTION('',(1.,0.,0.));
#12297=DIRECTION('',(0.,0.,-1.));
#12298=DIRECTION('',(-1.,0.,0.));
#12299=DIRECTION('',(0.,0.,1.));
#12300=DIRECTION('',(1.,0.,0.));
#12301=DIRECTION('',(0.,0.,1.));
#12302=DIRECTION('',(1.,0.,0.));
#12303=DIRECTION('',(0.,0.,1.));
#12304=DIRECTION('',(1.,0.,0.));
#12305=DIRECTION('',(0.,0.,1.));
#12306=DIRECTION('',(1.,0.,0.));
#12307=DIRECTION('',(0.,0.,1.));
#12308=DIRECTION('',(1.,0.,0.));
#12309=DIRECTION('',(0.,0.,-1.));
#12310=DIRECTION('',(-1.,0.,0.));
#12311=DIRECTION('',(0.,0.,1.));
#12312=DIRECTION('',(1.,0.,0.));
#12313=DIRECTION('',(0.,0.,1.));
#12314=DIRECTION('',(1.,0.,0.));
#12315=DIRECTION('',(0.,0.,1.));
#12316=DIRECTION('',(1.,0.,0.));
#12317=DIRECTION('',(0.,0.,1.));
#12318=DIRECTION('',(1.,0.,0.));
#12319=DIRECTION('',(0.,0.,1.));
#12320=DIRECTION('',(1.,0.,0.));
#12321=DIRECTION('',(-0.458467925604035,0.888710954806079,0.));
#12322=DIRECTION('',(-0.88871095480608,-0.458467925604035,0.));
#12323=DIRECTION('',(0.888710954806079,0.458467925604035,0.));
#12324=DIRECTION('',(0.,0.,-1.));
#12325=DIRECTION('',(0.888710954806079,0.458467925604035,0.));
#12326=DIRECTION('',(0.,0.,-1.));
#12327=DIRECTION('',(1.,0.,0.));
#12328=DIRECTION('',(0.,0.,-1.));
#12329=DIRECTION('',(0.,-1.,0.));
#12330=DIRECTION('',(0.,0.,-1.));
#12331=DIRECTION('',(0.,-1.,0.));
#12332=DIRECTION('',(0.481822917205381,-0.876268609762838,0.));
#12333=DIRECTION('',(0.876268609762838,0.481822917205381,0.));
#12334=DIRECTION('',(-0.876268609762838,-0.481822917205381,0.));
#12335=DIRECTION('',(0.,0.,-1.));
#12336=DIRECTION('',(-0.876268609762838,-0.481822917205381,0.));
#12337=DIRECTION('',(1.,0.,0.));
#12338=DIRECTION('',(0.,0.,-1.));
#12339=DIRECTION('',(0.,-1.,0.));
#12340=DIRECTION('',(0.,0.,-1.));
#12341=DIRECTION('',(0.,-1.,0.));
#12342=DIRECTION('',(0.,0.,-1.));
#12343=DIRECTION('',(0.447134274162101,-0.894466847272458,0.));
#12344=DIRECTION('',(0.894466847272458,0.447134274162101,0.));
#12345=DIRECTION('',(-0.894466847272458,-0.447134274162101,0.));
#12346=DIRECTION('',(0.,0.,-1.));
#12347=DIRECTION('',(-0.894466847272458,-0.447134274162101,0.));
#12348=DIRECTION('',(1.,0.,0.));
#12349=DIRECTION('',(0.,0.,-1.));
#12350=DIRECTION('',(0.,-1.,0.));
#12351=DIRECTION('',(0.,0.,-1.));
#12352=DIRECTION('',(0.,-1.,0.));
#12353=DIRECTION('',(0.481822917205381,-0.876268609762838,0.));
#12354=DIRECTION('',(0.876268609762838,0.481822917205381,0.));
#12355=DIRECTION('',(-0.876268609762838,-0.481822917205381,0.));
#12356=DIRECTION('',(0.,0.,-1.));
#12357=DIRECTION('',(-0.876268609762838,-0.481822917205381,0.));
#12358=DIRECTION('',(0.,0.,-1.));
#12359=DIRECTION('',(1.,0.,0.));
#12360=DIRECTION('',(0.,0.,-1.));
#12361=DIRECTION('',(0.,-1.,0.));
#12362=DIRECTION('',(0.,0.,-1.));
#12363=DIRECTION('',(0.,-1.,0.));
#12364=DIRECTION('',(-0.458467925604035,0.888710954806079,0.));
#12365=DIRECTION('',(-0.888710954806079,-0.458467925604035,0.));
#12366=DIRECTION('',(0.888710954806079,0.458467925604035,0.));
#12367=DIRECTION('',(0.,0.,-1.));
#12368=DIRECTION('',(0.888710954806079,0.458467925604035,0.));
#12369=DIRECTION('',(0.447134274162101,-0.894466847272458,0.));
#12370=DIRECTION('',(0.894466847272458,0.447134274162101,0.));
#12371=DIRECTION('',(-0.894466847272458,-0.447134274162101,0.));
#12372=DIRECTION('',(0.,0.,-1.));
#12373=DIRECTION('',(-0.894466847272458,-0.447134274162101,0.));
#12374=DIRECTION('',(0.,0.,-1.));
#12375=DIRECTION('',(1.,0.,0.));
#12376=DIRECTION('',(0.,0.,-1.));
#12377=DIRECTION('',(0.,-1.,0.));
#12378=DIRECTION('',(0.,0.,-1.));
#12379=DIRECTION('',(0.,-1.,0.));
#12380=DIRECTION('',(-0.481822917205381,0.876268609762838,0.));
#12381=DIRECTION('',(-0.876268609762838,-0.481822917205381,0.));
#12382=DIRECTION('',(0.876268609762838,0.481822917205381,0.));
#12383=DIRECTION('',(0.,0.,-1.));
#12384=DIRECTION('',(0.876268609762838,0.481822917205381,0.));
#12385=DIRECTION('',(0.360081281902529,0.932920934711743,0.));
#12386=DIRECTION('',(-0.932920934711743,0.360081281902529,0.));
#12387=DIRECTION('',(0.932920934711743,-0.360081281902529,0.));
#12388=DIRECTION('',(0.,0.,-1.));
#12389=DIRECTION('',(0.932920934711743,-0.360081281902529,0.));
#12390=DIRECTION('',(0.,0.,-1.));
#12391=DIRECTION('',(0.481822917205381,-0.876268609762838,0.));
#12392=DIRECTION('',(0.876268609762838,0.481822917205381,0.));
#12393=DIRECTION('',(-0.876268609762838,-0.481822917205381,0.));
#12394=DIRECTION('',(0.,0.,-1.));
#12395=DIRECTION('',(-0.876268609762838,-0.481822917205381,0.));
#12396=DIRECTION('',(1.,0.,0.));
#12397=DIRECTION('',(0.,0.,-1.));
#12398=DIRECTION('',(0.,-1.,0.));
#12399=DIRECTION('',(0.,0.,-1.));
#12400=DIRECTION('',(0.,-1.,0.));
#12401=DIRECTION('',(0.,0.,-1.));
#12402=DIRECTION('',(0.41762621444298,0.908618921776355,0.));
#12403=DIRECTION('',(-0.908618921776355,0.41762621444298,0.));
#12404=DIRECTION('',(0.908618921776355,-0.41762621444298,0.));
#12405=DIRECTION('',(0.,0.,-1.));
#12406=DIRECTION('',(0.908618921776355,-0.41762621444298,0.));
#12407=DIRECTION('',(0.,1.,0.));
#12408=DIRECTION('',(0.,0.,1.));
#12409=DIRECTION('',(1.,0.,0.));
#12410=DIRECTION('',(0.,0.,-1.));
#12411=DIRECTION('',(1.,0.,0.));
#12412=DIRECTION('',(0.,0.,-1.));
#12413=DIRECTION('',(1.,0.,0.));
#12414=DIRECTION('',(0.,0.,-1.));
#12415=DIRECTION('',(0.,-1.,0.));
#12416=DIRECTION('',(0.,0.,-1.));
#12417=DIRECTION('',(0.,-1.,0.));
#12418=DIRECTION('',(-0.447134274162101,0.894466847272458,0.));
#12419=DIRECTION('',(-0.894466847272458,-0.447134274162101,0.));
#12420=DIRECTION('',(0.894466847272458,0.447134274162101,0.));
#12421=DIRECTION('',(0.,0.,-1.));
#12422=DIRECTION('',(0.894466847272458,0.447134274162101,0.));
#12423=DIRECTION('',(-1.,0.,0.));
#12424=DIRECTION('',(0.,0.,1.));
#12425=DIRECTION('',(0.,1.,0.));
#12426=DIRECTION('',(0.,0.,-1.));
#12427=DIRECTION('',(0.,1.,0.));
#12428=DIRECTION('',(0.,-1.,0.));
#12429=DIRECTION('',(0.,0.,-1.));
#12430=DIRECTION('',(-1.,0.,0.));
#12431=DIRECTION('',(0.,0.,-1.));
#12432=DIRECTION('',(-1.,0.,0.));
#12433=DIRECTION('',(1.,0.,0.));
#12434=DIRECTION('',(0.,0.,-1.));
#12435=DIRECTION('',(0.,-1.,0.));
#12436=DIRECTION('',(0.,0.,-1.));
#12437=DIRECTION('',(0.,-1.,0.));
#12438=DIRECTION('',(-0.447134274162101,0.894466847272458,0.));
#12439=DIRECTION('',(-0.894466847272458,-0.447134274162101,0.));
#12440=DIRECTION('',(0.894466847272458,0.447134274162101,0.));
#12441=DIRECTION('',(0.,0.,-1.));
#12442=DIRECTION('',(0.894466847272458,0.447134274162101,0.));
#12443=DIRECTION('',(1.,0.,0.));
#12444=DIRECTION('',(0.,0.,-1.));
#12445=DIRECTION('',(0.,-1.,0.));
#12446=DIRECTION('',(0.,0.,-1.));
#12447=DIRECTION('',(0.,-1.,0.));
#12448=DIRECTION('',(0.,1.,0.));
#12449=DIRECTION('',(0.,0.,1.));
#12450=DIRECTION('',(1.,0.,0.));
#12451=DIRECTION('',(0.,0.,-1.));
#12452=DIRECTION('',(1.,0.,0.));
#12453=DIRECTION('',(-1.,-6.61643837266764E-16,0.));
#12454=DIRECTION('',(6.61643837266764E-16,-1.,0.));
#12455=DIRECTION('',(-6.61643837266764E-16,1.,0.));
#12456=DIRECTION('',(0.,0.,-1.));
#12457=DIRECTION('',(-6.61643837266764E-16,1.,0.));
#12458=DIRECTION('',(-0.447134274162101,0.894466847272458,0.));
#12459=DIRECTION('',(-0.894466847272458,-0.447134274162101,0.));
#12460=DIRECTION('',(0.894466847272458,0.447134274162101,0.));
#12461=DIRECTION('',(0.,0.,-1.));
#12462=DIRECTION('',(0.894466847272458,0.447134274162101,0.));
#12463=DIRECTION('',(-0.894466847272458,-0.447134274162101,0.));
#12464=DIRECTION('',(0.447134274162101,-0.894466847272458,0.));
#12465=DIRECTION('',(-0.447134274162101,0.894466847272458,0.));
#12466=DIRECTION('',(0.,0.,-1.));
#12467=DIRECTION('',(-0.447134274162101,0.894466847272458,0.));
#12468=DIRECTION('',(-1.,0.,0.));
#12469=DIRECTION('',(0.,0.,1.));
#12470=DIRECTION('',(0.,1.,0.));
#12471=DIRECTION('',(0.,0.,-1.));
#12472=DIRECTION('',(0.,1.,0.));
#12473=DIRECTION('',(-0.481822917205381,0.876268609762838,0.));
#12474=DIRECTION('',(-0.876268609762838,-0.481822917205381,0.));
#12475=DIRECTION('',(0.876268609762838,0.481822917205381,0.));
#12476=DIRECTION('',(0.,0.,-1.));
#12477=DIRECTION('',(0.876268609762838,0.481822917205381,0.));
#12478=DIRECTION('',(0.369267165370114,0.929323280984352,0.));
#12479=DIRECTION('',(-0.929323280984352,0.369267165370114,0.));
#12480=DIRECTION('',(0.929323280984352,-0.369267165370114,0.));
#12481=DIRECTION('',(0.,0.,-1.));
#12482=DIRECTION('',(0.929323280984352,-0.369267165370114,0.));
#12483=DIRECTION('',(0.908920948305419,0.416968475704793,0.));
#12484=DIRECTION('',(-0.416968475704793,0.908920948305419,0.));
#12485=DIRECTION('',(0.416968475704793,-0.908920948305419,0.));
#12486=DIRECTION('',(0.,0.,-1.));
#12487=DIRECTION('',(0.416968475704793,-0.908920948305419,0.));
#12488=DIRECTION('',(-0.416968475704792,0.908920948305419,0.));
#12489=DIRECTION('',(-0.908920948305419,-0.416968475704792,0.));
#12490=DIRECTION('',(0.908920948305419,0.416968475704792,0.));
#12491=DIRECTION('',(0.,0.,-1.));
#12492=DIRECTION('',(0.908920948305419,0.416968475704792,0.));
#12493=DIRECTION('',(0.369267165370114,0.929323280984352,0.));
#12494=DIRECTION('',(-0.929323280984352,0.369267165370114,0.));
#12495=DIRECTION('',(0.929323280984352,-0.369267165370114,0.));
#12496=DIRECTION('',(0.,0.,-1.));
#12497=DIRECTION('',(0.929323280984352,-0.369267165370114,0.));
#12498=DIRECTION('',(0.889040206499896,0.457829128853355,0.));
#12499=DIRECTION('',(-0.457829128853355,0.889040206499897,0.));
#12500=DIRECTION('',(0.457829128853355,-0.889040206499897,0.));
#12501=DIRECTION('',(0.,0.,-1.));
#12502=DIRECTION('',(0.457829128853355,-0.889040206499897,0.));
#12503=DIRECTION('',(-0.457829128853355,0.889040206499897,0.));
#12504=DIRECTION('',(-0.889040206499897,-0.457829128853355,0.));
#12505=DIRECTION('',(0.889040206499897,0.457829128853355,0.));
#12506=DIRECTION('',(0.,0.,-1.));
#12507=DIRECTION('',(0.889040206499897,0.457829128853355,0.));
#12508=DIRECTION('',(0.369267165370113,0.929323280984352,0.));
#12509=DIRECTION('',(-0.929323280984353,0.369267165370113,0.));
#12510=DIRECTION('',(0.929323280984353,-0.369267165370113,0.));
#12511=DIRECTION('',(0.,0.,-1.));
#12512=DIRECTION('',(0.929323280984353,-0.369267165370113,0.));
#12513=DIRECTION('',(-0.929323280984352,0.369267165370114,0.));
#12514=DIRECTION('',(-0.369267165370114,-0.929323280984352,0.));
#12515=DIRECTION('',(0.369267165370114,0.929323280984352,0.));
#12516=DIRECTION('',(0.,0.,-1.));
#12517=DIRECTION('',(0.369267165370114,0.929323280984352,0.));
#12518=DIRECTION('',(-0.457829128853354,0.889040206499897,0.));
#12519=DIRECTION('',(-0.889040206499897,-0.457829128853354,0.));
#12520=DIRECTION('',(0.889040206499897,0.457829128853354,0.));
#12521=DIRECTION('',(0.,0.,-1.));
#12522=DIRECTION('',(0.889040206499897,0.457829128853354,0.));
#12523=DIRECTION('',(-0.889040206499897,-0.457829128853355,0.));
#12524=DIRECTION('',(0.457829128853355,-0.889040206499897,0.));
#12525=DIRECTION('',(-0.457829128853355,0.889040206499897,0.));
#12526=DIRECTION('',(0.,0.,-1.));
#12527=DIRECTION('',(-0.457829128853355,0.889040206499897,0.));
#12528=DIRECTION('',(0.457829128853354,-0.889040206499897,0.));
#12529=DIRECTION('',(0.889040206499897,0.457829128853354,0.));
#12530=DIRECTION('',(-0.889040206499897,-0.457829128853354,0.));
#12531=DIRECTION('',(0.,0.,-1.));
#12532=DIRECTION('',(-0.889040206499897,-0.457829128853354,0.));
#12533=DIRECTION('',(-0.369267165370113,-0.929323280984352,0.));
#12534=DIRECTION('',(0.929323280984353,-0.369267165370113,0.));
#12535=DIRECTION('',(-0.929323280984352,0.369267165370113,0.));
#12536=DIRECTION('',(0.,0.,-1.));
#12537=DIRECTION('',(-0.929323280984352,0.369267165370113,0.));
#12538=DIRECTION('',(-0.908920948305419,-0.416968475704793,0.));
#12539=DIRECTION('',(0.416968475704793,-0.908920948305419,0.));
#12540=DIRECTION('',(-0.416968475704793,0.908920948305419,0.));
#12541=DIRECTION('',(0.,0.,-1.));
#12542=DIRECTION('',(-0.416968475704793,0.908920948305419,0.));
#12543=DIRECTION('',(0.416968475704793,-0.908920948305419,0.));
#12544=DIRECTION('',(0.908920948305419,0.416968475704793,0.));
#12545=DIRECTION('',(-0.908920948305419,-0.416968475704793,0.));
#12546=DIRECTION('',(0.,0.,-1.));
#12547=DIRECTION('',(-0.908920948305419,-0.416968475704793,0.));
#12548=DIRECTION('',(-0.369267165370115,-0.929323280984352,0.));
#12549=DIRECTION('',(0.929323280984352,-0.369267165370115,0.));
#12550=DIRECTION('',(-0.929323280984352,0.369267165370115,0.));
#12551=DIRECTION('',(0.,0.,-1.));
#12552=DIRECTION('',(-0.929323280984352,0.369267165370115,0.));
#12553=DIRECTION('',(0.929323280984353,-0.369267165370112,0.));
#12554=DIRECTION('',(0.369267165370112,0.929323280984353,0.));
#12555=DIRECTION('',(-0.369267165370112,-0.929323280984353,0.));
#12556=DIRECTION('',(0.,0.,-1.));
#12557=DIRECTION('',(-0.369267165370112,-0.929323280984353,0.));
#12558=DIRECTION('',(0.416968475704792,-0.908920948305419,0.));
#12559=DIRECTION('',(0.908920948305419,0.416968475704792,0.));
#12560=DIRECTION('',(-0.908920948305419,-0.416968475704792,0.));
#12561=DIRECTION('',(0.,0.,-1.));
#12562=DIRECTION('',(-0.908920948305419,-0.416968475704792,0.));
#12563=DIRECTION('',(-0.369267165370113,-0.929323280984352,0.));
#12564=DIRECTION('',(0.929323280984353,-0.369267165370113,0.));
#12565=DIRECTION('',(-0.929323280984352,0.369267165370113,0.));
#12566=DIRECTION('',(0.,0.,-1.));
#12567=DIRECTION('',(-0.929323280984352,0.369267165370113,0.));
#12568=DIRECTION('',(-0.876268609762838,-0.48182291720538,0.));
#12569=DIRECTION('',(0.48182291720538,-0.876268609762838,0.));
#12570=DIRECTION('',(-0.48182291720538,0.876268609762838,0.));
#12571=DIRECTION('',(0.,0.,-1.));
#12572=DIRECTION('',(-0.48182291720538,0.876268609762838,0.));
#12573=DIRECTION('',(0.481822917205381,-0.876268609762838,0.));
#12574=DIRECTION('',(0.876268609762838,0.481822917205381,0.));
#12575=DIRECTION('',(-0.876268609762838,-0.481822917205381,0.));
#12576=DIRECTION('',(0.,0.,-1.));
#12577=DIRECTION('',(-0.876268609762838,-0.481822917205381,0.));
#12578=DIRECTION('',(-0.360081281902529,-0.932920934711742,0.));
#12579=DIRECTION('',(0.932920934711742,-0.360081281902529,0.));
#12580=DIRECTION('',(-0.932920934711742,0.360081281902529,0.));
#12581=DIRECTION('',(0.,0.,-1.));
#12582=DIRECTION('',(-0.932920934711742,0.360081281902529,0.));
#12583=DIRECTION('',(-1.,0.,0.));
#12584=DIRECTION('',(0.,0.,1.));
#12585=DIRECTION('',(0.,1.,0.));
#12586=DIRECTION('',(0.,0.,-1.));
#12587=DIRECTION('',(0.,1.,0.));
#12588=DIRECTION('',(0.,-1.,0.));
#12589=DIRECTION('',(0.,0.,-1.));
#12590=DIRECTION('',(-1.,0.,0.));
#12591=DIRECTION('',(0.,0.,-1.));
#12592=DIRECTION('',(-1.,0.,0.));
#12593=DIRECTION('',(-0.888710954806078,-0.458467925604038,0.));
#12594=DIRECTION('',(0.458467925604038,-0.888710954806078,0.));
#12595=DIRECTION('',(-0.458467925604038,0.888710954806078,0.));
#12596=DIRECTION('',(0.,0.,-1.));
#12597=DIRECTION('',(-0.458467925604038,0.888710954806078,0.));
#12598=DIRECTION('',(0.458467925604035,-0.888710954806079,0.));
#12599=DIRECTION('',(0.888710954806079,0.458467925604035,0.));
#12600=DIRECTION('',(-0.888710954806079,-0.458467925604035,0.));
#12601=DIRECTION('',(0.,0.,-1.));
#12602=DIRECTION('',(-0.888710954806079,-0.458467925604035,0.));
#12603=DIRECTION('',(-0.360081281902531,-0.932920934711742,0.));
#12604=DIRECTION('',(0.932920934711742,-0.360081281902531,0.));
#12605=DIRECTION('',(-0.932920934711742,0.360081281902531,0.));
#12606=DIRECTION('',(0.,0.,-1.));
#12607=DIRECTION('',(-0.932920934711742,0.360081281902531,0.));
#12608=DIRECTION('',(0.932920934711743,-0.360081281902529,0.));
#12609=DIRECTION('',(0.360081281902529,0.932920934711743,0.));
#12610=DIRECTION('',(-0.360081281902529,-0.932920934711743,0.));
#12611=DIRECTION('',(0.,0.,-1.));
#12612=DIRECTION('',(-0.360081281902529,-0.932920934711743,0.));
#12613=DIRECTION('',(0.458467925604035,-0.888710954806079,0.));
#12614=DIRECTION('',(0.88871095480608,0.458467925604035,0.));
#12615=DIRECTION('',(-0.888710954806079,-0.458467925604035,0.));
#12616=DIRECTION('',(0.,0.,-1.));
#12617=DIRECTION('',(-0.888710954806079,-0.458467925604035,0.));
#12618=DIRECTION('',(1.,0.,0.));
#12619=DIRECTION('',(0.,0.,-1.));
#12620=DIRECTION('',(0.,-1.,0.));
#12621=DIRECTION('',(0.,0.,-1.));
#12622=DIRECTION('',(0.,-1.,0.));
#12623=DIRECTION('',(0.,1.,0.));
#12624=DIRECTION('',(0.,0.,1.));
#12625=DIRECTION('',(1.,0.,0.));
#12626=DIRECTION('',(0.,0.,-1.));
#12627=DIRECTION('',(1.,0.,0.));
#12628=DIRECTION('',(-1.,0.,0.));
#12629=DIRECTION('',(0.,0.,1.));
#12630=DIRECTION('',(0.,1.,0.));
#12631=DIRECTION('',(0.,0.,-1.));
#12632=DIRECTION('',(0.,1.,0.));
#12633=DIRECTION('',(-0.41762621444298,-0.908618921776355,0.));
#12634=DIRECTION('',(0.908618921776355,-0.41762621444298,0.));
#12635=DIRECTION('',(-0.908618921776355,0.41762621444298,0.));
#12636=DIRECTION('',(0.,0.,-1.));
#12637=DIRECTION('',(-0.908618921776355,0.41762621444298,0.));
#12638=DIRECTION('',(0.908618921776356,-0.417626214442979,0.));
#12639=DIRECTION('',(0.417626214442979,0.908618921776356,0.));
#12640=DIRECTION('',(-0.417626214442979,-0.908618921776356,0.));
#12641=DIRECTION('',(0.,0.,-1.));
#12642=DIRECTION('',(-0.417626214442979,-0.908618921776356,0.));
#12643=DIRECTION('',(0.417626214442981,0.908618921776355,0.));
#12644=DIRECTION('',(-0.908618921776355,0.417626214442981,0.));
#12645=DIRECTION('',(0.908618921776355,-0.417626214442981,0.));
#12646=DIRECTION('',(0.,0.,-1.));
#12647=DIRECTION('',(0.908618921776355,-0.417626214442981,0.));
#12648=DIRECTION('',(-0.481822917205381,0.876268609762838,0.));
#12649=DIRECTION('',(-0.876268609762838,-0.481822917205381,0.));
#12650=DIRECTION('',(0.876268609762838,0.481822917205381,0.));
#12651=DIRECTION('',(0.876268609762838,0.481822917205381,0.));
#12652=DIRECTION('',(-1.,0.,0.));
#12653=DIRECTION('',(0.,0.,1.));
#12654=DIRECTION('',(0.,1.,0.));
#12655=DIRECTION('',(0.,1.,0.));
#12656=DIRECTION('',(-1.,0.,0.));
#12657=DIRECTION('',(0.,0.,1.));
#12658=DIRECTION('',(0.,1.,0.));
#12659=DIRECTION('',(0.,1.,0.));
#12660=DIRECTION('',(-1.,0.,0.));
#12661=DIRECTION('',(0.,0.,1.));
#12662=DIRECTION('',(0.,1.,0.));
#12663=DIRECTION('',(0.,1.,0.));
#12664=DIRECTION('',(0.458467925604035,-0.888710954806079,0.));
#12665=DIRECTION('',(0.888710954806079,0.458467925604035,0.));
#12666=DIRECTION('',(-0.888710954806079,-0.458467925604035,0.));
#12667=DIRECTION('',(-0.888710954806079,-0.458467925604035,0.));
#12668=DIRECTION('',(1.,0.,0.));
#12669=DIRECTION('',(0.,0.,-1.));
#12670=DIRECTION('',(0.,-1.,0.));
#12671=DIRECTION('',(0.,-1.,0.));
#12672=DIRECTION('',(1.,0.,0.));
#12673=DIRECTION('',(0.,0.,-1.));
#12674=DIRECTION('',(0.,-1.,0.));
#12675=DIRECTION('',(0.,-1.,0.));
#12676=DIRECTION('',(0.,0.,1.));
#12677=DIRECTION('',(1.,0.,0.));
#12678=DIRECTION('',(0.,0.,1.));
#12679=DIRECTION('',(1.,0.,0.));
#12680=DIRECTION('',(0.,0.,1.));
#12681=DIRECTION('',(1.,0.,0.));
#12682=DIRECTION('',(1.15648231731787E-16,-1.,0.));
#12683=DIRECTION('',(1.,1.15648231731787E-16,0.));
#12684=DIRECTION('',(-1.,-1.15648231731787E-16,0.));
#12685=DIRECTION('',(-0.206515694015221,-2.38831748377231E-17,0.97844328814981));
#12686=DIRECTION('',(-1.,-1.15648231731787E-16,0.));
#12687=DIRECTION('',(0.99946571033396,1.15586442076677E-16,0.0326847650539521));
#12688=DIRECTION('',(0.,0.,1.));
#12689=DIRECTION('',(-0.373806269003011,-4.3230034020455E-17,0.927506804963742));
#12690=DIRECTION('',(1.15648231731787E-16,-1.,0.));
#12691=DIRECTION('',(1.,1.15648231731787E-16,0.));
#12692=DIRECTION('',(1.15648231731787E-16,-1.,0.));
#12693=DIRECTION('',(1.,1.15648231731787E-16,0.));
#12694=DIRECTION('',(0.,0.,-1.));
#12695=DIRECTION('',(-1.,-1.15648231731787E-16,0.));
#12696=DIRECTION('',(0.,0.,1.));
#12697=DIRECTION('',(-1.,-1.15648231731787E-16,0.));
#12698=DIRECTION('',(0.,0.,-1.));
#12699=DIRECTION('',(1.15648231731787E-16,-1.,0.));
#12700=DIRECTION('',(1.,1.15648231731787E-16,0.));
#12701=DIRECTION('',(-0.339854552780067,-3.93035780750121E-17,-0.940478007693248));
#12702=DIRECTION('',(1.15648231731787E-16,-1.,0.));
#12703=DIRECTION('',(1.,1.15648231731787E-16,0.));
#12704=DIRECTION('',(1.15648231731787E-16,-1.,0.));
#12705=DIRECTION('',(1.,1.15648231731787E-16,0.));
#12706=DIRECTION('',(0.,0.,-1.));
#12707=DIRECTION('',(1.,1.15648231731787E-16,0.));
#12708=DIRECTION('',(0.686331929065834,7.93730739775301E-17,0.727288445628535));
#12709=DIRECTION('',(1.,1.15648231731787E-16,0.));
#12710=DIRECTION('',(-0.689258274235598,-7.97115006218502E-17,-0.724515721981079));
#12711=DIRECTION('',(0.602723991157096,6.97039637996434E-17,-0.797949741828181));
#12712=DIRECTION('',(-1.,-1.15648231731787E-16,0.));
#12713=DIRECTION('',(-0.598653417791226,-6.92332091877461E-17,0.801008168102476));
#12714=DIRECTION('',(-0.755689082789817,-8.73941061636584E-17,-0.654930538417843));
#12715=DIRECTION('',(0.,0.,-1.));
#12716=DIRECTION('',(-1.,-1.15648231731787E-16,0.));
#12717=DIRECTION('',(0.,0.,1.));
#12718=DIRECTION('',(1.,1.15648231731787E-16,0.));
#12719=DIRECTION('',(0.,0.,-1.));
#12720=DIRECTION('',(1.15648231731787E-16,-1.,0.));
#12721=DIRECTION('',(1.,1.15648231731787E-16,0.));
#12722=DIRECTION('',(-0.339854552780069,-3.93035780750123E-17,-0.940478007693247));
#12723=DIRECTION('',(1.15648231731787E-16,-1.,0.));
#12724=DIRECTION('',(1.,1.15648231731787E-16,0.));
#12725=DIRECTION('',(1.15648231731787E-16,-1.,0.));
#12726=DIRECTION('',(1.,1.15648231731787E-16,0.));
#12727=DIRECTION('',(0.,0.,-1.));
#12728=DIRECTION('',(0.,0.,-1.));
#12729=DIRECTION('',(-1.,-1.15648231731787E-16,0.));
#12730=DIRECTION('',(0.,0.,1.));
#12731=DIRECTION('',(1.,1.15648231731787E-16,0.));
#12732=DIRECTION('',(1.,1.15648231731787E-16,0.));
#12733=DIRECTION('',(0.,0.,-1.));
#12734=DIRECTION('',(0.,0.,1.));
#12735=DIRECTION('',(1.,1.15648231731787E-16,0.));
#12736=DIRECTION('',(0.,0.,-1.));
#12737=DIRECTION('',(-1.,-1.15648231731787E-16,0.));
#12738=DIRECTION('',(-0.161260120599586,-1.86494477961968E-17,0.986911938069556));
#12739=DIRECTION('',(-1.,-1.15648231731787E-16,0.));
#12740=DIRECTION('',(1.15648231731787E-16,-1.,0.));
#12741=DIRECTION('',(1.,1.15648231731787E-16,0.));
#12742=DIRECTION('',(0.,0.,1.));
#12743=DIRECTION('',(1.15648231731787E-16,-1.,0.));
#12744=DIRECTION('',(1.,1.15648231731787E-16,0.));
#12745=DIRECTION('',(-1.,-1.15648231731787E-16,0.));
#12746=DIRECTION('',(-0.239944960947156,-2.77492104464913E-17,-0.97078649337332));
#12747=DIRECTION('',(-1.,-1.15648231731787E-16,0.));
#12748=DIRECTION('',(0.,0.,1.));
#12749=DIRECTION('',(1.,1.15648231731787E-16,0.));
#12750=DIRECTION('',(0.,0.,-1.));
#12751=DIRECTION('',(1.15648231731787E-16,-1.,0.));
#12752=DIRECTION('',(1.,1.15648231731787E-16,0.));
#12753=DIRECTION('',(1.,1.15648231731787E-16,0.));
#12754=DIRECTION('',(0.,0.,-1.));
#12755=DIRECTION('',(-1.,-1.15648231731787E-16,0.));
#12756=DIRECTION('',(0.,0.,1.));
#12757=DIRECTION('',(-1.,-1.15648231731787E-16,0.));
#12758=DIRECTION('',(0.,0.,-1.));
#12759=DIRECTION('',(-1.,-1.15648231731787E-16,0.));
#12760=DIRECTION('',(0.,0.,1.));
#12761=DIRECTION('',(1.,1.15648231731787E-16,0.));
#12762=DIRECTION('',(0.,0.,-1.));
#12763=DIRECTION('',(1.,1.15648231731787E-16,0.));
#12764=DIRECTION('',(0.,0.,1.));
#12765=DIRECTION('',(1.,1.15648231731787E-16,0.));
#12766=DIRECTION('',(0.,0.,1.));
#12767=DIRECTION('',(1.,0.,0.));
#12768=DIRECTION('',(0.,0.,1.));
#12769=DIRECTION('',(1.,0.,0.));
#12770=DIRECTION('',(0.,0.,1.));
#12771=DIRECTION('',(1.,0.,0.));
#12772=DIRECTION('',(0.,0.,1.));
#12773=DIRECTION('',(1.,0.,0.));
#12774=DIRECTION('',(0.,0.,1.));
#12775=DIRECTION('',(1.,0.,0.));
#12776=DIRECTION('',(0.,0.,1.));
#12777=DIRECTION('',(1.,0.,0.));
#12778=DIRECTION('',(0.,0.,1.));
#12779=DIRECTION('',(1.,0.,0.));
#12780=DIRECTION('',(0.,0.,1.));
#12781=DIRECTION('',(1.,0.,0.));
#12782=DIRECTION('',(0.,0.,1.));
#12783=DIRECTION('',(1.,0.,0.));
#12784=DIRECTION('',(0.,0.,1.));
#12785=DIRECTION('',(1.,0.,0.));
#12786=DIRECTION('',(0.,0.,1.));
#12787=DIRECTION('',(1.,0.,0.));
#12788=DIRECTION('',(0.,0.,1.));
#12789=DIRECTION('',(1.,0.,0.));
#12790=DIRECTION('',(0.,0.,1.));
#12791=DIRECTION('',(1.,0.,0.));
#12792=DIRECTION('',(0.,0.,1.));
#12793=DIRECTION('',(1.,0.,0.));
#12794=DIRECTION('',(0.,0.,1.));
#12795=DIRECTION('',(1.,0.,0.));
#12796=DIRECTION('',(0.,0.,1.));
#12797=DIRECTION('',(1.,0.,0.));
#12798=DIRECTION('',(0.,0.,1.));
#12799=DIRECTION('',(1.,0.,0.));
#12800=DIRECTION('',(0.,0.,1.));
#12801=DIRECTION('',(1.,0.,0.));
#12802=DIRECTION('',(0.,0.,1.));
#12803=DIRECTION('',(1.,0.,0.));
#12804=DIRECTION('',(0.,0.,1.));
#12805=DIRECTION('',(1.,0.,0.));
#12806=DIRECTION('',(0.,0.,1.));
#12807=DIRECTION('',(1.,0.,0.));
#12808=DIRECTION('',(0.,0.,1.));
#12809=DIRECTION('',(1.,0.,0.));
#12810=DIRECTION('',(0.,0.,1.));
#12811=DIRECTION('',(1.,0.,0.));
#12812=DIRECTION('',(0.,0.,1.));
#12813=DIRECTION('',(1.,0.,0.));
#12814=DIRECTION('',(0.,0.,1.));
#12815=DIRECTION('',(1.,0.,0.));
#12816=DIRECTION('',(0.,0.,1.));
#12817=DIRECTION('',(1.,0.,0.));
#12818=DIRECTION('',(0.,0.,1.));
#12819=DIRECTION('',(1.,0.,0.));
#12820=DIRECTION('',(0.,0.,1.));
#12821=DIRECTION('',(1.,0.,0.));
#12822=DIRECTION('',(0.,0.,1.));
#12823=DIRECTION('',(1.,0.,0.));
#12824=DIRECTION('',(0.,0.,1.));
#12825=DIRECTION('',(1.,0.,0.));
#12826=DIRECTION('',(0.,0.,1.));
#12827=DIRECTION('',(1.,0.,0.));
#12828=DIRECTION('',(0.,0.,1.));
#12829=DIRECTION('',(1.,0.,0.));
#12830=DIRECTION('',(0.,0.,1.));
#12831=DIRECTION('',(1.,0.,0.));
#12832=DIRECTION('',(0.,0.,1.));
#12833=DIRECTION('',(1.,0.,0.));
#12834=DIRECTION('',(0.,0.,1.));
#12835=DIRECTION('',(1.,0.,0.));
#12836=DIRECTION('',(0.,0.,1.));
#12837=DIRECTION('',(1.,0.,0.));
#12838=DIRECTION('',(0.,0.,1.));
#12839=DIRECTION('',(1.,0.,0.));
#12840=DIRECTION('',(0.,0.,1.));
#12841=DIRECTION('',(1.,0.,0.));
#12842=DIRECTION('',(0.,0.,1.));
#12843=DIRECTION('',(1.,0.,0.));
#12844=DIRECTION('',(0.,0.,1.));
#12845=DIRECTION('',(1.,0.,0.));
#12846=DIRECTION('',(0.,0.,1.));
#12847=DIRECTION('',(1.,0.,0.));
#12848=DIRECTION('',(0.,0.,1.));
#12849=DIRECTION('',(1.,0.,0.));
#12850=DIRECTION('',(0.,0.,1.));
#12851=DIRECTION('',(1.,0.,0.));
#12852=DIRECTION('',(0.,0.,1.));
#12853=DIRECTION('',(1.,0.,0.));
#12854=DIRECTION('',(0.,0.,1.));
#12855=DIRECTION('',(1.,0.,0.));
#12856=DIRECTION('',(0.,0.,1.));
#12857=DIRECTION('',(1.,0.,0.));
#12858=DIRECTION('',(0.,0.,1.));
#12859=DIRECTION('',(1.,0.,0.));
#12860=DIRECTION('',(0.,0.,1.));
#12861=DIRECTION('',(1.,0.,0.));
#12862=DIRECTION('',(0.,0.,1.));
#12863=DIRECTION('',(1.,0.,0.));
#12864=DIRECTION('',(0.,0.,1.));
#12865=DIRECTION('',(1.,0.,0.));
#12866=DIRECTION('',(0.,0.,1.));
#12867=DIRECTION('',(1.,0.,0.));
#12868=DIRECTION('',(0.,0.,1.));
#12869=DIRECTION('',(1.,0.,0.));
#12870=DIRECTION('',(0.,0.,1.));
#12871=DIRECTION('',(1.,0.,0.));
#12872=DIRECTION('',(0.,0.,1.));
#12873=DIRECTION('',(1.,0.,0.));
#12874=DIRECTION('',(0.,0.,1.));
#12875=DIRECTION('',(1.,0.,0.));
#12876=DIRECTION('',(0.,0.,1.));
#12877=DIRECTION('',(1.,0.,0.));
#12878=DIRECTION('',(0.,0.,1.));
#12879=DIRECTION('',(1.,0.,0.));
#12880=DIRECTION('',(0.,0.,1.));
#12881=DIRECTION('',(1.,0.,0.));
#12882=DIRECTION('',(0.,0.,1.));
#12883=DIRECTION('',(1.,0.,0.));
#12884=DIRECTION('',(0.,0.,1.));
#12885=DIRECTION('',(1.,0.,0.));
#12886=DIRECTION('',(0.,0.,1.));
#12887=DIRECTION('',(1.,0.,0.));
#12888=DIRECTION('',(0.,0.,1.));
#12889=DIRECTION('',(1.,0.,0.));
#12890=DIRECTION('',(0.,0.,1.));
#12891=DIRECTION('',(1.,0.,0.));
#12892=DIRECTION('',(0.,0.,1.));
#12893=DIRECTION('',(1.,0.,0.));
#12894=DIRECTION('',(0.,0.,1.));
#12895=DIRECTION('',(1.,0.,0.));
#12896=DIRECTION('',(0.,0.,1.));
#12897=DIRECTION('',(1.,0.,0.));
#12898=DIRECTION('',(0.,0.,1.));
#12899=DIRECTION('',(1.,0.,0.));
#12900=DIRECTION('',(0.,0.,1.));
#12901=DIRECTION('',(1.,0.,0.));
#12902=DIRECTION('',(0.,0.,1.));
#12903=DIRECTION('',(1.,0.,0.));
#12904=DIRECTION('',(0.,0.,1.));
#12905=DIRECTION('',(1.,0.,0.));
#12906=DIRECTION('',(0.,0.,1.));
#12907=DIRECTION('',(1.,0.,0.));
#12908=DIRECTION('',(0.,0.,1.));
#12909=DIRECTION('',(1.,0.,0.));
#12910=DIRECTION('',(0.,0.,1.));
#12911=DIRECTION('',(1.,0.,0.));
#12912=DIRECTION('',(0.,0.,1.));
#12913=DIRECTION('',(1.,0.,0.));
#12914=DIRECTION('',(0.,0.,1.));
#12915=DIRECTION('',(1.,0.,0.));
#12916=DIRECTION('',(0.,0.,1.));
#12917=DIRECTION('',(1.,0.,0.));
#12918=DIRECTION('',(0.,0.,1.));
#12919=DIRECTION('',(1.,0.,0.));
#12920=DIRECTION('',(0.,0.,1.));
#12921=DIRECTION('',(1.,0.,0.));
#12922=DIRECTION('',(0.,0.,1.));
#12923=DIRECTION('',(1.,0.,0.));
#12924=DIRECTION('',(0.,0.,1.));
#12925=DIRECTION('',(1.,0.,0.));
#12926=DIRECTION('',(0.,0.,1.));
#12927=DIRECTION('',(1.,0.,0.));
#12928=DIRECTION('',(0.,0.,1.));
#12929=DIRECTION('',(1.,0.,0.));
#12930=DIRECTION('',(0.,0.,1.));
#12931=DIRECTION('',(1.,0.,0.));
#12932=DIRECTION('',(0.,0.,1.));
#12933=DIRECTION('',(1.,0.,0.));
#12934=DIRECTION('',(0.,0.,1.));
#12935=DIRECTION('',(1.,0.,0.));
#12936=DIRECTION('',(0.,0.,1.));
#12937=DIRECTION('',(1.,0.,0.));
#12938=DIRECTION('',(0.,0.,1.));
#12939=DIRECTION('',(1.,0.,0.));
#12940=DIRECTION('',(0.,0.,1.));
#12941=DIRECTION('',(1.,0.,0.));
#12942=DIRECTION('',(0.,0.,1.));
#12943=DIRECTION('',(1.,0.,0.));
#12944=DIRECTION('',(0.,0.,1.));
#12945=DIRECTION('',(1.,0.,0.));
#12946=DIRECTION('',(0.,0.,1.));
#12947=DIRECTION('',(1.,0.,0.));
#12948=DIRECTION('',(0.,0.,1.));
#12949=DIRECTION('',(1.,0.,0.));
#12950=DIRECTION('',(0.,0.,1.));
#12951=DIRECTION('',(1.,0.,0.));
#12952=DIRECTION('',(0.,0.,1.));
#12953=DIRECTION('',(1.,0.,0.));
#12954=DIRECTION('',(0.,0.,1.));
#12955=DIRECTION('',(1.,0.,0.));
#12956=DIRECTION('',(0.,0.,1.));
#12957=DIRECTION('',(1.,0.,0.));
#12958=DIRECTION('',(0.,0.,1.));
#12959=DIRECTION('',(1.,0.,0.));
#12960=DIRECTION('',(0.,0.,1.));
#12961=DIRECTION('',(1.,0.,0.));
#12962=DIRECTION('',(0.,0.,1.));
#12963=DIRECTION('',(1.,0.,0.));
#12964=DIRECTION('',(0.,0.,1.));
#12965=DIRECTION('',(1.,0.,0.));
#12966=DIRECTION('',(0.812836511379572,0.582491893306925,0.));
#12967=DIRECTION('',(0.,1.,0.));
#12968=DIRECTION('',(-1.,-1.15648231731787E-16,0.));
#12969=DIRECTION('',(0.812836511379573,-0.582491893306925,0.));
#12970=DIRECTION('',(0.,1.,0.));
#12971=DIRECTION('',(0.,0.,-1.));
#12972=DIRECTION('',(1.,0.,0.));
#12973=DIRECTION('',(0.,0.,1.));
#12974=DIRECTION('',(1.,0.,0.));
#12975=DIRECTION('',(0.,0.,-1.));
#12976=DIRECTION('',(1.,0.,0.));
#12977=DIRECTION('',(0.,0.,1.));
#12978=DIRECTION('',(1.,0.,0.));
#12979=DIRECTION('',(0.,0.,-1.));
#12980=DIRECTION('',(1.,0.,0.));
#12981=DIRECTION('',(0.,0.,1.));
#12982=DIRECTION('',(1.,0.,0.));
#12983=DIRECTION('',(0.,0.,-1.));
#12984=DIRECTION('',(1.,0.,0.));
#12985=DIRECTION('',(0.,0.,1.));
#12986=DIRECTION('',(1.,0.,0.));
#12987=DIRECTION('',(0.,0.,-1.));
#12988=DIRECTION('',(1.,0.,0.));
#12989=DIRECTION('',(0.,0.,1.));
#12990=DIRECTION('',(1.,0.,0.));
#12991=DIRECTION('',(0.,0.,1.));
#12992=DIRECTION('',(1.,0.,0.));
#12993=DIRECTION('',(0.,0.,1.));
#12994=DIRECTION('',(1.,0.,0.));
#12995=DIRECTION('',(0.,0.,1.));
#12996=DIRECTION('',(1.,0.,0.));
#12997=DIRECTION('',(0.,0.,1.));
#12998=DIRECTION('',(1.,0.,0.));
#12999=DIRECTION('',(0.,0.,-1.));
#13000=DIRECTION('',(-1.,0.,0.));
#13001=DIRECTION('',(0.,0.,1.));
#13002=DIRECTION('',(1.,0.,0.));
#13003=DIRECTION('',(0.,0.,-1.));
#13004=DIRECTION('',(0.,0.,-1.));
#13005=DIRECTION('',(0.,0.,-1.));
#13006=DIRECTION('',(-1.,0.,0.));
#13007=DIRECTION('',(0.,0.,1.));
#13008=DIRECTION('',(1.,0.,0.));
#13009=DIRECTION('',(0.,0.,-1.));
#13010=DIRECTION('',(0.,0.,-1.));
#13011=DIRECTION('',(0.,0.,1.));
#13012=DIRECTION('',(1.,0.,0.));
#13013=DIRECTION('',(0.,0.,1.));
#13014=DIRECTION('',(1.,0.,0.));
#13015=DIRECTION('',(0.,0.,-1.));
#13016=DIRECTION('',(1.,0.,0.));
#13017=DIRECTION('',(0.,0.,1.));
#13018=DIRECTION('',(1.,0.,0.));
#13019=DIRECTION('',(0.,0.,-1.));
#13020=DIRECTION('',(1.,0.,0.));
#13021=DIRECTION('',(0.812836511379572,0.582491893306925,0.));
#13022=DIRECTION('',(0.,1.,0.));
#13023=DIRECTION('',(0.812836511379573,-0.582491893306925,0.));
#13024=DIRECTION('',(-1.,-1.15648231731787E-16,0.));
#13025=DIRECTION('',(0.,1.,0.));
#13026=DIRECTION('',(0.790132680520668,-0.612935842624026,0.));
#13027=DIRECTION('',(0.,-1.,0.));
#13028=DIRECTION('',(0.790132680520667,0.612935842624027,0.));
#13029=DIRECTION('',(1.,0.,0.));
#13030=DIRECTION('',(0.,-1.,0.));
#13031=DIRECTION('',(1.,0.,0.));
#13032=DIRECTION('',(0.,0.,1.));
#13033=DIRECTION('',(1.,0.,0.));
#13034=DIRECTION('',(0.,0.,1.));
#13035=DIRECTION('',(1.,0.,0.));
#13036=DIRECTION('',(0.,0.,1.));
#13037=DIRECTION('',(1.,0.,0.));
#13038=DIRECTION('',(0.,0.,1.));
#13039=DIRECTION('',(1.,0.,0.));
#13040=DIRECTION('',(0.,0.,1.));
#13041=DIRECTION('',(1.,0.,0.));
#13042=DIRECTION('',(0.,0.,1.));
#13043=DIRECTION('',(1.,0.,0.));
#13044=DIRECTION('',(0.,0.,1.));
#13045=DIRECTION('',(1.,0.,0.));
#13046=DIRECTION('',(0.,0.,1.));
#13047=DIRECTION('',(1.,0.,0.));
#13048=DIRECTION('',(0.,0.,1.));
#13049=DIRECTION('',(1.,0.,0.));
#13050=DIRECTION('',(0.,0.,1.));
#13051=DIRECTION('',(1.,0.,0.));
#13052=DIRECTION('',(0.,0.,1.));
#13053=DIRECTION('',(1.,0.,0.));
#13054=DIRECTION('',(0.,0.,1.));
#13055=DIRECTION('',(1.,0.,0.));
#13056=DIRECTION('',(0.,0.,1.));
#13057=DIRECTION('',(1.,0.,0.));
#13058=DIRECTION('',(0.,0.,1.));
#13059=DIRECTION('',(1.,0.,0.));
#13060=DIRECTION('',(0.,0.,1.));
#13061=DIRECTION('',(1.,0.,0.));
#13062=DIRECTION('',(0.,0.,1.));
#13063=DIRECTION('',(1.,0.,0.));
#13064=DIRECTION('',(0.,0.,1.));
#13065=DIRECTION('',(1.,0.,0.));
#13066=DIRECTION('',(0.,0.,1.));
#13067=DIRECTION('',(1.,0.,0.));
#13068=DIRECTION('',(0.,0.,1.));
#13069=DIRECTION('',(1.,0.,0.));
#13070=DIRECTION('',(0.,0.,1.));
#13071=DIRECTION('',(1.,0.,0.));
#13072=DIRECTION('',(0.,0.,1.));
#13073=DIRECTION('',(1.,0.,0.));
#13074=DIRECTION('',(0.,0.,1.));
#13075=DIRECTION('',(1.,0.,0.));
#13076=DIRECTION('',(0.,0.,1.));
#13077=DIRECTION('',(1.,0.,0.));
#13078=DIRECTION('',(0.,0.,1.));
#13079=DIRECTION('',(1.,0.,0.));
#13080=DIRECTION('',(0.,0.,1.));
#13081=DIRECTION('',(1.,0.,0.));
#13082=DIRECTION('',(0.,0.,1.));
#13083=DIRECTION('',(1.,0.,0.));
#13084=DIRECTION('',(0.,0.,1.));
#13085=DIRECTION('',(1.,0.,0.));
#13086=DIRECTION('',(0.,0.,1.));
#13087=DIRECTION('',(1.,0.,0.));
#13088=DIRECTION('',(0.,0.,1.));
#13089=DIRECTION('',(1.,0.,0.));
#13090=DIRECTION('',(0.,0.,1.));
#13091=DIRECTION('',(1.,0.,0.));
#13092=DIRECTION('',(0.,0.,1.));
#13093=DIRECTION('',(1.,0.,0.));
#13094=DIRECTION('',(0.,0.,1.));
#13095=DIRECTION('',(1.,0.,0.));
#13096=DIRECTION('',(0.,0.,1.));
#13097=DIRECTION('',(1.,0.,0.));
#13098=DIRECTION('',(0.,0.,1.));
#13099=DIRECTION('',(1.,0.,0.));
#13100=DIRECTION('',(0.,0.,1.));
#13101=DIRECTION('',(1.,0.,0.));
#13102=DIRECTION('',(0.,0.,1.));
#13103=DIRECTION('',(1.,0.,0.));
#13104=DIRECTION('',(0.,0.,1.));
#13105=DIRECTION('',(1.,0.,0.));
#13106=DIRECTION('',(0.,0.,1.));
#13107=DIRECTION('',(1.,0.,0.));
#13108=DIRECTION('',(0.,0.,1.));
#13109=DIRECTION('',(1.,0.,0.));
#13110=DIRECTION('',(0.,0.,1.));
#13111=DIRECTION('',(1.,0.,0.));
#13112=DIRECTION('',(0.,0.,1.));
#13113=DIRECTION('',(1.,0.,0.));
#13114=DIRECTION('',(0.,0.,1.));
#13115=DIRECTION('',(1.,0.,0.));
#13116=DIRECTION('',(0.,0.,1.));
#13117=DIRECTION('',(1.,0.,0.));
#13118=DIRECTION('',(0.,0.,1.));
#13119=DIRECTION('',(1.,0.,0.));
#13120=DIRECTION('',(0.,0.,1.));
#13121=DIRECTION('',(1.,0.,0.));
#13122=DIRECTION('',(0.,0.,1.));
#13123=DIRECTION('',(1.,0.,0.));
#13124=DIRECTION('',(0.,0.,1.));
#13125=DIRECTION('',(1.,0.,0.));
#13126=DIRECTION('',(0.,0.,1.));
#13127=DIRECTION('',(1.,0.,0.));
#13128=DIRECTION('',(0.,0.,1.));
#13129=DIRECTION('',(1.,0.,0.));
#13130=DIRECTION('',(0.,0.,1.));
#13131=DIRECTION('',(1.,0.,0.));
#13132=DIRECTION('',(0.,0.,1.));
#13133=DIRECTION('',(1.,0.,0.));
#13134=DIRECTION('',(0.,0.,1.));
#13135=DIRECTION('',(1.,0.,0.));
#13136=DIRECTION('',(0.,0.,1.));
#13137=DIRECTION('',(1.,0.,0.));
#13138=DIRECTION('',(0.,0.,1.));
#13139=DIRECTION('',(1.,0.,0.));
#13140=DIRECTION('',(0.,0.,1.));
#13141=DIRECTION('',(1.,0.,0.));
#13142=DIRECTION('',(0.,0.,1.));
#13143=DIRECTION('',(1.,0.,0.));
#13144=DIRECTION('',(0.,0.,1.));
#13145=DIRECTION('',(1.,0.,0.));
#13146=DIRECTION('',(0.,0.,1.));
#13147=DIRECTION('',(1.,0.,0.));
#13148=DIRECTION('',(0.,0.,1.));
#13149=DIRECTION('',(1.,0.,0.));
#13150=DIRECTION('',(0.,0.,1.));
#13151=DIRECTION('',(1.,0.,0.));
#13152=DIRECTION('',(0.,0.,1.));
#13153=DIRECTION('',(1.,0.,0.));
#13154=DIRECTION('',(0.,0.,1.));
#13155=DIRECTION('',(1.,0.,0.));
#13156=DIRECTION('',(0.,0.,1.));
#13157=DIRECTION('',(1.,0.,0.));
#13158=DIRECTION('',(0.,0.,1.));
#13159=DIRECTION('',(1.,0.,0.));
#13160=DIRECTION('',(0.,0.,1.));
#13161=DIRECTION('',(1.,0.,0.));
#13162=DIRECTION('',(0.,0.,1.));
#13163=DIRECTION('',(1.,0.,0.));
#13164=DIRECTION('',(0.,0.,1.));
#13165=DIRECTION('',(1.,0.,0.));
#13166=DIRECTION('',(0.,0.,1.));
#13167=DIRECTION('',(1.,0.,0.));
#13168=DIRECTION('',(0.,0.,1.));
#13169=DIRECTION('',(1.,0.,0.));
#13170=DIRECTION('',(0.,0.,1.));
#13171=DIRECTION('',(1.,0.,0.));
#13172=DIRECTION('',(0.,0.,1.));
#13173=DIRECTION('',(1.,0.,0.));
#13174=DIRECTION('',(0.,0.,1.));
#13175=DIRECTION('',(1.,0.,0.));
#13176=DIRECTION('',(0.,0.,1.));
#13177=DIRECTION('',(1.,0.,0.));
#13178=DIRECTION('',(0.,0.,1.));
#13179=DIRECTION('',(1.,0.,0.));
#13180=DIRECTION('',(0.,0.,1.));
#13181=DIRECTION('',(1.,0.,0.));
#13182=DIRECTION('',(0.,0.,1.));
#13183=DIRECTION('',(1.,0.,0.));
#13184=DIRECTION('',(0.,0.,1.));
#13185=DIRECTION('',(1.,0.,0.));
#13186=DIRECTION('',(0.,0.,1.));
#13187=DIRECTION('',(1.,0.,0.));
#13188=DIRECTION('',(0.,0.,1.));
#13189=DIRECTION('',(1.,0.,0.));
#13190=DIRECTION('',(0.,0.,1.));
#13191=DIRECTION('',(1.,0.,0.));
#13192=DIRECTION('',(0.,0.,1.));
#13193=DIRECTION('',(1.,0.,0.));
#13194=DIRECTION('',(0.,0.,1.));
#13195=DIRECTION('',(1.,0.,0.));
#13196=DIRECTION('',(0.,0.,1.));
#13197=DIRECTION('',(1.,0.,0.));
#13198=DIRECTION('',(0.,0.,1.));
#13199=DIRECTION('',(1.,0.,0.));
#13200=DIRECTION('',(0.,0.,1.));
#13201=DIRECTION('',(1.,0.,0.));
#13202=DIRECTION('',(0.,0.,1.));
#13203=DIRECTION('',(1.,0.,0.));
#13204=DIRECTION('',(0.,0.,1.));
#13205=DIRECTION('',(1.,0.,0.));
#13206=DIRECTION('',(0.,0.,1.));
#13207=DIRECTION('',(1.,0.,0.));
#13208=DIRECTION('',(0.,0.,1.));
#13209=DIRECTION('',(1.,0.,0.));
#13210=DIRECTION('',(0.,0.,1.));
#13211=DIRECTION('',(1.,0.,0.));
#13212=DIRECTION('',(0.,0.,1.));
#13213=DIRECTION('',(1.,0.,0.));
#13214=DIRECTION('',(0.,0.,1.));
#13215=DIRECTION('',(1.,0.,0.));
#13216=DIRECTION('',(0.,0.,1.));
#13217=DIRECTION('',(1.,0.,0.));
#13218=DIRECTION('',(0.,0.,1.));
#13219=DIRECTION('',(1.,0.,0.));
#13220=DIRECTION('',(0.,0.,1.));
#13221=DIRECTION('',(1.,0.,0.));
#13222=DIRECTION('',(0.,0.,1.));
#13223=DIRECTION('',(1.,0.,0.));
#13224=DIRECTION('',(0.,0.,1.));
#13225=DIRECTION('',(1.,0.,0.));
#13226=DIRECTION('',(0.,0.,1.));
#13227=DIRECTION('',(1.,0.,0.));
#13228=DIRECTION('',(0.,0.,1.));
#13229=DIRECTION('',(1.,0.,0.));
#13230=DIRECTION('',(0.,0.,1.));
#13231=DIRECTION('',(1.,0.,0.));
#13232=DIRECTION('',(0.,0.,1.));
#13233=DIRECTION('',(1.,0.,0.));
#13234=DIRECTION('',(0.,0.,-1.));
#13235=DIRECTION('',(1.,0.,0.));
#13236=DIRECTION('',(0.,0.,1.));
#13237=DIRECTION('',(1.,0.,0.));
#13238=DIRECTION('',(0.,0.,-1.));
#13239=DIRECTION('',(1.,0.,0.));
#13240=DIRECTION('',(0.,0.,1.));
#13241=DIRECTION('',(1.,0.,0.));
#13242=DIRECTION('',(0.,0.,-1.));
#13243=DIRECTION('',(1.,0.,0.));
#13244=DIRECTION('',(0.,0.,-1.));
#13245=DIRECTION('',(-1.,0.,0.));
#13246=DIRECTION('',(0.,0.,-1.));
#13247=DIRECTION('',(0.,0.,-1.));
#13248=DIRECTION('',(0.,0.,-1.));
#13249=DIRECTION('',(-1.,0.,0.));
#13250=DIRECTION('',(0.,0.,-1.));
#13251=DIRECTION('',(0.,0.,-1.));
#13252=DIRECTION('',(0.,0.,-1.));
#13253=DIRECTION('',(-1.,0.,0.));
#13254=DIRECTION('',(0.,0.,-1.));
#13255=DIRECTION('',(0.,0.,-1.));
#13256=DIRECTION('',(0.,0.,-1.));
#13257=DIRECTION('',(-1.,0.,0.));
#13258=DIRECTION('',(0.,0.,-1.));
#13259=DIRECTION('',(0.,0.,-1.));
#13260=DIRECTION('',(0.,0.,-1.));
#13261=DIRECTION('',(-1.,0.,0.));
#13262=DIRECTION('',(0.,0.,-1.));
#13263=DIRECTION('',(0.,0.,-1.));
#13264=DIRECTION('',(-1.,0.,0.));
#13265=DIRECTION('',(0.,0.,1.));
#13266=DIRECTION('',(1.,0.,0.));
#13267=DIRECTION('',(0.,0.,-1.));
#13268=DIRECTION('',(0.,0.,1.));
#13269=DIRECTION('',(0.,0.,1.));
#13270=DIRECTION('',(1.15648231731787E-16,-1.,0.));
#13271=DIRECTION('',(1.,1.15648231731787E-16,0.));
#13272=DIRECTION('',(0.,0.,1.));
#13273=DIRECTION('',(0.,0.,-1.));
#13274=DIRECTION('',(-1.,0.,0.));
#13275=DIRECTION('',(0.,0.,1.));
#13276=DIRECTION('',(0.,0.,-1.));
#13277=DIRECTION('',(-1.,0.,0.));
#13278=DIRECTION('',(0.,0.,-1.));
#13279=DIRECTION('',(0.,0.,-1.));
#13280=DIRECTION('',(0.,0.,-1.));
#13281=DIRECTION('',(-1.,0.,0.));
#13282=DIRECTION('',(0.,0.,-1.));
#13283=DIRECTION('',(0.,0.,-1.));
#13284=DIRECTION('',(0.,0.,-1.));
#13285=DIRECTION('',(-1.,0.,0.));
#13286=DIRECTION('',(0.,0.,-1.));
#13287=DIRECTION('',(0.,0.,-1.));
#13288=DIRECTION('',(0.,0.,-1.));
#13289=DIRECTION('',(-1.,0.,0.));
#13290=DIRECTION('',(0.,0.,-1.));
#13291=DIRECTION('',(0.,0.,-1.));
#13292=DIRECTION('',(0.,0.,-1.));
#13293=DIRECTION('',(-1.,0.,0.));
#13294=DIRECTION('',(0.,0.,-1.));
#13295=DIRECTION('',(0.,0.,-1.));
#13296=DIRECTION('',(0.,0.,-1.));
#13297=DIRECTION('',(-1.,0.,0.));
#13298=DIRECTION('',(0.,0.,-1.));
#13299=DIRECTION('',(-1.,0.,0.));
#13300=DIRECTION('',(0.,0.,-1.));
#13301=DIRECTION('',(-1.,0.,0.));
#13302=DIRECTION('',(0.,0.,-1.));
#13303=DIRECTION('',(-1.,0.,0.));
#13304=DIRECTION('',(0.,0.,-1.));
#13305=DIRECTION('',(-1.,0.,0.));
#13306=DIRECTION('',(0.,0.,-1.));
#13307=DIRECTION('',(-1.,0.,0.));
#13308=DIRECTION('',(0.,0.,-1.));
#13309=DIRECTION('',(-1.,0.,0.));
#13310=DIRECTION('',(0.,0.,-1.));
#13311=DIRECTION('',(-1.,0.,0.));
#13312=DIRECTION('',(0.,0.,-1.));
#13313=DIRECTION('',(-1.,0.,0.));
#13314=DIRECTION('',(0.,0.,-1.));
#13315=DIRECTION('',(-1.,0.,0.));
#13316=DIRECTION('',(0.,0.,-1.));
#13317=DIRECTION('',(-1.,0.,0.));
#13318=DIRECTION('',(0.,0.,-1.));
#13319=DIRECTION('',(-1.,0.,0.));
#13320=DIRECTION('',(0.,0.,-1.));
#13321=DIRECTION('',(-1.,0.,0.));
#13322=DIRECTION('',(0.,0.,-1.));
#13323=DIRECTION('',(-1.,0.,0.));
#13324=DIRECTION('',(0.,0.,-1.));
#13325=DIRECTION('',(-1.,0.,0.));
#13326=DIRECTION('',(0.,0.,-1.));
#13327=DIRECTION('',(-1.,0.,0.));
#13328=DIRECTION('',(0.,0.,-1.));
#13329=DIRECTION('',(-1.,0.,0.));
#13330=DIRECTION('',(0.,0.,-1.));
#13331=DIRECTION('',(-1.,0.,0.));
#13332=DIRECTION('',(0.,0.,-1.));
#13333=DIRECTION('',(-1.,0.,0.));
#13334=DIRECTION('',(0.,0.,-1.));
#13335=DIRECTION('',(-1.,0.,0.));
#13336=DIRECTION('',(0.,0.,-1.));
#13337=DIRECTION('',(-1.,0.,0.));
#13338=DIRECTION('',(0.,0.,-1.));
#13339=DIRECTION('',(-1.,0.,0.));
#13340=DIRECTION('',(0.,0.,-1.));
#13341=DIRECTION('',(-1.,0.,0.));
#13342=DIRECTION('',(0.,0.,-1.));
#13343=DIRECTION('',(-1.,0.,0.));
#13344=DIRECTION('',(0.,0.,-1.));
#13345=DIRECTION('',(-1.,0.,0.));
#13346=DIRECTION('',(0.,0.,-1.));
#13347=DIRECTION('',(-1.,0.,0.));
#13348=DIRECTION('',(0.,0.,-1.));
#13349=DIRECTION('',(-1.,0.,0.));
#13350=DIRECTION('',(0.,0.,-1.));
#13351=DIRECTION('',(-1.,0.,0.));
#13352=DIRECTION('',(0.,0.,-1.));
#13353=DIRECTION('',(-1.,0.,0.));
#13354=DIRECTION('',(0.,0.,-1.));
#13355=DIRECTION('',(-1.,0.,0.));
#13356=DIRECTION('',(0.,0.,-1.));
#13357=DIRECTION('',(-1.,0.,0.));
#13358=DIRECTION('',(0.,0.,-1.));
#13359=DIRECTION('',(-1.,0.,0.));
#13360=DIRECTION('',(0.,0.,-1.));
#13361=DIRECTION('',(-1.,0.,0.));
#13362=DIRECTION('',(0.,0.,-1.));
#13363=DIRECTION('',(-1.,0.,0.));
#13364=DIRECTION('',(0.,0.,-1.));
#13365=DIRECTION('',(-1.,0.,0.));
#13366=DIRECTION('',(0.,0.,-1.));
#13367=DIRECTION('',(-1.,0.,0.));
#13368=DIRECTION('',(0.,0.,-1.));
#13369=DIRECTION('',(-1.,0.,0.));
#13370=DIRECTION('',(0.,0.,-1.));
#13371=DIRECTION('',(-1.,0.,0.));
#13372=DIRECTION('',(0.,0.,-1.));
#13373=DIRECTION('',(-1.,0.,0.));
#13374=DIRECTION('',(0.,0.,-1.));
#13375=DIRECTION('',(-1.,0.,0.));
#13376=DIRECTION('',(0.,0.,-1.));
#13377=DIRECTION('',(-1.,0.,0.));
#13378=DIRECTION('',(0.,0.,-1.));
#13379=DIRECTION('',(-1.,0.,0.));
#13380=DIRECTION('',(0.,0.,-1.));
#13381=DIRECTION('',(-1.,0.,0.));
#13382=DIRECTION('',(0.,0.,-1.));
#13383=DIRECTION('',(-1.,0.,0.));
#13384=DIRECTION('',(0.,0.,-1.));
#13385=DIRECTION('',(-1.,0.,0.));
#13386=DIRECTION('',(0.,0.,-1.));
#13387=DIRECTION('',(-1.,0.,0.));
#13388=DIRECTION('',(0.,0.,-1.));
#13389=DIRECTION('',(-1.,0.,0.));
#13390=DIRECTION('',(0.,0.,-1.));
#13391=DIRECTION('',(-1.,0.,0.));
#13392=DIRECTION('',(0.,0.,-1.));
#13393=DIRECTION('',(-1.,0.,0.));
#13394=DIRECTION('',(0.,0.,-1.));
#13395=DIRECTION('',(-1.,0.,0.));
#13396=DIRECTION('',(0.,0.,-1.));
#13397=DIRECTION('',(-1.,0.,0.));
#13398=DIRECTION('',(0.,0.,-1.));
#13399=DIRECTION('',(-1.,0.,0.));
#13400=DIRECTION('',(0.,0.,-1.));
#13401=DIRECTION('',(-1.,0.,0.));
#13402=DIRECTION('',(0.,0.,-1.));
#13403=DIRECTION('',(-1.,0.,0.));
#13404=DIRECTION('',(0.,0.,-1.));
#13405=DIRECTION('',(-1.,0.,0.));
#13406=DIRECTION('',(0.,0.,-1.));
#13407=DIRECTION('',(-1.,0.,0.));
#13408=DIRECTION('',(0.,0.,-1.));
#13409=DIRECTION('',(-1.,0.,0.));
#13410=DIRECTION('',(0.,0.,-1.));
#13411=DIRECTION('',(-1.,0.,0.));
#13412=DIRECTION('',(0.,0.,-1.));
#13413=DIRECTION('',(-1.,0.,0.));
#13414=DIRECTION('',(0.,0.,-1.));
#13415=DIRECTION('',(-1.,0.,0.));
#13416=DIRECTION('',(0.,0.,-1.));
#13417=DIRECTION('',(-1.,0.,0.));
#13418=DIRECTION('',(0.,0.,-1.));
#13419=DIRECTION('',(-1.,0.,0.));
#13420=DIRECTION('',(0.,0.,-1.));
#13421=DIRECTION('',(-1.,0.,0.));
#13422=DIRECTION('',(0.,0.,-1.));
#13423=DIRECTION('',(-1.,0.,0.));
#13424=DIRECTION('',(0.,0.,-1.));
#13425=DIRECTION('',(-1.,0.,0.));
#13426=DIRECTION('',(0.,0.,-1.));
#13427=DIRECTION('',(-1.,0.,0.));
#13428=DIRECTION('',(0.,0.,-1.));
#13429=DIRECTION('',(-1.,0.,0.));
#13430=DIRECTION('',(0.,0.,-1.));
#13431=DIRECTION('',(-1.,0.,0.));
#13432=DIRECTION('',(0.,0.,-1.));
#13433=DIRECTION('',(-1.,0.,0.));
#13434=DIRECTION('',(0.,0.,-1.));
#13435=DIRECTION('',(-1.,0.,0.));
#13436=DIRECTION('',(0.,0.,-1.));
#13437=DIRECTION('',(-1.,0.,0.));
#13438=DIRECTION('',(0.,0.,-1.));
#13439=DIRECTION('',(-1.,0.,0.));
#13440=DIRECTION('',(0.,0.,-1.));
#13441=DIRECTION('',(-1.,0.,0.));
#13442=DIRECTION('',(0.,0.,-1.));
#13443=DIRECTION('',(-1.,0.,0.));
#13444=DIRECTION('',(0.,0.,-1.));
#13445=DIRECTION('',(-1.,0.,0.));
#13446=DIRECTION('',(0.,0.,-1.));
#13447=DIRECTION('',(-1.,0.,0.));
#13448=DIRECTION('',(0.,0.,-1.));
#13449=DIRECTION('',(-1.,0.,0.));
#13450=DIRECTION('',(0.,0.,-1.));
#13451=DIRECTION('',(-1.,0.,0.));
#13452=DIRECTION('',(0.,0.,-1.));
#13453=DIRECTION('',(-1.,0.,0.));
#13454=DIRECTION('',(0.,0.,-1.));
#13455=DIRECTION('',(-1.,0.,0.));
#13456=DIRECTION('',(0.,0.,-1.));
#13457=DIRECTION('',(-1.,0.,0.));
#13458=DIRECTION('',(0.,0.,-1.));
#13459=DIRECTION('',(-1.,0.,0.));
#13460=DIRECTION('',(0.,0.,-1.));
#13461=DIRECTION('',(-1.,0.,0.));
#13462=DIRECTION('',(0.,0.,-1.));
#13463=DIRECTION('',(-1.,0.,0.));
#13464=DIRECTION('',(0.,0.,-1.));
#13465=DIRECTION('',(-1.,0.,0.));
#13466=DIRECTION('',(0.,0.,-1.));
#13467=DIRECTION('',(-1.,0.,0.));
#13468=DIRECTION('',(0.,0.,-1.));
#13469=DIRECTION('',(-1.,0.,0.));
#13470=DIRECTION('',(0.,0.,-1.));
#13471=DIRECTION('',(-1.,0.,0.));
#13472=DIRECTION('',(-1.,0.,0.));
#13473=DIRECTION('',(0.,0.,1.));
#13474=DIRECTION('',(-1.,0.,0.));
#13475=DIRECTION('',(0.,0.,1.));
#13476=DIRECTION('',(0.,0.,1.));
#13477=DIRECTION('',(0.,-1.,0.));
#13478=DIRECTION('',(0.,0.,1.));
#13479=DIRECTION('',(-0.612935842624026,-0.790132680520668,0.));
#13480=DIRECTION('',(0.790132680520668,-0.612935842624026,0.));
#13481=DIRECTION('',(0.,0.,1.));
#13482=DIRECTION('',(0.790132680520668,-0.612935842624026,0.));
#13483=DIRECTION('',(0.,-1.,0.));
#13484=DIRECTION('',(0.,0.,-1.));
#13485=DIRECTION('',(0.,0.,1.));
#13486=DIRECTION('',(1.,0.,0.));
#13487=DIRECTION('',(-1.,0.,0.));
#13488=DIRECTION('',(0.,0.,1.));
#13489=DIRECTION('',(0.,0.,1.));
#13490=DIRECTION('',(0.,-1.,0.));
#13491=DIRECTION('',(0.,-1.,0.));
#13492=DIRECTION('',(0.,0.,-1.));
#13493=DIRECTION('',(0.,0.,1.));
#13494=DIRECTION('',(1.,0.,0.));
#13495=DIRECTION('',(0.612935842624027,-0.790132680520667,0.));
#13496=DIRECTION('',(0.790132680520667,0.612935842624027,0.));
#13497=DIRECTION('',(0.790132680520667,0.612935842624027,0.));
#13498=DIRECTION('',(0.,0.,1.));
#13499=DIRECTION('',(1.,0.,0.));
#13500=DIRECTION('',(-1.,0.,0.));
#13501=DIRECTION('',(0.,1.,0.));
#13502=DIRECTION('',(-1.,0.,0.));
#13503=DIRECTION('',(0.,1.,0.));
#13504=DIRECTION('',(0.,0.,1.));
#13505=DIRECTION('',(1.,0.,0.));
#13506=DIRECTION('',(-0.582491893306925,-0.812836511379573,0.));
#13507=DIRECTION('',(0.812836511379573,-0.582491893306925,0.));
#13508=DIRECTION('',(0.582491893306925,-0.812836511379572,0.));
#13509=DIRECTION('',(0.812836511379572,0.582491893306925,0.));
#13510=DIRECTION('',(0.,0.,-1.));
#13511=DIRECTION('',(-1.,0.,0.));
#13512=DIRECTION('',(0.,0.,-1.));
#13513=DIRECTION('',(-1.,0.,0.));
#13514=DIRECTION('',(0.,0.,-1.));
#13515=DIRECTION('',(-1.,0.,0.));
#13516=DIRECTION('',(0.,0.,-1.));
#13517=DIRECTION('',(-1.,0.,0.));
#13518=DIRECTION('',(0.,0.,-1.));
#13519=DIRECTION('',(-1.,0.,0.));
#13520=DIRECTION('',(0.,0.,-1.));
#13521=DIRECTION('',(-1.,0.,0.));
#13522=DIRECTION('',(0.,0.,-1.));
#13523=DIRECTION('',(-1.,0.,0.));
#13524=DIRECTION('',(0.,0.,-1.));
#13525=DIRECTION('',(-1.,0.,0.));
#13526=DIRECTION('',(0.,0.,-1.));
#13527=DIRECTION('',(-1.,0.,0.));
#13528=DIRECTION('',(0.,0.,-1.));
#13529=DIRECTION('',(-1.,0.,0.));
#13530=DIRECTION('',(1.,0.,0.));
#13531=DIRECTION('',(0.,0.,-1.));
#13532=DIRECTION('',(0.,0.,-1.));
#13533=DIRECTION('',(-1.,0.,0.));
#13534=DIRECTION('',(0.,0.,-1.));
#13535=DIRECTION('',(-1.,0.,0.));
#13536=DIRECTION('',(0.,0.,-1.));
#13537=DIRECTION('',(-1.,0.,0.));
#13538=DIRECTION('',(1.15648231731787E-16,-1.,0.));
#13539=DIRECTION('',(1.15648231731787E-16,-1.,0.));
#13540=DIRECTION('',(1.15648231731787E-16,-1.,0.));
#13541=DIRECTION('',(-1.,-1.15648231731787E-16,0.));
#13542=DIRECTION('',(1.15648231731787E-16,-1.,0.));
#13543=DIRECTION('',(1.15648231731787E-16,-1.,0.));
#13544=DIRECTION('',(0.,0.,-1.));
#13545=DIRECTION('',(1.15648231731787E-16,-1.,0.));
#13546=DIRECTION('',(1.15648231731787E-16,-1.,0.));
#13547=DIRECTION('',(1.15648231731787E-16,-1.,0.));
#13548=DIRECTION('',(1.15648231731787E-16,-1.,0.));
#13549=DIRECTION('',(1.15648231731787E-16,-1.,0.));
#13550=DIRECTION('',(0.11933552074549,0.,0.992853983971663));
#13551=DIRECTION('',(1.15648231731787E-16,-1.,0.));
#13552=DIRECTION('',(1.15648231731787E-16,-1.,0.));
#13553=DIRECTION('',(1.,1.15648231731787E-16,0.));
#13554=DIRECTION('',(1.15648231731787E-16,-1.,0.));
#13555=DIRECTION('',(0.292345855248603,0.,0.956312658558362));
#13556=DIRECTION('',(1.15648231731787E-16,-1.,0.));
#13557=DIRECTION('',(1.15648231731787E-16,-1.,0.));
#13558=DIRECTION('',(1.,1.15648231731787E-16,0.));
#13559=DIRECTION('',(-0.940478007693248,-1.08764618572358E-16,0.339854552780067));
#13560=DIRECTION('',(0.339854552780067,0.,0.940478007693248));
#13561=DIRECTION('',(1.15648231731787E-16,-1.,0.));
#13562=DIRECTION('',(-0.339854552780067,-3.93035780750121E-17,-0.940478007693248));
#13563=DIRECTION('',(1.15648231731787E-16,-1.,0.));
#13564=DIRECTION('',(1.15648231731787E-16,-1.,0.));
#13565=DIRECTION('',(0.107263403159219,0.,0.994230638404743));
#13566=DIRECTION('',(1.15648231731787E-16,-1.,0.));
#13567=DIRECTION('',(1.15648231731787E-16,-1.,0.));
#13568=DIRECTION('',(1.,1.15648231731787E-16,0.));
#13569=DIRECTION('',(1.15648231731787E-16,-1.,0.));
#13570=DIRECTION('',(1.15648231731787E-16,-1.,0.));
#13571=DIRECTION('',(1.15648231731787E-16,-1.,0.));
#13572=DIRECTION('',(1.,1.15648231731787E-16,0.));
#13573=DIRECTION('',(1.15648231731787E-16,-1.,0.));
#13574=DIRECTION('',(1.15648231731787E-16,-1.,0.));
#13575=DIRECTION('',(0.,0.,-1.));
#13576=DIRECTION('',(-1.,0.,0.));
#13577=DIRECTION('',(1.15648231731787E-16,-1.,0.));
#13578=DIRECTION('',(1.,1.15648231731787E-16,0.));
#13579=DIRECTION('',(1.15648231731787E-16,-1.,0.));
#13580=DIRECTION('',(-1.,-1.15648231731787E-16,0.));
#13581=DIRECTION('',(1.15648231731787E-16,-1.,0.));
#13582=DIRECTION('',(1.15648231731787E-16,-1.,0.));
#13583=DIRECTION('',(0.,0.,-1.));
#13584=DIRECTION('',(0.,0.,-1.));
#13585=DIRECTION('',(-1.,0.,0.));
#13586=DIRECTION('',(1.15648231731787E-16,-1.,0.));
#13587=DIRECTION('',(1.,1.15648231731787E-16,0.));
#13588=DIRECTION('',(1.,1.15648231731787E-16,0.));
#13589=DIRECTION('',(-1.15648231731787E-16,1.,0.));
#13590=DIRECTION('',(1.15648231731787E-16,-1.,0.));
#13591=DIRECTION('',(0.,0.,1.));
#13592=DIRECTION('',(0.,0.,1.));
#13593=DIRECTION('',(1.,0.,0.));
#13594=DIRECTION('',(1.15648231731787E-16,-1.,0.));
#13595=DIRECTION('',(-1.,-1.15648231731787E-16,0.));
#13596=DIRECTION('',(-1.,-1.15648231731787E-16,0.));
#13597=DIRECTION('',(1.15648231731787E-16,-1.,0.));
#13598=DIRECTION('',(1.15648231731787E-16,-1.,0.));
#13599=DIRECTION('',(0.,0.,-1.));
#13600=DIRECTION('',(-0.654930538417843,-7.57415586751708E-17,0.755689082789817));
#13601=DIRECTION('',(0.755689082789817,0.,0.654930538417843));
#13602=DIRECTION('',(1.15648231731787E-16,-1.,0.));
#13603=DIRECTION('',(-0.755689082789817,-8.73941061636584E-17,-0.654930538417843));
#13604=DIRECTION('',(0.801008168102476,9.26351782437694E-17,0.598653417791226));
#13605=DIRECTION('',(0.598653417791226,0.,-0.801008168102476));
#13606=DIRECTION('',(1.15648231731787E-16,-1.,0.));
#13607=DIRECTION('',(-0.598653417791226,-6.92332091877461E-17,0.801008168102476));
#13608=DIRECTION('',(0.,0.,1.));
#13609=DIRECTION('',(1.,0.,0.));
#13610=DIRECTION('',(1.15648231731787E-16,-1.,0.));
#13611=DIRECTION('',(-1.,-1.15648231731787E-16,0.));
#13612=DIRECTION('',(-0.797949741828181,-9.22814766532653E-17,-0.602723991157096));
#13613=DIRECTION('',(-0.602723991157096,0.,0.797949741828181));
#13614=DIRECTION('',(1.15648231731787E-16,-1.,0.));
#13615=DIRECTION('',(0.602723991157096,6.97039637996434E-17,-0.797949741828181));
#13616=DIRECTION('',(-0.724515721981079,-8.3788962108991E-17,0.689258274235598));
#13617=DIRECTION('',(0.689258274235598,0.,0.724515721981079));
#13618=DIRECTION('',(1.15648231731787E-16,-1.,0.));
#13619=DIRECTION('',(-0.689258274235598,-7.97115006218502E-17,-0.724515721981079));
#13620=DIRECTION('',(0.,0.,-1.));
#13621=DIRECTION('',(-1.,0.,0.));
#13622=DIRECTION('',(1.15648231731787E-16,-1.,0.));
#13623=DIRECTION('',(1.,1.15648231731787E-16,0.));
#13624=DIRECTION('',(0.727288445628535,8.41096226959001E-17,-0.686331929065834));
#13625=DIRECTION('',(-0.686331929065834,0.,-0.727288445628535));
#13626=DIRECTION('',(0.686331929065834,7.93730739775301E-17,0.727288445628535));
#13627=DIRECTION('',(1.15648231731787E-16,-1.,0.));
#13628=DIRECTION('',(1.,1.15648231731787E-16,0.));
#13629=DIRECTION('',(1.15648231731787E-16,-1.,0.));
#13630=DIRECTION('',(1.15648231731787E-16,-1.,0.));
#13631=DIRECTION('',(1.15648231731787E-16,-1.,0.));
#13632=DIRECTION('',(-1.,-1.15648231731787E-16,0.));
#13633=DIRECTION('',(1.15648231731787E-16,-1.,0.));
#13634=DIRECTION('',(1.15648231731787E-16,-1.,0.));
#13635=DIRECTION('',(0.,0.,-1.));
#13636=DIRECTION('',(1.15648231731787E-16,-1.,0.));
#13637=DIRECTION('',(1.15648231731787E-16,-1.,0.));
#13638=DIRECTION('',(1.15648231731787E-16,-1.,0.));
#13639=DIRECTION('',(1.15648231731787E-16,-1.,0.));
#13640=DIRECTION('',(1.15648231731787E-16,-1.,0.));
#13641=DIRECTION('',(0.119335520745478,0.,0.992853983971664));
#13642=DIRECTION('',(1.15648231731787E-16,-1.,0.));
#13643=DIRECTION('',(1.15648231731787E-16,-1.,0.));
#13644=DIRECTION('',(1.,1.15648231731787E-16,0.));
#13645=DIRECTION('',(1.15648231731787E-16,-1.,0.));
#13646=DIRECTION('',(0.292345855248604,0.,0.956312658558362));
#13647=DIRECTION('',(1.15648231731787E-16,-1.,0.));
#13648=DIRECTION('',(1.15648231731787E-16,-1.,0.));
#13649=DIRECTION('',(1.,1.15648231731787E-16,0.));
#13650=DIRECTION('',(-0.940478007693247,-1.08764618572358E-16,0.339854552780069));
#13651=DIRECTION('',(0.339854552780069,0.,0.940478007693247));
#13652=DIRECTION('',(1.15648231731787E-16,-1.,0.));
#13653=DIRECTION('',(-0.339854552780069,-3.93035780750123E-17,-0.940478007693247));
#13654=DIRECTION('',(1.15648231731787E-16,-1.,0.));
#13655=DIRECTION('',(1.15648231731787E-16,-1.,0.));
#13656=DIRECTION('',(0.107263403159206,0.,0.994230638404745));
#13657=DIRECTION('',(1.15648231731787E-16,-1.,0.));
#13658=DIRECTION('',(1.15648231731787E-16,-1.,0.));
#13659=DIRECTION('',(1.,1.15648231731787E-16,0.));
#13660=DIRECTION('',(1.15648231731787E-16,-1.,0.));
#13661=DIRECTION('',(1.15648231731787E-16,-1.,0.));
#13662=DIRECTION('',(1.15648231731787E-16,-1.,0.));
#13663=DIRECTION('',(1.,1.15648231731787E-16,0.));
#13664=DIRECTION('',(0.,0.,1.));
#13665=DIRECTION('',(1.,0.,0.));
#13666=DIRECTION('',(1.15648231731787E-16,-1.,0.));
#13667=DIRECTION('',(-1.,-1.15648231731787E-16,0.));
#13668=DIRECTION('',(1.15648231731787E-16,-1.,0.));
#13669=DIRECTION('',(-1.,-1.15648231731787E-16,0.));
#13670=DIRECTION('',(1.15648231731787E-16,-1.,0.));
#13671=DIRECTION('',(1.15648231731787E-16,-1.,0.));
#13672=DIRECTION('',(0.,0.,-1.));
#13673=DIRECTION('',(0.,0.,-1.));
#13674=DIRECTION('',(-1.,0.,0.));
#13675=DIRECTION('',(1.15648231731787E-16,-1.,0.));
#13676=DIRECTION('',(1.,1.15648231731787E-16,0.));
#13677=DIRECTION('',(1.,1.15648231731787E-16,0.));
#13678=DIRECTION('',(-1.15648231731787E-16,1.,0.));
#13679=DIRECTION('',(0.,0.,1.));
#13680=DIRECTION('',(1.15648231731787E-16,-1.,0.));
#13681=DIRECTION('',(1.,1.15648231731787E-16,0.));
#13682=DIRECTION('',(-1.,-1.15648231731787E-16,0.));
#13683=DIRECTION('',(1.15648231731787E-16,-1.,0.));
#13684=DIRECTION('',(1.15648231731787E-16,-1.,0.));
#13685=DIRECTION('',(0.,0.,-1.));
#13686=DIRECTION('',(1.15648231731787E-16,-1.,0.));
#13687=DIRECTION('',(0.,0.,-1.));
#13688=DIRECTION('',(-1.,0.,0.));
#13689=DIRECTION('',(1.15648231731787E-16,-1.,0.));
#13690=DIRECTION('',(1.,1.15648231731787E-16,0.));
#13691=DIRECTION('',(1.,1.15648231731787E-16,0.));
#13692=DIRECTION('',(-1.15648231731787E-16,1.,0.));
#13693=DIRECTION('',(1.15648231731787E-16,-1.,0.));
#13694=DIRECTION('',(0.,0.,1.));
#13695=DIRECTION('',(1.15648231731787E-16,-1.,0.));
#13696=DIRECTION('',(1.15648231731787E-16,-1.,0.));
#13697=DIRECTION('',(1.15648231731787E-16,-1.,0.));
#13698=DIRECTION('',(1.15648231731787E-16,-1.,0.));
#13699=DIRECTION('',(0.661046543161365,0.,-0.750344899212628));
#13700=DIRECTION('',(1.15648231731787E-16,-1.,0.));
#13701=DIRECTION('',(1.15648231731787E-16,-1.,0.));
#13702=DIRECTION('',(1.,1.15648231731787E-16,0.));
#13703=DIRECTION('',(0.,0.,1.));
#13704=DIRECTION('',(1.,0.,0.));
#13705=DIRECTION('',(1.15648231731787E-16,-1.,0.));
#13706=DIRECTION('',(-1.,-1.15648231731787E-16,0.));
#13707=DIRECTION('',(0.986911938069556,1.14134620512735E-16,0.161260120599586));
#13708=DIRECTION('',(0.161260120599586,0.,-0.986911938069556));
#13709=DIRECTION('',(1.15648231731787E-16,-1.,0.));
#13710=DIRECTION('',(-0.161260120599586,-1.86494477961968E-17,0.986911938069556));
#13711=DIRECTION('',(0.,0.,1.));
#13712=DIRECTION('',(1.,0.,0.));
#13713=DIRECTION('',(1.15648231731787E-16,-1.,0.));
#13714=DIRECTION('',(-1.,-1.15648231731787E-16,0.));
#13715=DIRECTION('',(-1.,-1.15648231731787E-16,0.));
#13716=DIRECTION('',(1.15648231731787E-16,-1.,0.));
#13717=DIRECTION('',(1.15648231731787E-16,-1.,0.));
#13718=DIRECTION('',(0.,0.,-1.));
#13719=DIRECTION('',(0.,0.,-1.));
#13720=DIRECTION('',(-1.,0.,0.));
#13721=DIRECTION('',(1.15648231731787E-16,-1.,0.));
#13722=DIRECTION('',(1.,1.15648231731787E-16,0.));
#13723=DIRECTION('',(1.,1.15648231731787E-16,0.));
#13724=DIRECTION('',(-1.15648231731787E-16,1.,0.));
#13725=DIRECTION('',(1.15648231731787E-16,-1.,0.));
#13726=DIRECTION('',(0.,0.,1.));
#13727=DIRECTION('',(1.15648231731787E-16,-1.,0.));
#13728=DIRECTION('',(1.15648231731787E-16,-1.,0.));
#13729=DIRECTION('',(1.15648231731787E-16,-1.,0.));
#13730=DIRECTION('',(1.15648231731787E-16,-1.,0.));
#13731=DIRECTION('',(1.,1.15648231731787E-16,0.));
#13732=DIRECTION('',(1.15648231731787E-16,-1.,0.));
#13733=DIRECTION('',(1.15648231731787E-16,-1.,0.));
#13734=DIRECTION('',(1.15648231731787E-16,-1.,0.));
#13735=DIRECTION('',(1.15648231731787E-16,-1.,0.));
#13736=DIRECTION('',(1.15648231731787E-16,-1.,0.));
#13737=DIRECTION('',(1.15648231731787E-16,-1.,0.));
#13738=DIRECTION('',(-0.0404293456554271,-4.67558233512336E-18,0.999182399769869));
#13739=DIRECTION('',(0.999182399769869,0.,0.0404293456554271));
#13740=DIRECTION('',(-0.999182399769869,-1.15553677710909E-16,-0.0404293456554271));
#13741=DIRECTION('',(1.15648231731787E-16,-1.,0.));
#13742=DIRECTION('',(-0.999182399769869,-1.15553677710909E-16,-0.0404293456554271));
#13743=DIRECTION('',(1.,1.15648231731787E-16,0.));
#13744=DIRECTION('',(-1.15648231731787E-16,1.,0.));
#13745=DIRECTION('',(0.,0.,1.));
#13746=DIRECTION('',(1.15648231731787E-16,-1.,0.));
#13747=DIRECTION('',(0.,0.,1.));
#13748=DIRECTION('',(0.97844328814981,1.13155236124361E-16,0.206515694015221));
#13749=DIRECTION('',(0.206515694015221,0.,-0.97844328814981));
#13750=DIRECTION('',(1.15648231731787E-16,-1.,0.));
#13751=DIRECTION('',(-0.206515694015221,-2.38831748377231E-17,0.97844328814981));
#13752=DIRECTION('',(1.15648231731787E-16,-1.,0.));
#13753=DIRECTION('',(0.,0.,1.));
#13754=DIRECTION('',(1.,0.,0.));
#13755=DIRECTION('',(1.15648231731787E-16,-1.,0.));
#13756=DIRECTION('',(-1.,-1.15648231731787E-16,0.));
#13757=DIRECTION('',(-1.,-1.15648231731787E-16,0.));
#13758=DIRECTION('',(1.15648231731787E-16,-1.,0.));
#13759=DIRECTION('',(1.15648231731787E-16,-1.,0.));
#13760=DIRECTION('',(0.,0.,-1.));
#13761=DIRECTION('',(1.15648231731787E-16,-1.,0.));
#13762=DIRECTION('',(1.15648231731787E-16,-1.,0.));
#13763=DIRECTION('',(1.15648231731787E-16,-1.,0.));
#13764=DIRECTION('',(-0.127254001219901,0.,0.991870162457529));
#13765=DIRECTION('',(1.15648231731787E-16,-1.,0.));
#13766=DIRECTION('',(1.15648231731787E-16,-1.,0.));
#13767=DIRECTION('',(1.,1.15648231731787E-16,0.));
#13768=DIRECTION('',(1.15648231731787E-16,-1.,0.));
#13769=DIRECTION('',(-0.363016395587705,0.,0.931782751790626));
#13770=DIRECTION('',(1.15648231731787E-16,-1.,0.));
#13771=DIRECTION('',(1.15648231731787E-16,-1.,0.));
#13772=DIRECTION('',(1.,1.15648231731787E-16,0.));
#13773=DIRECTION('',(0.927506804963742,1.07264521913256E-16,0.373806269003011));
#13774=DIRECTION('',(0.373806269003011,0.,-0.927506804963742));
#13775=DIRECTION('',(1.15648231731787E-16,-1.,0.));
#13776=DIRECTION('',(-0.373806269003011,-4.3230034020455E-17,0.927506804963742));
#13777=DIRECTION('',(1.15648231731787E-16,-1.,0.));
#13778=DIRECTION('',(1.15648231731787E-16,-1.,0.));
#13779=DIRECTION('',(1.15648231731787E-16,-1.,0.));
#13780=DIRECTION('',(1.,1.15648231731787E-16,0.));
#13781=DIRECTION('',(-1.15648231731787E-16,1.,0.));
#13782=DIRECTION('',(1.15648231731787E-16,-1.,0.));
#13783=DIRECTION('',(0.,0.,1.));
#13784=DIRECTION('',(0.0326847650539521,3.77993528305848E-18,-0.99946571033396));
#13785=DIRECTION('',(-0.99946571033396,0.,-0.0326847650539521));
#13786=DIRECTION('',(1.15648231731787E-16,-1.,0.));
#13787=DIRECTION('',(0.99946571033396,1.15586442076677E-16,0.0326847650539521));
#13788=DIRECTION('',(1.15648231731787E-16,-1.,0.));
#13789=DIRECTION('',(1.15648231731787E-16,-1.,0.));
#13790=DIRECTION('',(1.15648231731787E-16,-1.,0.));
#13791=DIRECTION('',(1.15648231731787E-16,-1.,0.));
#13792=DIRECTION('',(1.15648231731787E-16,-1.,0.));
#13793=DIRECTION('',(0.,0.,1.));
#13794=DIRECTION('',(1.,0.,0.));
#13795=DIRECTION('',(-1.,-1.15648231731787E-16,0.));
#13796=DIRECTION('',(1.15648231731787E-16,-1.,0.));
#13797=DIRECTION('',(1.,1.15648231731787E-16,0.));
#13798=DIRECTION('',(1.15648231731787E-16,-1.,0.));
#13799=DIRECTION('',(1.15648231731787E-16,-1.,0.));
#13800=DIRECTION('',(1.15648231731787E-16,-1.,0.));
#13801=DIRECTION('',(1.15648231731787E-16,-1.,0.));
#13802=DIRECTION('',(1.15648231731787E-16,-1.,0.));
#13803=DIRECTION('',(1.15648231731787E-16,-1.,0.));
#13804=DIRECTION('',(1.15648231731787E-16,-1.,0.));
#13805=DIRECTION('',(1.15648231731787E-16,-1.,0.));
#13806=DIRECTION('',(1.15648231731787E-16,-1.,0.));
#13807=DIRECTION('',(1.15648231731787E-16,-1.,0.));
#13808=DIRECTION('',(1.15648231731787E-16,-1.,0.));
#13809=DIRECTION('',(0.,0.,-1.));
#13810=DIRECTION('',(-1.,0.,0.));
#13811=DIRECTION('',(1.15648231731787E-16,-1.,0.));
#13812=DIRECTION('',(1.,1.15648231731787E-16,0.));
#13813=DIRECTION('',(1.15648231731787E-16,-1.,0.));
#13814=DIRECTION('',(0.999331631269851,0.,-0.0365553107432774));
#13815=DIRECTION('',(1.15648231731787E-16,-1.,0.));
#13816=DIRECTION('',(1.15648231731787E-16,-1.,0.));
#13817=DIRECTION('',(1.,1.15648231731787E-16,0.));
#13818=DIRECTION('',(-1.,-1.15648231731787E-16,0.));
#13819=DIRECTION('',(1.15648231731787E-16,-1.,0.));
#13820=DIRECTION('',(1.15648231731787E-16,-1.,0.));
#13821=DIRECTION('',(0.,0.,-1.));
#13822=DIRECTION('',(0.,0.,-1.));
#13823=DIRECTION('',(-1.,0.,0.));
#13824=DIRECTION('',(1.15648231731787E-16,-1.,0.));
#13825=DIRECTION('',(1.,1.15648231731787E-16,0.));
#13826=DIRECTION('',(1.,1.15648231731787E-16,0.));
#13827=DIRECTION('',(-1.15648231731787E-16,1.,0.));
#13828=DIRECTION('',(1.15648231731787E-16,-1.,0.));
#13829=DIRECTION('',(0.,0.,1.));
#13830=DIRECTION('',(0.,0.,1.));
#13831=DIRECTION('',(1.,0.,0.));
#13832=DIRECTION('',(1.15648231731787E-16,-1.,0.));
#13833=DIRECTION('',(-1.,-1.15648231731787E-16,0.));
#13834=DIRECTION('',(-0.97078649337332,-1.12269741347727E-16,0.239944960947156));
#13835=DIRECTION('',(0.239944960947156,0.,0.97078649337332));
#13836=DIRECTION('',(1.15648231731787E-16,-1.,0.));
#13837=DIRECTION('',(-0.239944960947156,-2.77492104464913E-17,-0.97078649337332));
#13838=DIRECTION('',(0.,0.,1.));
#13839=DIRECTION('',(1.,0.,0.));
#13840=DIRECTION('',(1.15648231731787E-16,-1.,0.));
#13841=DIRECTION('',(-1.,-1.15648231731787E-16,0.));
#13842=DIRECTION('',(1.15648231731787E-16,-1.,0.));
#13843=DIRECTION('',(-0.63277137389512,0.,-0.774338678085295));
#13844=DIRECTION('',(1.15648231731787E-16,-1.,0.));
#13845=DIRECTION('',(1.15648231731787E-16,-1.,0.));
#13846=DIRECTION('',(1.,1.15648231731787E-16,0.));
#13847=DIRECTION('',(1.15648231731787E-16,-1.,0.));
#13848=DIRECTION('',(1.15648231731787E-16,-1.,0.));
#13849=DIRECTION('',(1.15648231731787E-16,-1.,0.));
#13850=DIRECTION('',(1.15648231731787E-16,-1.,0.));
#13851=DIRECTION('',(1.,1.15648231731787E-16,0.));
#13852=DIRECTION('',(0.,0.,1.));
#13853=DIRECTION('',(1.,0.,0.));
#13854=DIRECTION('',(1.15648231731787E-16,-1.,0.));
#13855=DIRECTION('',(-1.,-1.15648231731787E-16,0.));
#13856=DIRECTION('',(1.15648231731787E-16,-1.,0.));
#13857=DIRECTION('',(-1.,-1.15648231731787E-16,0.));
#13858=DIRECTION('',(1.15648231731787E-16,-1.,0.));
#13859=DIRECTION('',(1.15648231731787E-16,-1.,0.));
#13860=DIRECTION('',(0.,0.,-1.));
#13861=DIRECTION('',(0.,0.,-1.));
#13862=DIRECTION('',(-1.,0.,0.));
#13863=DIRECTION('',(1.15648231731787E-16,-1.,0.));
#13864=DIRECTION('',(1.,1.15648231731787E-16,0.));
#13865=DIRECTION('',(1.,1.15648231731787E-16,0.));
#13866=DIRECTION('',(-1.15648231731787E-16,1.,0.));
#13867=DIRECTION('',(1.15648231731787E-16,-1.,0.));
#13868=DIRECTION('',(0.,0.,1.));
#13869=DIRECTION('',(0.,0.,-1.));
#13870=DIRECTION('',(-1.,0.,0.));
#13871=DIRECTION('',(1.15648231731787E-16,-1.,0.));
#13872=DIRECTION('',(1.,1.15648231731787E-16,0.));
#13873=DIRECTION('',(-1.,-1.15648231731787E-16,0.));
#13874=DIRECTION('',(1.15648231731787E-16,-1.,0.));
#13875=DIRECTION('',(1.15648231731787E-16,-1.,0.));
#13876=DIRECTION('',(0.,0.,-1.));
#13877=DIRECTION('',(0.,0.,-1.));
#13878=DIRECTION('',(-1.,0.,0.));
#13879=DIRECTION('',(1.15648231731787E-16,-1.,0.));
#13880=DIRECTION('',(1.,1.15648231731787E-16,0.));
#13881=DIRECTION('',(1.,1.15648231731787E-16,0.));
#13882=DIRECTION('',(-1.15648231731787E-16,1.,0.));
#13883=DIRECTION('',(1.15648231731787E-16,-1.,0.));
#13884=DIRECTION('',(0.,0.,1.));
#13885=DIRECTION('',(0.,0.,1.));
#13886=DIRECTION('',(1.,0.,0.));
#13887=DIRECTION('',(1.15648231731787E-16,-1.,0.));
#13888=DIRECTION('',(-1.,-1.15648231731787E-16,0.));
#13889=DIRECTION('',(-1.,-1.15648231731787E-16,0.));
#13890=DIRECTION('',(1.15648231731787E-16,-1.,0.));
#13891=DIRECTION('',(1.15648231731787E-16,-1.,0.));
#13892=DIRECTION('',(0.,0.,-1.));
#13893=DIRECTION('',(0.,0.,1.));
#13894=DIRECTION('',(1.,0.,0.));
#13895=DIRECTION('',(1.15648231731787E-16,-1.,0.));
#13896=DIRECTION('',(-1.,-1.15648231731787E-16,0.));
#13897=DIRECTION('',(1.,1.15648231731787E-16,0.));
#13898=DIRECTION('',(-1.15648231731787E-16,1.,0.));
#13899=DIRECTION('',(0.,0.,1.));
#13900=DIRECTION('',(1.15648231731787E-16,-1.,0.));
#13901=DIRECTION('',(1.,1.15648231731787E-16,0.));
#13902=DIRECTION('',(1.15648231731787E-16,-1.,0.));
#13903=DIRECTION('',(1.,1.15648231731787E-16,0.));
#13904=DIRECTION('',(1.15648231731787E-16,-1.,0.));
#13905=DIRECTION('',(1.,1.15648231731787E-16,0.));
#13906=DIRECTION('',(0.,-1.,0.));
#13907=DIRECTION('',(0.,0.,-1.));
#13908=DIRECTION('',(0.,0.,-1.));
#13909=DIRECTION('',(-1.,0.,0.));
#13910=DIRECTION('',(0.,0.,-1.));
#13911=DIRECTION('',(-1.,0.,0.));
#13912=DIRECTION('',(0.,0.,1.));
#13913=DIRECTION('',(0.,0.,-1.));
#13914=DIRECTION('',(0.,1.,0.));
#13915=DIRECTION('',(0.,-1.,0.));
#13916=DIRECTION('',(0.,0.,-1.));
#13917=DIRECTION('',(0.,0.,-1.));
#13918=DIRECTION('',(-1.,0.,0.));
#13919=DIRECTION('',(-1.,0.,0.));
#13920=DIRECTION('',(0.,0.,1.));
#13921=DIRECTION('',(0.,1.,0.));
#13922=DIRECTION('',(0.,0.,1.));
#13923=DIRECTION('',(1.,0.,0.));
#13924=CARTESIAN_POINT('',(0.,0.,0.));
#13925=CARTESIAN_POINT('',(-0.022,0.0407,0.065));
#13926=CARTESIAN_POINT('',(-0.022,0.0407,0.065));
#13927=CARTESIAN_POINT('',(-0.013,0.0407,0.065));
#13928=CARTESIAN_POINT('',(-0.022,0.0407,0.));
#13929=CARTESIAN_POINT('',(-0.013,0.0407,0.));
#13930=CARTESIAN_POINT('',(-0.01325,-0.000799999999999957,0.065));
#13931=CARTESIAN_POINT('',(-0.01325,-0.000799999999999957,0.));
#13932=CARTESIAN_POINT('',(0.,0.,0.));
#13933=CARTESIAN_POINT('',(-0.022,0.0217,0.065));
#13934=CARTESIAN_POINT('',(-0.022,0.0217,0.065));
#13935=CARTESIAN_POINT('',(-0.013,0.0217,0.065));
#13936=CARTESIAN_POINT('',(-0.022,0.0217,0.));
#13937=CARTESIAN_POINT('',(-0.013,0.0217,0.));
#13938=CARTESIAN_POINT('',(-0.01325,-0.000799999999999957,0.065));
#13939=CARTESIAN_POINT('',(-0.01325,-0.000799999999999957,0.));
#13940=CARTESIAN_POINT('',(0.,0.,0.));
#13941=CARTESIAN_POINT('',(-0.022,0.0027,0.065));
#13942=CARTESIAN_POINT('',(-0.022,0.0027,0.065));
#13943=CARTESIAN_POINT('',(-0.013,0.0027,0.065));
#13944=CARTESIAN_POINT('',(-0.022,0.0027,0.));
#13945=CARTESIAN_POINT('',(-0.013,0.0027,0.));
#13946=CARTESIAN_POINT('',(-0.01325,-0.000799999999999957,0.065));
#13947=CARTESIAN_POINT('',(-0.01325,-0.000799999999999957,0.));
#13948=CARTESIAN_POINT('',(0.,0.,0.));
#13949=CARTESIAN_POINT('',(0.013,0.0407,0.065));
#13950=CARTESIAN_POINT('',(0.013,0.0407,0.065));
#13951=CARTESIAN_POINT('',(0.022,0.0407,0.065));
#13952=CARTESIAN_POINT('',(0.013,0.0407,0.));
#13953=CARTESIAN_POINT('',(0.022,0.0407,0.));
#13954=CARTESIAN_POINT('',(-0.01325,-0.000799999999999957,0.065));
#13955=CARTESIAN_POINT('',(-0.01325,-0.000799999999999957,0.));
#13956=CARTESIAN_POINT('',(0.,0.,0.));
#13957=CARTESIAN_POINT('',(0.013,0.0217,0.065));
#13958=CARTESIAN_POINT('',(0.013,0.0217,0.065));
#13959=CARTESIAN_POINT('',(0.022,0.0217,0.065));
#13960=CARTESIAN_POINT('',(0.013,0.0217,0.));
#13961=CARTESIAN_POINT('',(0.022,0.0217,0.));
#13962=CARTESIAN_POINT('',(-0.01325,-0.000799999999999957,0.065));
#13963=CARTESIAN_POINT('',(-0.01325,-0.000799999999999957,0.));
#13964=CARTESIAN_POINT('',(0.,0.,0.));
#13965=CARTESIAN_POINT('',(0.013,0.0027,0.065));
#13966=CARTESIAN_POINT('',(0.013,0.0027,0.065));
#13967=CARTESIAN_POINT('',(0.022,0.0027,0.065));
#13968=CARTESIAN_POINT('',(0.013,0.0027,0.));
#13969=CARTESIAN_POINT('',(0.022,0.0027,0.));
#13970=CARTESIAN_POINT('',(-0.01325,-0.000799999999999957,0.065));
#13971=CARTESIAN_POINT('',(-0.01325,-0.000799999999999957,0.));
#13972=CARTESIAN_POINT('',(0.,0.,0.));
#13973=CARTESIAN_POINT('',(0.048,0.0407,0.065));
#13974=CARTESIAN_POINT('',(0.048,0.0407,0.065));
#13975=CARTESIAN_POINT('',(0.057,0.0407,0.065));
#13976=CARTESIAN_POINT('',(0.048,0.0407,0.));
#13977=CARTESIAN_POINT('',(0.057,0.0407,0.));
#13978=CARTESIAN_POINT('',(-0.01325,-0.000799999999999957,0.065));
#13979=CARTESIAN_POINT('',(-0.01325,-0.000799999999999957,0.));
#13980=CARTESIAN_POINT('',(0.,0.,0.));
#13981=CARTESIAN_POINT('',(0.048,0.0217,0.065));
#13982=CARTESIAN_POINT('',(0.048,0.0217,0.065));
#13983=CARTESIAN_POINT('',(0.057,0.0217,0.065));
#13984=CARTESIAN_POINT('',(0.048,0.0217,0.));
#13985=CARTESIAN_POINT('',(0.057,0.0217,0.));
#13986=CARTESIAN_POINT('',(-0.01325,-0.000799999999999957,0.065));
#13987=CARTESIAN_POINT('',(-0.01325,-0.000799999999999957,0.));
#13988=CARTESIAN_POINT('',(0.,0.,0.));
#13989=CARTESIAN_POINT('',(0.048,0.0027,0.065));
#13990=CARTESIAN_POINT('',(0.048,0.0027,0.065));
#13991=CARTESIAN_POINT('',(0.057,0.0027,0.065));
#13992=CARTESIAN_POINT('',(0.048,0.0027,0.));
#13993=CARTESIAN_POINT('',(0.057,0.0027,0.));
#13994=CARTESIAN_POINT('',(-0.01325,-0.000799999999999957,0.065));
#13995=CARTESIAN_POINT('',(-0.01325,-0.000799999999999957,0.));
#13996=CARTESIAN_POINT('',(0.,0.,0.));
#13997=CARTESIAN_POINT('',(0.0305,-0.0423,0.065));
#13998=CARTESIAN_POINT('',(0.0305,-0.0423,0.065));
#13999=CARTESIAN_POINT('',(0.0395,-0.0423,0.065));
#14000=CARTESIAN_POINT('',(0.0305,-0.0423,0.));
#14001=CARTESIAN_POINT('',(0.0395,-0.0423,0.));
#14002=CARTESIAN_POINT('',(-0.01325,-0.000799999999999957,0.065));
#14003=CARTESIAN_POINT('',(-0.01325,-0.000799999999999957,0.));
#14004=CARTESIAN_POINT('',(0.,0.,0.));
#14005=CARTESIAN_POINT('',(0.0305,-0.0043,0.065));
#14006=CARTESIAN_POINT('',(0.0305,-0.0043,0.065));
#14007=CARTESIAN_POINT('',(0.0395,-0.0043,0.065));
#14008=CARTESIAN_POINT('',(0.0305,-0.0043,0.));
#14009=CARTESIAN_POINT('',(0.0395,-0.0043,0.));
#14010=CARTESIAN_POINT('',(-0.01325,-0.000799999999999957,0.065));
#14011=CARTESIAN_POINT('',(-0.01325,-0.000799999999999957,0.));
#14012=CARTESIAN_POINT('',(0.,0.,0.));
#14013=CARTESIAN_POINT('',(0.0305,0.0147,0.065));
#14014=CARTESIAN_POINT('',(0.0305,0.0147,0.065));
#14015=CARTESIAN_POINT('',(0.0395,0.0147,0.065));
#14016=CARTESIAN_POINT('',(0.0305,0.0147,0.));
#14017=CARTESIAN_POINT('',(0.0395,0.0147,0.));
#14018=CARTESIAN_POINT('',(-0.01325,-0.000799999999999957,0.065));
#14019=CARTESIAN_POINT('',(-0.01325,-0.000799999999999957,0.));
#14020=CARTESIAN_POINT('',(0.,0.,0.));
#14021=CARTESIAN_POINT('',(0.0305,0.0337,0.065));
#14022=CARTESIAN_POINT('',(0.0305,0.0337,0.065));
#14023=CARTESIAN_POINT('',(0.0395,0.0337,0.065));
#14024=CARTESIAN_POINT('',(0.0305,0.0337,0.));
#14025=CARTESIAN_POINT('',(0.0395,0.0337,0.));
#14026=CARTESIAN_POINT('',(-0.01325,-0.000799999999999957,0.065));
#14027=CARTESIAN_POINT('',(-0.01325,-0.000799999999999957,0.));
#14028=CARTESIAN_POINT('',(0.,0.,0.));
#14029=CARTESIAN_POINT('',(-0.00449999999999995,-0.0423,0.065));
#14030=CARTESIAN_POINT('',(-0.00449999999999995,-0.0423,0.065));
#14031=CARTESIAN_POINT('',(0.00450000000000005,-0.0423,0.065));
#14032=CARTESIAN_POINT('',(-0.00449999999999995,-0.0423,0.));
#14033=CARTESIAN_POINT('',(0.00450000000000005,-0.0423,0.));
#14034=CARTESIAN_POINT('',(-0.01325,-0.000799999999999957,0.065));
#14035=CARTESIAN_POINT('',(-0.01325,-0.000799999999999957,0.));
#14036=CARTESIAN_POINT('',(0.,0.,0.));
#14037=CARTESIAN_POINT('',(-0.00449999999999995,-0.0043,0.065));
#14038=CARTESIAN_POINT('',(-0.00449999999999995,-0.0043,0.065));
#14039=CARTESIAN_POINT('',(0.00450000000000005,-0.0043,0.065));
#14040=CARTESIAN_POINT('',(-0.00449999999999995,-0.0043,0.));
#14041=CARTESIAN_POINT('',(0.00450000000000005,-0.0043,0.));
#14042=CARTESIAN_POINT('',(-0.01325,-0.000799999999999957,0.065));
#14043=CARTESIAN_POINT('',(-0.01325,-0.000799999999999957,0.));
#14044=CARTESIAN_POINT('',(0.,0.,0.));
#14045=CARTESIAN_POINT('',(-0.00449999999999995,0.0147,0.065));
#14046=CARTESIAN_POINT('',(-0.00449999999999995,0.0147,0.065));
#14047=CARTESIAN_POINT('',(0.00450000000000005,0.0147,0.065));
#14048=CARTESIAN_POINT('',(-0.00449999999999995,0.0147,0.));
#14049=CARTESIAN_POINT('',(0.00450000000000005,0.0147,0.));
#14050=CARTESIAN_POINT('',(-0.01325,-0.000799999999999957,0.065));
#14051=CARTESIAN_POINT('',(-0.01325,-0.000799999999999957,0.));
#14052=CARTESIAN_POINT('',(0.,0.,0.));
#14053=CARTESIAN_POINT('',(-0.00449999999999995,0.0337,0.065));
#14054=CARTESIAN_POINT('',(-0.00449999999999995,0.0337,0.065));
#14055=CARTESIAN_POINT('',(0.00450000000000005,0.0337,0.065));
#14056=CARTESIAN_POINT('',(-0.00449999999999995,0.0337,0.));
#14057=CARTESIAN_POINT('',(0.00450000000000005,0.0337,0.));
#14058=CARTESIAN_POINT('',(-0.01325,-0.000799999999999957,0.065));
#14059=CARTESIAN_POINT('',(-0.01325,-0.000799999999999957,0.));
#14060=CARTESIAN_POINT('',(0.,0.,0.));
#14061=CARTESIAN_POINT('',(-0.0395,-0.0423,0.065));
#14062=CARTESIAN_POINT('',(-0.0395,-0.0423,0.065));
#14063=CARTESIAN_POINT('',(-0.0305,-0.0423,0.065));
#14064=CARTESIAN_POINT('',(-0.0395,-0.0423,0.));
#14065=CARTESIAN_POINT('',(-0.0305,-0.0423,0.));
#14066=CARTESIAN_POINT('',(-0.01325,-0.000799999999999957,0.065));
#14067=CARTESIAN_POINT('',(-0.01325,-0.000799999999999957,0.));
#14068=CARTESIAN_POINT('',(0.,0.,0.));
#14069=CARTESIAN_POINT('',(-0.0395,-0.0043,0.065));
#14070=CARTESIAN_POINT('',(-0.0395,-0.0043,0.065));
#14071=CARTESIAN_POINT('',(-0.0305,-0.0043,0.065));
#14072=CARTESIAN_POINT('',(-0.0395,-0.0043,0.));
#14073=CARTESIAN_POINT('',(-0.0305,-0.0043,0.));
#14074=CARTESIAN_POINT('',(-0.01325,-0.000799999999999957,0.065));
#14075=CARTESIAN_POINT('',(-0.01325,-0.000799999999999957,0.));
#14076=CARTESIAN_POINT('',(0.,0.,0.));
#14077=CARTESIAN_POINT('',(-0.0395,0.0147,0.065));
#14078=CARTESIAN_POINT('',(-0.0395,0.0147,0.065));
#14079=CARTESIAN_POINT('',(-0.0305,0.0147,0.065));
#14080=CARTESIAN_POINT('',(-0.0395,0.0147,0.));
#14081=CARTESIAN_POINT('',(-0.0305,0.0147,0.));
#14082=CARTESIAN_POINT('',(-0.01325,-0.000799999999999957,0.065));
#14083=CARTESIAN_POINT('',(-0.01325,-0.000799999999999957,0.));
#14084=CARTESIAN_POINT('',(0.,0.,0.));
#14085=CARTESIAN_POINT('',(-0.0395,0.0337,0.065));
#14086=CARTESIAN_POINT('',(-0.0395,0.0337,0.065));
#14087=CARTESIAN_POINT('',(-0.0305,0.0337,0.065));
#14088=CARTESIAN_POINT('',(-0.0395,0.0337,0.));
#14089=CARTESIAN_POINT('',(-0.0305,0.0337,0.));
#14090=CARTESIAN_POINT('',(-0.01325,-0.000799999999999957,0.065));
#14091=CARTESIAN_POINT('',(-0.01325,-0.000799999999999957,0.));
#14092=CARTESIAN_POINT('',(0.,0.,0.));
#14093=CARTESIAN_POINT('',(-0.092,-0.0163,0.065));
#14094=CARTESIAN_POINT('',(-0.092,-0.0163,0.065));
#14095=CARTESIAN_POINT('',(-0.083,-0.0163,0.065));
#14096=CARTESIAN_POINT('',(-0.092,-0.0163,0.));
#14097=CARTESIAN_POINT('',(-0.083,-0.0163,0.));
#14098=CARTESIAN_POINT('',(-0.01325,-0.000799999999999957,0.065));
#14099=CARTESIAN_POINT('',(-0.01325,-0.000799999999999957,0.));
#14100=CARTESIAN_POINT('',(0.,0.,0.));
#14101=CARTESIAN_POINT('',(-0.092,-0.0353,0.065));
#14102=CARTESIAN_POINT('',(-0.092,-0.0353,0.065));
#14103=CARTESIAN_POINT('',(-0.083,-0.0353,0.065));
#14104=CARTESIAN_POINT('',(-0.092,-0.0353,0.));
#14105=CARTESIAN_POINT('',(-0.083,-0.0353,0.));
#14106=CARTESIAN_POINT('',(-0.01325,-0.000799999999999957,0.065));
#14107=CARTESIAN_POINT('',(-0.01325,-0.000799999999999957,0.));
#14108=CARTESIAN_POINT('',(0.,0.,0.));
#14109=CARTESIAN_POINT('',(-0.057,-0.0163,0.065));
#14110=CARTESIAN_POINT('',(-0.057,-0.0163,0.065));
#14111=CARTESIAN_POINT('',(-0.048,-0.0163,0.065));
#14112=CARTESIAN_POINT('',(-0.057,-0.0163,0.));
#14113=CARTESIAN_POINT('',(-0.048,-0.0163,0.));
#14114=CARTESIAN_POINT('',(-0.01325,-0.000799999999999957,0.065));
#14115=CARTESIAN_POINT('',(-0.01325,-0.000799999999999957,0.));
#14116=CARTESIAN_POINT('',(0.,0.,0.));
#14117=CARTESIAN_POINT('',(-0.057,-0.0353,0.065));
#14118=CARTESIAN_POINT('',(-0.057,-0.0353,0.065));
#14119=CARTESIAN_POINT('',(-0.048,-0.0353,0.065));
#14120=CARTESIAN_POINT('',(-0.057,-0.0353,0.));
#14121=CARTESIAN_POINT('',(-0.048,-0.0353,0.));
#14122=CARTESIAN_POINT('',(-0.01325,-0.000799999999999957,0.065));
#14123=CARTESIAN_POINT('',(-0.01325,-0.000799999999999957,0.));
#14124=CARTESIAN_POINT('',(0.,0.,0.));
#14125=CARTESIAN_POINT('',(-0.022,-0.0163,0.065));
#14126=CARTESIAN_POINT('',(-0.022,-0.0163,0.065));
#14127=CARTESIAN_POINT('',(-0.013,-0.0163,0.065));
#14128=CARTESIAN_POINT('',(-0.022,-0.0163,0.));
#14129=CARTESIAN_POINT('',(-0.013,-0.0163,0.));
#14130=CARTESIAN_POINT('',(-0.01325,-0.000799999999999957,0.065));
#14131=CARTESIAN_POINT('',(-0.01325,-0.000799999999999957,0.));
#14132=CARTESIAN_POINT('',(0.,0.,0.));
#14133=CARTESIAN_POINT('',(-0.022,-0.0353,0.065));
#14134=CARTESIAN_POINT('',(-0.022,-0.0353,0.065));
#14135=CARTESIAN_POINT('',(-0.013,-0.0353,0.065));
#14136=CARTESIAN_POINT('',(-0.022,-0.0353,0.));
#14137=CARTESIAN_POINT('',(-0.013,-0.0353,0.));
#14138=CARTESIAN_POINT('',(-0.01325,-0.000799999999999957,0.065));
#14139=CARTESIAN_POINT('',(-0.01325,-0.000799999999999957,0.));
#14140=CARTESIAN_POINT('',(0.,0.,0.));
#14141=CARTESIAN_POINT('',(0.013,-0.0163,0.065));
#14142=CARTESIAN_POINT('',(0.013,-0.0163,0.065));
#14143=CARTESIAN_POINT('',(0.022,-0.0163,0.065));
#14144=CARTESIAN_POINT('',(0.013,-0.0163,0.));
#14145=CARTESIAN_POINT('',(0.022,-0.0163,0.));
#14146=CARTESIAN_POINT('',(-0.01325,-0.000799999999999957,0.065));
#14147=CARTESIAN_POINT('',(-0.01325,-0.000799999999999957,0.));
#14148=CARTESIAN_POINT('',(0.,0.,0.));
#14149=CARTESIAN_POINT('',(0.013,-0.0353,0.065));
#14150=CARTESIAN_POINT('',(0.013,-0.0353,0.065));
#14151=CARTESIAN_POINT('',(0.022,-0.0353,0.065));
#14152=CARTESIAN_POINT('',(0.013,-0.0353,0.));
#14153=CARTESIAN_POINT('',(0.022,-0.0353,0.));
#14154=CARTESIAN_POINT('',(-0.01325,-0.000799999999999957,0.065));
#14155=CARTESIAN_POINT('',(-0.01325,-0.000799999999999957,0.));
#14156=CARTESIAN_POINT('',(0.,0.,0.));
#14157=CARTESIAN_POINT('',(0.048,-0.0163,0.065));
#14158=CARTESIAN_POINT('',(0.048,-0.0163,0.065));
#14159=CARTESIAN_POINT('',(0.057,-0.0163,0.065));
#14160=CARTESIAN_POINT('',(0.048,-0.0163,0.));
#14161=CARTESIAN_POINT('',(0.057,-0.0163,0.));
#14162=CARTESIAN_POINT('',(-0.01325,-0.000799999999999957,0.065));
#14163=CARTESIAN_POINT('',(-0.01325,-0.000799999999999957,0.));
#14164=CARTESIAN_POINT('',(0.,0.,0.));
#14165=CARTESIAN_POINT('',(0.048,-0.0353,0.065));
#14166=CARTESIAN_POINT('',(0.048,-0.0353,0.065));
#14167=CARTESIAN_POINT('',(0.057,-0.0353,0.065));
#14168=CARTESIAN_POINT('',(0.048,-0.0353,0.));
#14169=CARTESIAN_POINT('',(0.057,-0.0353,0.));
#14170=CARTESIAN_POINT('',(-0.01325,-0.000799999999999957,0.065));
#14171=CARTESIAN_POINT('',(-0.01325,-0.000799999999999957,0.));
#14172=CARTESIAN_POINT('',(0.,0.,0.));
#14173=CARTESIAN_POINT('',(-0.162,0.0407,0.065));
#14174=CARTESIAN_POINT('',(-0.162,0.0407,0.065));
#14175=CARTESIAN_POINT('',(-0.153,0.0407,0.065));
#14176=CARTESIAN_POINT('',(-0.162,0.0407,0.));
#14177=CARTESIAN_POINT('',(-0.153,0.0407,0.));
#14178=CARTESIAN_POINT('',(-0.01325,-0.000799999999999957,0.065));
#14179=CARTESIAN_POINT('',(-0.01325,-0.000799999999999957,0.));
#14180=CARTESIAN_POINT('',(0.,0.,0.));
#14181=CARTESIAN_POINT('',(-0.162,0.0217,0.065));
#14182=CARTESIAN_POINT('',(-0.162,0.0217,0.065));
#14183=CARTESIAN_POINT('',(-0.153,0.0217,0.065));
#14184=CARTESIAN_POINT('',(-0.162,0.0217,0.));
#14185=CARTESIAN_POINT('',(-0.153,0.0217,0.));
#14186=CARTESIAN_POINT('',(-0.01325,-0.000799999999999957,0.065));
#14187=CARTESIAN_POINT('',(-0.01325,-0.000799999999999957,0.));
#14188=CARTESIAN_POINT('',(0.,0.,0.));
#14189=CARTESIAN_POINT('',(-0.162,0.0027,0.065));
#14190=CARTESIAN_POINT('',(-0.162,0.0027,0.065));
#14191=CARTESIAN_POINT('',(-0.153,0.0027,0.065));
#14192=CARTESIAN_POINT('',(-0.162,0.0027,0.));
#14193=CARTESIAN_POINT('',(-0.153,0.0027,0.));
#14194=CARTESIAN_POINT('',(-0.01325,-0.000799999999999957,0.065));
#14195=CARTESIAN_POINT('',(-0.01325,-0.000799999999999957,0.));
#14196=CARTESIAN_POINT('',(0.,0.,0.));
#14197=CARTESIAN_POINT('',(-0.127,0.0407,0.065));
#14198=CARTESIAN_POINT('',(-0.127,0.0407,0.065));
#14199=CARTESIAN_POINT('',(-0.118,0.0407,0.065));
#14200=CARTESIAN_POINT('',(-0.127,0.0407,0.));
#14201=CARTESIAN_POINT('',(-0.118,0.0407,0.));
#14202=CARTESIAN_POINT('',(-0.01325,-0.000799999999999957,0.065));
#14203=CARTESIAN_POINT('',(-0.01325,-0.000799999999999957,0.));
#14204=CARTESIAN_POINT('',(0.,0.,0.));
#14205=CARTESIAN_POINT('',(-0.127,0.0217,0.065));
#14206=CARTESIAN_POINT('',(-0.127,0.0217,0.065));
#14207=CARTESIAN_POINT('',(-0.118,0.0217,0.065));
#14208=CARTESIAN_POINT('',(-0.127,0.0217,0.));
#14209=CARTESIAN_POINT('',(-0.118,0.0217,0.));
#14210=CARTESIAN_POINT('',(-0.01325,-0.000799999999999957,0.065));
#14211=CARTESIAN_POINT('',(-0.01325,-0.000799999999999957,0.));
#14212=CARTESIAN_POINT('',(0.,0.,0.));
#14213=CARTESIAN_POINT('',(-0.127,0.0027,0.065));
#14214=CARTESIAN_POINT('',(-0.127,0.0027,0.065));
#14215=CARTESIAN_POINT('',(-0.118,0.0027,0.065));
#14216=CARTESIAN_POINT('',(-0.127,0.0027,0.));
#14217=CARTESIAN_POINT('',(-0.118,0.0027,0.));
#14218=CARTESIAN_POINT('',(-0.01325,-0.000799999999999957,0.065));
#14219=CARTESIAN_POINT('',(-0.01325,-0.000799999999999957,0.));
#14220=CARTESIAN_POINT('',(0.,0.,0.));
#14221=CARTESIAN_POINT('',(-0.092,0.0407,0.065));
#14222=CARTESIAN_POINT('',(-0.092,0.0407,0.065));
#14223=CARTESIAN_POINT('',(-0.083,0.0407,0.065));
#14224=CARTESIAN_POINT('',(-0.092,0.0407,0.));
#14225=CARTESIAN_POINT('',(-0.083,0.0407,0.));
#14226=CARTESIAN_POINT('',(-0.01325,-0.000799999999999957,0.065));
#14227=CARTESIAN_POINT('',(-0.01325,-0.000799999999999957,0.));
#14228=CARTESIAN_POINT('',(0.,0.,0.));
#14229=CARTESIAN_POINT('',(-0.092,0.0217,0.065));
#14230=CARTESIAN_POINT('',(-0.092,0.0217,0.065));
#14231=CARTESIAN_POINT('',(-0.083,0.0217,0.065));
#14232=CARTESIAN_POINT('',(-0.092,0.0217,0.));
#14233=CARTESIAN_POINT('',(-0.083,0.0217,0.));
#14234=CARTESIAN_POINT('',(-0.01325,-0.000799999999999957,0.065));
#14235=CARTESIAN_POINT('',(-0.01325,-0.000799999999999957,0.));
#14236=CARTESIAN_POINT('',(0.,0.,0.));
#14237=CARTESIAN_POINT('',(-0.092,0.0027,0.065));
#14238=CARTESIAN_POINT('',(-0.092,0.0027,0.065));
#14239=CARTESIAN_POINT('',(-0.083,0.0027,0.065));
#14240=CARTESIAN_POINT('',(-0.092,0.0027,0.));
#14241=CARTESIAN_POINT('',(-0.083,0.0027,0.));
#14242=CARTESIAN_POINT('',(-0.01325,-0.000799999999999957,0.065));
#14243=CARTESIAN_POINT('',(-0.01325,-0.000799999999999957,0.));
#14244=CARTESIAN_POINT('',(0.,0.,0.));
#14245=CARTESIAN_POINT('',(-0.057,0.0217,0.065));
#14246=CARTESIAN_POINT('',(-0.057,0.0217,0.065));
#14247=CARTESIAN_POINT('',(-0.048,0.0217,0.065));
#14248=CARTESIAN_POINT('',(-0.057,0.0217,0.));
#14249=CARTESIAN_POINT('',(-0.048,0.0217,0.));
#14250=CARTESIAN_POINT('',(-0.01325,-0.000799999999999957,0.065));
#14251=CARTESIAN_POINT('',(-0.01325,-0.000799999999999957,0.));
#14252=CARTESIAN_POINT('',(0.,0.,0.));
#14253=CARTESIAN_POINT('',(-0.057,0.0027,0.065));
#14254=CARTESIAN_POINT('',(-0.057,0.0027,0.065));
#14255=CARTESIAN_POINT('',(-0.048,0.0027,0.065));
#14256=CARTESIAN_POINT('',(-0.057,0.0027,0.));
#14257=CARTESIAN_POINT('',(-0.048,0.0027,0.));
#14258=CARTESIAN_POINT('',(-0.01325,-0.000799999999999957,0.065));
#14259=CARTESIAN_POINT('',(-0.01325,-0.000799999999999957,0.));
#14260=CARTESIAN_POINT('',(0.,0.,0.));
#14261=CARTESIAN_POINT('',(0.083,0.0407,0.065));
#14262=CARTESIAN_POINT('',(0.083,0.0407,0.065));
#14263=CARTESIAN_POINT('',(0.092,0.0407,0.065));
#14264=CARTESIAN_POINT('',(0.083,0.0407,0.));
#14265=CARTESIAN_POINT('',(0.092,0.0407,0.));
#14266=CARTESIAN_POINT('',(-0.01325,-0.000799999999999957,0.065));
#14267=CARTESIAN_POINT('',(-0.01325,-0.000799999999999957,0.));
#14268=CARTESIAN_POINT('',(0.,0.,0.));
#14269=CARTESIAN_POINT('',(0.083,0.0217,0.065));
#14270=CARTESIAN_POINT('',(0.083,0.0217,0.065));
#14271=CARTESIAN_POINT('',(0.092,0.0217,0.065));
#14272=CARTESIAN_POINT('',(0.083,0.0217,0.));
#14273=CARTESIAN_POINT('',(0.092,0.0217,0.));
#14274=CARTESIAN_POINT('',(-0.01325,-0.000799999999999957,0.065));
#14275=CARTESIAN_POINT('',(-0.01325,-0.000799999999999957,0.));
#14276=CARTESIAN_POINT('',(0.,0.,0.));
#14277=CARTESIAN_POINT('',(0.083,0.0027,0.065));
#14278=CARTESIAN_POINT('',(0.083,0.0027,0.065));
#14279=CARTESIAN_POINT('',(0.092,0.0027,0.065));
#14280=CARTESIAN_POINT('',(0.083,0.0027,0.));
#14281=CARTESIAN_POINT('',(0.092,0.0027,0.));
#14282=CARTESIAN_POINT('',(-0.01325,-0.000799999999999957,0.065));
#14283=CARTESIAN_POINT('',(-0.01325,-0.000799999999999957,0.));
#14284=CARTESIAN_POINT('',(0.,0.,0.));
#14285=CARTESIAN_POINT('',(0.118,0.0407,0.065));
#14286=CARTESIAN_POINT('',(0.118,0.0407,0.065));
#14287=CARTESIAN_POINT('',(0.127,0.0407,0.065));
#14288=CARTESIAN_POINT('',(0.118,0.0407,0.));
#14289=CARTESIAN_POINT('',(0.127,0.0407,0.));
#14290=CARTESIAN_POINT('',(-0.01325,-0.000799999999999957,0.065));
#14291=CARTESIAN_POINT('',(-0.01325,-0.000799999999999957,0.));
#14292=CARTESIAN_POINT('',(0.,0.,0.));
#14293=CARTESIAN_POINT('',(0.118,0.0217,0.065));
#14294=CARTESIAN_POINT('',(0.118,0.0217,0.065));
#14295=CARTESIAN_POINT('',(0.127,0.0217,0.065));
#14296=CARTESIAN_POINT('',(0.118,0.0217,0.));
#14297=CARTESIAN_POINT('',(0.127,0.0217,0.));
#14298=CARTESIAN_POINT('',(-0.01325,-0.000799999999999957,0.065));
#14299=CARTESIAN_POINT('',(-0.01325,-0.000799999999999957,0.));
#14300=CARTESIAN_POINT('',(0.,0.,0.));
#14301=CARTESIAN_POINT('',(0.118,0.0027,0.065));
#14302=CARTESIAN_POINT('',(0.118,0.0027,0.065));
#14303=CARTESIAN_POINT('',(0.127,0.0027,0.065));
#14304=CARTESIAN_POINT('',(0.118,0.0027,0.));
#14305=CARTESIAN_POINT('',(0.127,0.0027,0.));
#14306=CARTESIAN_POINT('',(-0.01325,-0.000799999999999957,0.065));
#14307=CARTESIAN_POINT('',(-0.01325,-0.000799999999999957,0.));
#14308=CARTESIAN_POINT('',(0.,0.,0.));
#14309=CARTESIAN_POINT('',(0.1355,-0.0423,0.065));
#14310=CARTESIAN_POINT('',(0.1355,-0.0423,0.065));
#14311=CARTESIAN_POINT('',(0.1445,-0.0423,0.065));
#14312=CARTESIAN_POINT('',(0.1355,-0.0423,0.));
#14313=CARTESIAN_POINT('',(0.1445,-0.0423,0.));
#14314=CARTESIAN_POINT('',(-0.01325,-0.000799999999999957,0.065));
#14315=CARTESIAN_POINT('',(-0.01325,-0.000799999999999957,0.));
#14316=CARTESIAN_POINT('',(0.,0.,0.));
#14317=CARTESIAN_POINT('',(0.1355,-0.0233,0.065));
#14318=CARTESIAN_POINT('',(0.1355,-0.0233,0.065));
#14319=CARTESIAN_POINT('',(0.1445,-0.0233,0.065));
#14320=CARTESIAN_POINT('',(0.1355,-0.0233,0.));
#14321=CARTESIAN_POINT('',(0.1445,-0.0233,0.));
#14322=CARTESIAN_POINT('',(-0.01325,-0.000799999999999957,0.065));
#14323=CARTESIAN_POINT('',(-0.01325,-0.000799999999999957,0.));
#14324=CARTESIAN_POINT('',(0.,0.,0.));
#14325=CARTESIAN_POINT('',(0.1355,-0.0043,0.065));
#14326=CARTESIAN_POINT('',(0.1355,-0.0043,0.065));
#14327=CARTESIAN_POINT('',(0.1445,-0.0043,0.065));
#14328=CARTESIAN_POINT('',(0.1355,-0.0043,0.));
#14329=CARTESIAN_POINT('',(0.1445,-0.0043,0.));
#14330=CARTESIAN_POINT('',(-0.01325,-0.000799999999999957,0.065));
#14331=CARTESIAN_POINT('',(-0.01325,-0.000799999999999957,0.));
#14332=CARTESIAN_POINT('',(0.,0.,0.));
#14333=CARTESIAN_POINT('',(0.1355,0.0147,0.065));
#14334=CARTESIAN_POINT('',(0.1355,0.0147,0.065));
#14335=CARTESIAN_POINT('',(0.1445,0.0147,0.065));
#14336=CARTESIAN_POINT('',(0.1355,0.0147,0.));
#14337=CARTESIAN_POINT('',(0.1445,0.0147,0.));
#14338=CARTESIAN_POINT('',(-0.01325,-0.000799999999999957,0.065));
#14339=CARTESIAN_POINT('',(-0.01325,-0.000799999999999957,0.));
#14340=CARTESIAN_POINT('',(0.,0.,0.));
#14341=CARTESIAN_POINT('',(0.1355,0.0337,0.065));
#14342=CARTESIAN_POINT('',(0.1355,0.0337,0.065));
#14343=CARTESIAN_POINT('',(0.1445,0.0337,0.065));
#14344=CARTESIAN_POINT('',(0.1355,0.0337,0.));
#14345=CARTESIAN_POINT('',(0.1445,0.0337,0.));
#14346=CARTESIAN_POINT('',(-0.01325,-0.000799999999999957,0.065));
#14347=CARTESIAN_POINT('',(-0.01325,-0.000799999999999957,0.));
#14348=CARTESIAN_POINT('',(0.,0.,0.));
#14349=CARTESIAN_POINT('',(0.1005,-0.0423,0.065));
#14350=CARTESIAN_POINT('',(0.1005,-0.0423,0.065));
#14351=CARTESIAN_POINT('',(0.1095,-0.0423,0.065));
#14352=CARTESIAN_POINT('',(0.1005,-0.0423,0.));
#14353=CARTESIAN_POINT('',(0.1095,-0.0423,0.));
#14354=CARTESIAN_POINT('',(-0.01325,-0.000799999999999957,0.065));
#14355=CARTESIAN_POINT('',(-0.01325,-0.000799999999999957,0.));
#14356=CARTESIAN_POINT('',(0.,0.,0.));
#14357=CARTESIAN_POINT('',(0.1005,-0.0233,0.065));
#14358=CARTESIAN_POINT('',(0.1005,-0.0233,0.065));
#14359=CARTESIAN_POINT('',(0.1095,-0.0233,0.065));
#14360=CARTESIAN_POINT('',(0.1005,-0.0233,0.));
#14361=CARTESIAN_POINT('',(0.1095,-0.0233,0.));
#14362=CARTESIAN_POINT('',(-0.01325,-0.000799999999999957,0.065));
#14363=CARTESIAN_POINT('',(-0.01325,-0.000799999999999957,0.));
#14364=CARTESIAN_POINT('',(0.,0.,0.));
#14365=CARTESIAN_POINT('',(0.1005,-0.0043,0.065));
#14366=CARTESIAN_POINT('',(0.1005,-0.0043,0.065));
#14367=CARTESIAN_POINT('',(0.1095,-0.0043,0.065));
#14368=CARTESIAN_POINT('',(0.1005,-0.0043,0.));
#14369=CARTESIAN_POINT('',(0.1095,-0.0043,0.));
#14370=CARTESIAN_POINT('',(-0.01325,-0.000799999999999957,0.065));
#14371=CARTESIAN_POINT('',(-0.01325,-0.000799999999999957,0.));
#14372=CARTESIAN_POINT('',(0.,0.,0.));
#14373=CARTESIAN_POINT('',(0.1005,0.0147,0.065));
#14374=CARTESIAN_POINT('',(0.1005,0.0147,0.065));
#14375=CARTESIAN_POINT('',(0.1095,0.0147,0.065));
#14376=CARTESIAN_POINT('',(0.1005,0.0147,0.));
#14377=CARTESIAN_POINT('',(0.1095,0.0147,0.));
#14378=CARTESIAN_POINT('',(-0.01325,-0.000799999999999957,0.065));
#14379=CARTESIAN_POINT('',(-0.01325,-0.000799999999999957,0.));
#14380=CARTESIAN_POINT('',(0.,0.,0.));
#14381=CARTESIAN_POINT('',(0.1005,0.0337,0.065));
#14382=CARTESIAN_POINT('',(0.1005,0.0337,0.065));
#14383=CARTESIAN_POINT('',(0.1095,0.0337,0.065));
#14384=CARTESIAN_POINT('',(0.1005,0.0337,0.));
#14385=CARTESIAN_POINT('',(0.1095,0.0337,0.));
#14386=CARTESIAN_POINT('',(-0.01325,-0.000799999999999957,0.065));
#14387=CARTESIAN_POINT('',(-0.01325,-0.000799999999999957,0.));
#14388=CARTESIAN_POINT('',(0.,0.,0.));
#14389=CARTESIAN_POINT('',(0.0655,-0.0423,0.065));
#14390=CARTESIAN_POINT('',(0.0655,-0.0423,0.065));
#14391=CARTESIAN_POINT('',(0.0745,-0.0423,0.065));
#14392=CARTESIAN_POINT('',(0.0655,-0.0423,0.));
#14393=CARTESIAN_POINT('',(0.0745,-0.0423,0.));
#14394=CARTESIAN_POINT('',(-0.01325,-0.000799999999999957,0.065));
#14395=CARTESIAN_POINT('',(-0.01325,-0.000799999999999957,0.));
#14396=CARTESIAN_POINT('',(0.,0.,0.));
#14397=CARTESIAN_POINT('',(0.0655,-0.0233,0.065));
#14398=CARTESIAN_POINT('',(0.0655,-0.0233,0.065));
#14399=CARTESIAN_POINT('',(0.0745,-0.0233,0.065));
#14400=CARTESIAN_POINT('',(0.0655,-0.0233,0.));
#14401=CARTESIAN_POINT('',(0.0745,-0.0233,0.));
#14402=CARTESIAN_POINT('',(-0.01325,-0.000799999999999957,0.065));
#14403=CARTESIAN_POINT('',(-0.01325,-0.000799999999999957,0.));
#14404=CARTESIAN_POINT('',(0.,0.,0.));
#14405=CARTESIAN_POINT('',(0.0655,-0.0043,0.065));
#14406=CARTESIAN_POINT('',(0.0655,-0.0043,0.065));
#14407=CARTESIAN_POINT('',(0.0745,-0.0043,0.065));
#14408=CARTESIAN_POINT('',(0.0655,-0.0043,0.));
#14409=CARTESIAN_POINT('',(0.0745,-0.0043,0.));
#14410=CARTESIAN_POINT('',(-0.01325,-0.000799999999999957,0.065));
#14411=CARTESIAN_POINT('',(-0.01325,-0.000799999999999957,0.));
#14412=CARTESIAN_POINT('',(0.,0.,0.));
#14413=CARTESIAN_POINT('',(0.0655,0.0147,0.065));
#14414=CARTESIAN_POINT('',(0.0655,0.0147,0.065));
#14415=CARTESIAN_POINT('',(0.0745,0.0147,0.065));
#14416=CARTESIAN_POINT('',(0.0655,0.0147,0.));
#14417=CARTESIAN_POINT('',(0.0745,0.0147,0.));
#14418=CARTESIAN_POINT('',(-0.01325,-0.000799999999999957,0.065));
#14419=CARTESIAN_POINT('',(-0.01325,-0.000799999999999957,0.));
#14420=CARTESIAN_POINT('',(0.,0.,0.));
#14421=CARTESIAN_POINT('',(0.0655,0.0337,0.065));
#14422=CARTESIAN_POINT('',(0.0655,0.0337,0.065));
#14423=CARTESIAN_POINT('',(0.0745,0.0337,0.065));
#14424=CARTESIAN_POINT('',(0.0655,0.0337,0.));
#14425=CARTESIAN_POINT('',(0.0745,0.0337,0.));
#14426=CARTESIAN_POINT('',(-0.01325,-0.000799999999999957,0.065));
#14427=CARTESIAN_POINT('',(-0.01325,-0.000799999999999957,0.));
#14428=CARTESIAN_POINT('',(0.,0.,0.));
#14429=CARTESIAN_POINT('',(0.0305,-0.0233,0.065));
#14430=CARTESIAN_POINT('',(0.0305,-0.0233,0.065));
#14431=CARTESIAN_POINT('',(0.0395,-0.0233,0.065));
#14432=CARTESIAN_POINT('',(0.0305,-0.0233,0.));
#14433=CARTESIAN_POINT('',(0.0395,-0.0233,0.));
#14434=CARTESIAN_POINT('',(-0.01325,-0.000799999999999957,0.065));
#14435=CARTESIAN_POINT('',(-0.01325,-0.000799999999999957,0.));
#14436=CARTESIAN_POINT('',(0.,0.,0.));
#14437=CARTESIAN_POINT('',(-0.00449999999999995,-0.0233,0.065));
#14438=CARTESIAN_POINT('',(-0.00449999999999995,-0.0233,0.065));
#14439=CARTESIAN_POINT('',(0.00450000000000005,-0.0233,0.065));
#14440=CARTESIAN_POINT('',(-0.00449999999999995,-0.0233,0.));
#14441=CARTESIAN_POINT('',(0.00450000000000005,-0.0233,0.));
#14442=CARTESIAN_POINT('',(-0.01325,-0.000799999999999957,0.065));
#14443=CARTESIAN_POINT('',(-0.01325,-0.000799999999999957,0.));
#14444=CARTESIAN_POINT('',(0.,0.,0.));
#14445=CARTESIAN_POINT('',(-0.0395,-0.0233,0.065));
#14446=CARTESIAN_POINT('',(-0.0395,-0.0233,0.065));
#14447=CARTESIAN_POINT('',(-0.0305,-0.0233,0.065));
#14448=CARTESIAN_POINT('',(-0.0395,-0.0233,0.));
#14449=CARTESIAN_POINT('',(-0.0305,-0.0233,0.));
#14450=CARTESIAN_POINT('',(-0.01325,-0.000799999999999957,0.065));
#14451=CARTESIAN_POINT('',(-0.01325,-0.000799999999999957,0.));
#14452=CARTESIAN_POINT('',(0.,0.,0.));
#14453=CARTESIAN_POINT('',(-0.0745,-0.0423,0.065));
#14454=CARTESIAN_POINT('',(-0.0745,-0.0423,0.065));
#14455=CARTESIAN_POINT('',(-0.0655,-0.0423,0.065));
#14456=CARTESIAN_POINT('',(-0.0745,-0.0423,0.));
#14457=CARTESIAN_POINT('',(-0.0655,-0.0423,0.));
#14458=CARTESIAN_POINT('',(-0.01325,-0.000799999999999957,0.065));
#14459=CARTESIAN_POINT('',(-0.01325,-0.000799999999999957,0.));
#14460=CARTESIAN_POINT('',(0.,0.,0.));
#14461=CARTESIAN_POINT('',(-0.0745,-0.0233,0.065));
#14462=CARTESIAN_POINT('',(-0.0745,-0.0233,0.065));
#14463=CARTESIAN_POINT('',(-0.0655,-0.0233,0.065));
#14464=CARTESIAN_POINT('',(-0.0745,-0.0233,0.));
#14465=CARTESIAN_POINT('',(-0.0655,-0.0233,0.));
#14466=CARTESIAN_POINT('',(-0.01325,-0.000799999999999957,0.065));
#14467=CARTESIAN_POINT('',(-0.01325,-0.000799999999999957,0.));
#14468=CARTESIAN_POINT('',(0.,0.,0.));
#14469=CARTESIAN_POINT('',(-0.0745,-0.0043,0.065));
#14470=CARTESIAN_POINT('',(-0.0745,-0.0043,0.065));
#14471=CARTESIAN_POINT('',(-0.0655,-0.0043,0.065));
#14472=CARTESIAN_POINT('',(-0.0745,-0.0043,0.));
#14473=CARTESIAN_POINT('',(-0.0655,-0.0043,0.));
#14474=CARTESIAN_POINT('',(-0.01325,-0.000799999999999957,0.065));
#14475=CARTESIAN_POINT('',(-0.01325,-0.000799999999999957,0.));
#14476=CARTESIAN_POINT('',(0.,0.,0.));
#14477=CARTESIAN_POINT('',(-0.0745,0.0147,0.065));
#14478=CARTESIAN_POINT('',(-0.0745,0.0147,0.065));
#14479=CARTESIAN_POINT('',(-0.0655,0.0147,0.065));
#14480=CARTESIAN_POINT('',(-0.0745,0.0147,0.));
#14481=CARTESIAN_POINT('',(-0.0655,0.0147,0.));
#14482=CARTESIAN_POINT('',(-0.01325,-0.000799999999999957,0.065));
#14483=CARTESIAN_POINT('',(-0.01325,-0.000799999999999957,0.));
#14484=CARTESIAN_POINT('',(0.,0.,0.));
#14485=CARTESIAN_POINT('',(-0.0745,0.0337,0.065));
#14486=CARTESIAN_POINT('',(-0.0745,0.0337,0.065));
#14487=CARTESIAN_POINT('',(-0.0655,0.0337,0.065));
#14488=CARTESIAN_POINT('',(-0.0745,0.0337,0.));
#14489=CARTESIAN_POINT('',(-0.0655,0.0337,0.));
#14490=CARTESIAN_POINT('',(-0.01325,-0.000799999999999957,0.065));
#14491=CARTESIAN_POINT('',(-0.01325,-0.000799999999999957,0.));
#14492=CARTESIAN_POINT('',(0.,0.,0.));
#14493=CARTESIAN_POINT('',(-0.1095,-0.0423,0.065));
#14494=CARTESIAN_POINT('',(-0.1095,-0.0423,0.065));
#14495=CARTESIAN_POINT('',(-0.1005,-0.0423,0.065));
#14496=CARTESIAN_POINT('',(-0.1095,-0.0423,0.));
#14497=CARTESIAN_POINT('',(-0.1005,-0.0423,0.));
#14498=CARTESIAN_POINT('',(-0.01325,-0.000799999999999957,0.065));
#14499=CARTESIAN_POINT('',(-0.01325,-0.000799999999999957,0.));
#14500=CARTESIAN_POINT('',(0.,0.,0.));
#14501=CARTESIAN_POINT('',(-0.1095,-0.0233,0.065));
#14502=CARTESIAN_POINT('',(-0.1095,-0.0233,0.065));
#14503=CARTESIAN_POINT('',(-0.1005,-0.0233,0.065));
#14504=CARTESIAN_POINT('',(-0.1095,-0.0233,0.));
#14505=CARTESIAN_POINT('',(-0.1005,-0.0233,0.));
#14506=CARTESIAN_POINT('',(-0.01325,-0.000799999999999957,0.065));
#14507=CARTESIAN_POINT('',(-0.01325,-0.000799999999999957,0.));
#14508=CARTESIAN_POINT('',(0.,0.,0.));
#14509=CARTESIAN_POINT('',(-0.1095,-0.0043,0.065));
#14510=CARTESIAN_POINT('',(-0.1095,-0.0043,0.065));
#14511=CARTESIAN_POINT('',(-0.1005,-0.0043,0.065));
#14512=CARTESIAN_POINT('',(-0.1095,-0.0043,0.));
#14513=CARTESIAN_POINT('',(-0.1005,-0.0043,0.));
#14514=CARTESIAN_POINT('',(-0.01325,-0.000799999999999957,0.065));
#14515=CARTESIAN_POINT('',(-0.01325,-0.000799999999999957,0.));
#14516=CARTESIAN_POINT('',(0.,0.,0.));
#14517=CARTESIAN_POINT('',(-0.1095,0.0147,0.065));
#14518=CARTESIAN_POINT('',(-0.1095,0.0147,0.065));
#14519=CARTESIAN_POINT('',(-0.1005,0.0147,0.065));
#14520=CARTESIAN_POINT('',(-0.1095,0.0147,0.));
#14521=CARTESIAN_POINT('',(-0.1005,0.0147,0.));
#14522=CARTESIAN_POINT('',(-0.01325,-0.000799999999999957,0.065));
#14523=CARTESIAN_POINT('',(-0.01325,-0.000799999999999957,0.));
#14524=CARTESIAN_POINT('',(0.,0.,0.));
#14525=CARTESIAN_POINT('',(-0.1095,0.0337,0.065));
#14526=CARTESIAN_POINT('',(-0.1095,0.0337,0.065));
#14527=CARTESIAN_POINT('',(-0.1005,0.0337,0.065));
#14528=CARTESIAN_POINT('',(-0.1095,0.0337,0.));
#14529=CARTESIAN_POINT('',(-0.1005,0.0337,0.));
#14530=CARTESIAN_POINT('',(-0.01325,-0.000799999999999957,0.065));
#14531=CARTESIAN_POINT('',(-0.01325,-0.000799999999999957,0.));
#14532=CARTESIAN_POINT('',(0.,0.,0.));
#14533=CARTESIAN_POINT('',(-0.1445,-0.0423,0.065));
#14534=CARTESIAN_POINT('',(-0.1445,-0.0423,0.065));
#14535=CARTESIAN_POINT('',(-0.1355,-0.0423,0.065));
#14536=CARTESIAN_POINT('',(-0.1445,-0.0423,0.));
#14537=CARTESIAN_POINT('',(-0.1355,-0.0423,0.));
#14538=CARTESIAN_POINT('',(-0.01325,-0.000799999999999957,0.065));
#14539=CARTESIAN_POINT('',(-0.01325,-0.000799999999999957,0.));
#14540=CARTESIAN_POINT('',(0.,0.,0.));
#14541=CARTESIAN_POINT('',(-0.1445,-0.0233,0.065));
#14542=CARTESIAN_POINT('',(-0.1445,-0.0233,0.065));
#14543=CARTESIAN_POINT('',(-0.1355,-0.0233,0.065));
#14544=CARTESIAN_POINT('',(-0.1445,-0.0233,0.));
#14545=CARTESIAN_POINT('',(-0.1355,-0.0233,0.));
#14546=CARTESIAN_POINT('',(-0.01325,-0.000799999999999957,0.065));
#14547=CARTESIAN_POINT('',(-0.01325,-0.000799999999999957,0.));
#14548=CARTESIAN_POINT('',(0.,0.,0.));
#14549=CARTESIAN_POINT('',(-0.1445,-0.0043,0.065));
#14550=CARTESIAN_POINT('',(-0.1445,-0.0043,0.065));
#14551=CARTESIAN_POINT('',(-0.1355,-0.0043,0.065));
#14552=CARTESIAN_POINT('',(-0.1445,-0.0043,0.));
#14553=CARTESIAN_POINT('',(-0.1355,-0.0043,0.));
#14554=CARTESIAN_POINT('',(-0.01325,-0.000799999999999957,0.065));
#14555=CARTESIAN_POINT('',(-0.01325,-0.000799999999999957,0.));
#14556=CARTESIAN_POINT('',(0.,0.,0.));
#14557=CARTESIAN_POINT('',(-0.1445,0.0147,0.065));
#14558=CARTESIAN_POINT('',(-0.1445,0.0147,0.065));
#14559=CARTESIAN_POINT('',(-0.1355,0.0147,0.065));
#14560=CARTESIAN_POINT('',(-0.1445,0.0147,0.));
#14561=CARTESIAN_POINT('',(-0.1355,0.0147,0.));
#14562=CARTESIAN_POINT('',(-0.01325,-0.000799999999999957,0.065));
#14563=CARTESIAN_POINT('',(-0.01325,-0.000799999999999957,0.));
#14564=CARTESIAN_POINT('',(0.,0.,0.));
#14565=CARTESIAN_POINT('',(-0.1445,0.0337,0.065));
#14566=CARTESIAN_POINT('',(-0.1445,0.0337,0.065));
#14567=CARTESIAN_POINT('',(-0.1355,0.0337,0.065));
#14568=CARTESIAN_POINT('',(-0.1445,0.0337,0.));
#14569=CARTESIAN_POINT('',(-0.1355,0.0337,0.));
#14570=CARTESIAN_POINT('',(-0.01325,-0.000799999999999957,0.065));
#14571=CARTESIAN_POINT('',(-0.01325,-0.000799999999999957,0.));
#14572=CARTESIAN_POINT('',(0.,0.,0.));
#14573=CARTESIAN_POINT('',(-0.162,-0.0163,0.065));
#14574=CARTESIAN_POINT('',(-0.162,-0.0163,0.065));
#14575=CARTESIAN_POINT('',(-0.153,-0.0163,0.065));
#14576=CARTESIAN_POINT('',(-0.162,-0.0163,0.));
#14577=CARTESIAN_POINT('',(-0.153,-0.0163,0.));
#14578=CARTESIAN_POINT('',(-0.01325,-0.000799999999999957,0.065));
#14579=CARTESIAN_POINT('',(-0.01325,-0.000799999999999957,0.));
#14580=CARTESIAN_POINT('',(0.,0.,0.));
#14581=CARTESIAN_POINT('',(-0.162,-0.0353,0.065));
#14582=CARTESIAN_POINT('',(-0.162,-0.0353,0.065));
#14583=CARTESIAN_POINT('',(-0.153,-0.0353,0.065));
#14584=CARTESIAN_POINT('',(-0.162,-0.0353,0.));
#14585=CARTESIAN_POINT('',(-0.153,-0.0353,0.));
#14586=CARTESIAN_POINT('',(-0.01325,-0.000799999999999957,0.065));
#14587=CARTESIAN_POINT('',(-0.01325,-0.000799999999999957,0.));
#14588=CARTESIAN_POINT('',(0.,0.,0.));
#14589=CARTESIAN_POINT('',(-0.127,-0.0163,0.065));
#14590=CARTESIAN_POINT('',(-0.127,-0.0163,0.065));
#14591=CARTESIAN_POINT('',(-0.118,-0.0163,0.065));
#14592=CARTESIAN_POINT('',(-0.127,-0.0163,0.));
#14593=CARTESIAN_POINT('',(-0.118,-0.0163,0.));
#14594=CARTESIAN_POINT('',(-0.01325,-0.000799999999999957,0.065));
#14595=CARTESIAN_POINT('',(-0.01325,-0.000799999999999957,0.));
#14596=CARTESIAN_POINT('',(0.,0.,0.));
#14597=CARTESIAN_POINT('',(-0.127,-0.0353,0.065));
#14598=CARTESIAN_POINT('',(-0.127,-0.0353,0.065));
#14599=CARTESIAN_POINT('',(-0.118,-0.0353,0.065));
#14600=CARTESIAN_POINT('',(-0.127,-0.0353,0.));
#14601=CARTESIAN_POINT('',(-0.118,-0.0353,0.));
#14602=CARTESIAN_POINT('',(-0.01325,-0.000799999999999957,0.065));
#14603=CARTESIAN_POINT('',(-0.01325,-0.000799999999999957,0.));
#14604=CARTESIAN_POINT('',(0.,0.,0.));
#14605=CARTESIAN_POINT('',(0.083,-0.0163,0.065));
#14606=CARTESIAN_POINT('',(0.083,-0.0163,0.065));
#14607=CARTESIAN_POINT('',(0.092,-0.0163,0.065));
#14608=CARTESIAN_POINT('',(0.083,-0.0163,0.));
#14609=CARTESIAN_POINT('',(0.092,-0.0163,0.));
#14610=CARTESIAN_POINT('',(-0.01325,-0.000799999999999957,0.065));
#14611=CARTESIAN_POINT('',(-0.01325,-0.000799999999999957,0.));
#14612=CARTESIAN_POINT('',(0.,0.,0.));
#14613=CARTESIAN_POINT('',(0.083,-0.0353,0.065));
#14614=CARTESIAN_POINT('',(0.083,-0.0353,0.065));
#14615=CARTESIAN_POINT('',(0.092,-0.0353,0.065));
#14616=CARTESIAN_POINT('',(0.083,-0.0353,0.));
#14617=CARTESIAN_POINT('',(0.092,-0.0353,0.));
#14618=CARTESIAN_POINT('',(-0.01325,-0.000799999999999957,0.065));
#14619=CARTESIAN_POINT('',(-0.01325,-0.000799999999999957,0.));
#14620=CARTESIAN_POINT('',(0.,0.,0.));
#14621=CARTESIAN_POINT('',(0.118,-0.0163,0.065));
#14622=CARTESIAN_POINT('',(0.118,-0.0163,0.065));
#14623=CARTESIAN_POINT('',(0.127,-0.0163,0.065));
#14624=CARTESIAN_POINT('',(0.118,-0.0163,0.));
#14625=CARTESIAN_POINT('',(0.127,-0.0163,0.));
#14626=CARTESIAN_POINT('',(-0.01325,-0.000799999999999957,0.065));
#14627=CARTESIAN_POINT('',(-0.01325,-0.000799999999999957,0.));
#14628=CARTESIAN_POINT('',(0.,0.,0.));
#14629=CARTESIAN_POINT('',(0.118,-0.0353,0.065));
#14630=CARTESIAN_POINT('',(0.118,-0.0353,0.065));
#14631=CARTESIAN_POINT('',(0.127,-0.0353,0.065));
#14632=CARTESIAN_POINT('',(0.118,-0.0353,0.));
#14633=CARTESIAN_POINT('',(0.127,-0.0353,0.));
#14634=CARTESIAN_POINT('',(-0.01325,-0.000799999999999957,0.065));
#14635=CARTESIAN_POINT('',(-0.01325,-0.000799999999999957,0.));
#14636=CARTESIAN_POINT('',(0.,0.,0.));
#14637=CARTESIAN_POINT('',(-0.057,0.0407,0.065));
#14638=CARTESIAN_POINT('',(-0.057,0.0407,0.065));
#14639=CARTESIAN_POINT('',(-0.048,0.0407,0.065));
#14640=CARTESIAN_POINT('',(-0.057,0.0407,0.));
#14641=CARTESIAN_POINT('',(-0.048,0.0407,0.));
#14642=CARTESIAN_POINT('',(-0.01325,-0.000799999999999957,0.065));
#14643=CARTESIAN_POINT('',(-0.01325,-0.000799999999999957,0.));
#14644=CARTESIAN_POINT('',(0.,0.,0.));
#14645=CARTESIAN_POINT('',(0.109410799799697,-0.0348043216906901,0.0653));
#14646=CARTESIAN_POINT('',(0.109410799799697,-0.0348043216906901,0.065));
#14647=CARTESIAN_POINT('',(0.103286608573469,-0.0379636675188325,0.065));
#14648=CARTESIAN_POINT('',(0.115534991025925,-0.0316449758625477,0.065));
#14649=CARTESIAN_POINT('',(0.103286608573469,-0.0379636675188325,0.0653));
#14650=CARTESIAN_POINT('',(0.103286608573469,-0.0379636675188325,0.0653));
#14651=CARTESIAN_POINT('',(0.109410799799697,-0.0348043216906901,0.0653));
#14652=CARTESIAN_POINT('',(0.115534991025925,-0.0316449758625477,0.0653));
#14653=CARTESIAN_POINT('',(0.115534991025925,-0.0316449758625477,0.0653));
#14654=CARTESIAN_POINT('',(0.103286608573469,-0.0312469955631374,0.0653));
#14655=CARTESIAN_POINT('',(0.103286608573469,-0.0312469955631374,0.065));
#14656=CARTESIAN_POINT('',(0.103286608573469,-0.0245303236074423,0.065));
#14657=CARTESIAN_POINT('',(0.103286608573469,-0.0245303236074423,0.0653));
#14658=CARTESIAN_POINT('',(0.103286608573469,-0.0245303236074423,0.0653));
#14659=CARTESIAN_POINT('',(0.103286608573469,-0.0312469955631374,0.0653));
#14660=CARTESIAN_POINT('',(0.109410799799697,-0.0211628907800319,0.0653));
#14661=CARTESIAN_POINT('',(0.109410799799697,-0.0211628907800319,0.065));
#14662=CARTESIAN_POINT('',(0.115534991025925,-0.0177954579526215,0.065));
#14663=CARTESIAN_POINT('',(0.115534991025925,-0.0177954579526215,0.0653));
#14664=CARTESIAN_POINT('',(0.115534991025925,-0.0177954579526215,0.0653));
#14665=CARTESIAN_POINT('',(0.109410799799697,-0.0211628907800319,0.0653));
#14666=CARTESIAN_POINT('',(0.103286608573469,-0.0123213981750288,0.0653));
#14667=CARTESIAN_POINT('',(0.103286608573469,-0.0123213981750288,0.065));
#14668=CARTESIAN_POINT('',(0.103286608573469,-0.00581848565269005,0.065));
#14669=CARTESIAN_POINT('',(0.103286608573469,-0.0188243106973675,0.065));
#14670=CARTESIAN_POINT('',(0.103286608573469,-0.00581848565269005,0.0653));
#14671=CARTESIAN_POINT('',(0.103286608573469,-0.00581848565269005,0.0653));
#14672=CARTESIAN_POINT('',(0.103286608573469,-0.0123213981750288,0.0653));
#14673=CARTESIAN_POINT('',(0.103286608573469,-0.0188243106973675,0.0653));
#14674=CARTESIAN_POINT('',(0.103286608573469,-0.0188243106973675,0.0653));
#14675=CARTESIAN_POINT('',(0.109410799799697,-0.00275706889127585,0.0653));
#14676=CARTESIAN_POINT('',(0.109410799799697,-0.00275706889127585,0.065));
#14677=CARTESIAN_POINT('',(0.115534991025925,0.000304347870138347,0.065));
#14678=CARTESIAN_POINT('',(0.115534991025925,0.000304347870138347,0.0653));
#14679=CARTESIAN_POINT('',(0.115534991025925,0.000304347870138347,0.0653));
#14680=CARTESIAN_POINT('',(0.109410799799697,-0.00275706889127585,0.0653));
#14681=CARTESIAN_POINT('',(0.115534991025925,-0.00589254858620424,0.0653));
#14682=CARTESIAN_POINT('',(0.115534991025925,-0.00589254858620424,0.065));
#14683=CARTESIAN_POINT('',(0.115534991025925,-0.0120894450425468,0.065));
#14684=CARTESIAN_POINT('',(0.115534991025925,-0.0120894450425468,0.0653));
#14685=CARTESIAN_POINT('',(0.115534991025925,-0.0120894450425468,0.0653));
#14686=CARTESIAN_POINT('',(0.115534991025925,-0.00589254858620424,0.0653));
#14687=CARTESIAN_POINT('',(0.127053508553525,-0.0114619140424595,0.0653));
#14688=CARTESIAN_POINT('',(0.127053508553525,-0.0114619140424595,0.065));
#14689=CARTESIAN_POINT('',(0.133572026081125,-0.00787765791824122,0.065));
#14690=CARTESIAN_POINT('',(0.120534991025925,-0.0150461701666778,0.065));
#14691=CARTESIAN_POINT('',(0.133572026081125,-0.00787765791824122,0.0653));
#14692=CARTESIAN_POINT('',(0.133572026081125,-0.00787765791824122,0.0653));
#14693=CARTESIAN_POINT('',(0.127053508553525,-0.0114619140424595,0.0653));
#14694=CARTESIAN_POINT('',(0.120534991025925,-0.0150461701666778,0.0653));
#14695=CARTESIAN_POINT('',(0.120534991025925,-0.0150461701666778,0.0653));
#14696=CARTESIAN_POINT('',(0.133572026081125,-0.0151088469275316,0.0653));
#14697=CARTESIAN_POINT('',(0.133572026081125,-0.0151088469275316,0.065));
#14698=CARTESIAN_POINT('',(0.133572026081125,-0.0223400359368219,0.065));
#14699=CARTESIAN_POINT('',(0.133572026081125,-0.0223400359368219,0.0653));
#14700=CARTESIAN_POINT('',(0.133572026081125,-0.0223400359368219,0.0653));
#14701=CARTESIAN_POINT('',(0.133572026081125,-0.0151088469275316,0.0653));
#14702=CARTESIAN_POINT('',(0.127053508553525,-0.0257028066922972,0.0653));
#14703=CARTESIAN_POINT('',(0.127053508553525,-0.0257028066922972,0.065));
#14704=CARTESIAN_POINT('',(0.120534991025925,-0.0290655774477724,0.065));
#14705=CARTESIAN_POINT('',(0.120534991025925,-0.0290655774477724,0.0653));
#14706=CARTESIAN_POINT('',(0.120534991025925,-0.0290655774477724,0.0653));
#14707=CARTESIAN_POINT('',(0.127053508553525,-0.0257028066922972,0.0653));
#14708=CARTESIAN_POINT('',(0.127053508553525,0.00606232983429059,0.0653));
#14709=CARTESIAN_POINT('',(0.127053508553525,0.00606232983429059,0.065));
#14710=CARTESIAN_POINT('',(0.133572026081125,0.00932086603627975,0.065));
#14711=CARTESIAN_POINT('',(0.120534991025925,0.00280379363230142,0.065));
#14712=CARTESIAN_POINT('',(0.133572026081125,0.00932086603627975,0.0653));
#14713=CARTESIAN_POINT('',(0.133572026081125,0.00932086603627975,0.0653));
#14714=CARTESIAN_POINT('',(0.127053508553525,0.00606232983429059,0.0653));
#14715=CARTESIAN_POINT('',(0.120534991025925,0.00280379363230142,0.0653));
#14716=CARTESIAN_POINT('',(0.120534991025925,0.00280379363230142,0.0653));
#14717=CARTESIAN_POINT('',(0.133572026081125,0.00357461051405665,0.0653));
#14718=CARTESIAN_POINT('',(0.133572026081125,0.00357461051405665,0.065));
#14719=CARTESIAN_POINT('',(0.133572026081125,-0.00217164500816646,0.065));
#14720=CARTESIAN_POINT('',(0.133572026081125,-0.00217164500816646,0.0653));
#14721=CARTESIAN_POINT('',(0.133572026081125,-0.00217164500816646,0.0653));
#14722=CARTESIAN_POINT('',(0.133572026081125,0.00357461051405665,0.0653));
#14723=CARTESIAN_POINT('',(0.127053508553525,-0.00575590113238474,0.0653));
#14724=CARTESIAN_POINT('',(0.127053508553525,-0.00575590113238474,0.065));
#14725=CARTESIAN_POINT('',(0.120534991025925,-0.00934015725660303,0.065));
#14726=CARTESIAN_POINT('',(0.120534991025925,-0.00934015725660303,0.0653));
#14727=CARTESIAN_POINT('',(0.120534991025925,-0.00934015725660303,0.0653));
#14728=CARTESIAN_POINT('',(0.127053508553525,-0.00575590113238474,0.0653));
#14729=CARTESIAN_POINT('',(0.0929123960852764,-0.0352640091928187,0.0653));
#14730=CARTESIAN_POINT('',(0.0929123960852764,-0.0352640091928187,0.065));
#14731=CARTESIAN_POINT('',(0.0875381835970834,-0.0331897140945283,0.065));
#14732=CARTESIAN_POINT('',(0.0982866085734693,-0.0373383042911091,0.065));
#14733=CARTESIAN_POINT('',(0.0875381835970834,-0.0331897140945283,0.0653));
#14734=CARTESIAN_POINT('',(0.0875381835970834,-0.0331897140945283,0.0653));
#14735=CARTESIAN_POINT('',(0.0929123960852764,-0.0352640091928187,0.0653));
#14736=CARTESIAN_POINT('',(0.0982866085734693,-0.0373383042911091,0.0653));
#14737=CARTESIAN_POINT('',(0.0982866085734693,-0.0373383042911091,0.0653));
#14738=CARTESIAN_POINT('',(0.0929123960852764,-0.0302346627439572,0.0653));
#14739=CARTESIAN_POINT('',(0.0929123960852764,-0.0302346627439572,0.065));
#14740=CARTESIAN_POINT('',(0.0982866085734693,-0.0272796113933861,0.065));
#14741=CARTESIAN_POINT('',(0.0982866085734693,-0.0272796113933861,0.0653));
#14742=CARTESIAN_POINT('',(0.0982866085734693,-0.0272796113933861,0.0653));
#14743=CARTESIAN_POINT('',(0.0929123960852764,-0.0302346627439572,0.0653));
#14744=CARTESIAN_POINT('',(0.133572026081125,-0.0337955265685434,0.0653));
#14745=CARTESIAN_POINT('',(0.133572026081125,-0.0337955265685434,0.065));
#14746=CARTESIAN_POINT('',(0.133572026081125,-0.0279661621513807,0.065));
#14747=CARTESIAN_POINT('',(0.133572026081125,-0.039624890985706,0.065));
#14748=CARTESIAN_POINT('',(0.133572026081125,-0.039624890985706,0.0653));
#14749=CARTESIAN_POINT('',(0.133572026081125,-0.039624890985706,0.0653));
#14750=CARTESIAN_POINT('',(0.133572026081125,-0.0337955265685434,0.0653));
#14751=CARTESIAN_POINT('',(0.133572026081125,-0.0279661621513807,0.0653));
#14752=CARTESIAN_POINT('',(0.133572026081125,-0.0279661621513807,0.0653));
#14753=CARTESIAN_POINT('',(0.127596299085042,-0.0368782827167084,0.0653));
#14754=CARTESIAN_POINT('',(0.127596299085042,-0.0368782827167084,0.065));
#14755=CARTESIAN_POINT('',(0.12162057208896,-0.0341316744477106,0.065));
#14756=CARTESIAN_POINT('',(0.12162057208896,-0.0341316744477106,0.0653));
#14757=CARTESIAN_POINT('',(0.12162057208896,-0.0341316744477106,0.0653));
#14758=CARTESIAN_POINT('',(0.127596299085042,-0.0368782827167084,0.0653));
#14759=CARTESIAN_POINT('',(0.136072026081125,0.0169525093591315,0.0653));
#14760=CARTESIAN_POINT('',(0.136072026081125,0.0169525093591315,0.065));
#14761=CARTESIAN_POINT('',(0.133572026081125,0.0169525093591315,0.065));
#14762=CARTESIAN_POINT('',(0.138572026081125,0.0169525093591315,0.065));
#14763=CARTESIAN_POINT('',(0.133572026081125,0.0169525093591315,0.0653));
#14764=CARTESIAN_POINT('',(0.133572026081125,0.0169525093591315,0.0653));
#14765=CARTESIAN_POINT('',(0.136072026081125,0.0169525093591315,0.0653));
#14766=CARTESIAN_POINT('',(0.138572026081125,0.0169525093591315,0.0653));
#14767=CARTESIAN_POINT('',(0.138572026081125,0.0169525093591315,0.0653));
#14768=CARTESIAN_POINT('',(0.133572026081125,0.0159316487492229,0.0653));
#14769=CARTESIAN_POINT('',(0.133572026081125,0.0159316487492229,0.065));
#14770=CARTESIAN_POINT('',(0.133572026081125,0.0149107881393143,0.065));
#14771=CARTESIAN_POINT('',(0.133572026081125,0.0149107881393143,0.0653));
#14772=CARTESIAN_POINT('',(0.133572026081125,0.0149107881393143,0.0653));
#14773=CARTESIAN_POINT('',(0.133572026081125,0.0159316487492229,0.0653));
#14774=CARTESIAN_POINT('',(0.127053508553525,0.0116522519373252,0.0653));
#14775=CARTESIAN_POINT('',(0.127053508553525,0.0116522519373252,0.065));
#14776=CARTESIAN_POINT('',(0.120534991025925,0.008393715735336,0.065));
#14777=CARTESIAN_POINT('',(0.120534991025925,0.008393715735336,0.0653));
#14778=CARTESIAN_POINT('',(0.120534991025925,0.008393715735336,0.0653));
#14779=CARTESIAN_POINT('',(0.127053508553525,0.0116522519373252,0.0653));
#14780=CARTESIAN_POINT('',(0.120534991025925,0.0167357053811649,0.0653));
#14781=CARTESIAN_POINT('',(0.120534991025925,0.0167357053811649,0.065));
#14782=CARTESIAN_POINT('',(0.120534991025925,0.0250776950269938,0.065));
#14783=CARTESIAN_POINT('',(0.120534991025925,0.0250776950269938,0.0653));
#14784=CARTESIAN_POINT('',(0.120534991025925,0.0250776950269938,0.0653));
#14785=CARTESIAN_POINT('',(0.120534991025925,0.0167357053811649,0.0653));
#14786=CARTESIAN_POINT('',(0.118034991025925,0.0250776950269938,0.0653));
#14787=CARTESIAN_POINT('',(0.118034991025925,0.0250776950269938,0.065));
#14788=CARTESIAN_POINT('',(0.115534991025925,0.0250776950269938,0.065));
#14789=CARTESIAN_POINT('',(0.115534991025925,0.0250776950269938,0.0653));
#14790=CARTESIAN_POINT('',(0.115534991025925,0.0250776950269938,0.0653));
#14791=CARTESIAN_POINT('',(0.118034991025925,0.0250776950269938,0.0653));
#14792=CARTESIAN_POINT('',(0.115534991025925,0.0154859825000834,0.0653));
#14793=CARTESIAN_POINT('',(0.115534991025925,0.0154859825000834,0.065));
#14794=CARTESIAN_POINT('',(0.115534991025925,0.00589426997317293,0.065));
#14795=CARTESIAN_POINT('',(0.115534991025925,0.00589426997317293,0.0653));
#14796=CARTESIAN_POINT('',(0.115534991025925,0.00589426997317293,0.0653));
#14797=CARTESIAN_POINT('',(0.115534991025925,0.0154859825000834,0.0653));
#14798=CARTESIAN_POINT('',(0.109410799799697,0.00283285321175873,0.0653));
#14799=CARTESIAN_POINT('',(0.109410799799697,0.00283285321175873,0.065));
#14800=CARTESIAN_POINT('',(0.103286608573469,-0.000228563549655467,0.065));
#14801=CARTESIAN_POINT('',(0.103286608573469,-0.000228563549655467,0.0653));
#14802=CARTESIAN_POINT('',(0.103286608573469,-0.000228563549655467,0.0653));
#14803=CARTESIAN_POINT('',(0.109410799799697,0.00283285321175873,0.0653));
#14804=CARTESIAN_POINT('',(0.103286608573469,0.00900906871878217,0.0653));
#14805=CARTESIAN_POINT('',(0.103286608573469,0.00900906871878217,0.065));
#14806=CARTESIAN_POINT('',(0.103286608573469,0.0182467009872198,0.065));
#14807=CARTESIAN_POINT('',(0.103286608573469,0.0182467009872198,0.0653));
#14808=CARTESIAN_POINT('',(0.103286608573469,0.0182467009872198,0.0653));
#14809=CARTESIAN_POINT('',(0.103286608573469,0.00900906871878217,0.0653));
#14810=CARTESIAN_POINT('',(0.100786608573469,0.0182467009872198,0.0653));
#14811=CARTESIAN_POINT('',(0.100786608573469,0.0182467009872198,0.065));
#14812=CARTESIAN_POINT('',(0.0982866085734693,0.0182467009872198,0.065));
#14813=CARTESIAN_POINT('',(0.0982866085734693,0.0182467009872198,0.0653));
#14814=CARTESIAN_POINT('',(0.0982866085734693,0.0182467009872198,0.0653));
#14815=CARTESIAN_POINT('',(0.100786608573469,0.0182467009872198,0.0653));
#14816=CARTESIAN_POINT('',(0.0982866085734693,0.00775934583770064,0.0653));
#14817=CARTESIAN_POINT('',(0.0982866085734693,0.00775934583770064,0.065));
#14818=CARTESIAN_POINT('',(0.0982866085734693,-0.00272800931181854,0.065));
#14819=CARTESIAN_POINT('',(0.0982866085734693,-0.00272800931181854,0.0653));
#14820=CARTESIAN_POINT('',(0.0982866085734693,-0.00272800931181854,0.0653));
#14821=CARTESIAN_POINT('',(0.0982866085734693,0.00775934583770064,0.0653));
#14822=CARTESIAN_POINT('',(0.0971687728880641,-0.0032868032451547,0.0653));
#14823=CARTESIAN_POINT('',(0.0971687728880641,-0.0032868032451547,0.065));
#14824=CARTESIAN_POINT('',(0.0960509372026588,-0.00384559717849082,0.065));
#14825=CARTESIAN_POINT('',(0.0960509372026588,-0.00384559717849082,0.0653));
#14826=CARTESIAN_POINT('',(0.0960509372026588,-0.00384559717849082,0.0653));
#14827=CARTESIAN_POINT('',(0.0971687728880641,-0.0032868032451547,0.0653));
#14828=CARTESIAN_POINT('',(0.0971687728880641,-0.00608176429667198,0.0653));
#14829=CARTESIAN_POINT('',(0.0971687728880641,-0.00608176429667198,0.065));
#14830=CARTESIAN_POINT('',(0.0982866085734693,-0.00831793141485313,0.065));
#14831=CARTESIAN_POINT('',(0.0982866085734693,-0.00831793141485313,0.0653));
#14832=CARTESIAN_POINT('',(0.0982866085734693,-0.00831793141485313,0.0653));
#14833=CARTESIAN_POINT('',(0.0971687728880641,-0.00608176429667198,0.0653));
#14834=CARTESIAN_POINT('',(0.0982866085734693,-0.0149457649490822,0.0653));
#14835=CARTESIAN_POINT('',(0.0982866085734693,-0.0149457649490822,0.065));
#14836=CARTESIAN_POINT('',(0.0982866085734693,-0.0215735984833114,0.065));
#14837=CARTESIAN_POINT('',(0.0982866085734693,-0.0215735984833114,0.0653));
#14838=CARTESIAN_POINT('',(0.0982866085734693,-0.0215735984833114,0.0653));
#14839=CARTESIAN_POINT('',(0.0982866085734693,-0.0149457649490822,0.0653));
#14840=CARTESIAN_POINT('',(0.0818182311529319,-0.0306288602626306,0.0653));
#14841=CARTESIAN_POINT('',(0.0818182311529319,-0.0306288602626306,0.065));
#14842=CARTESIAN_POINT('',(0.0653498537323944,-0.0396841220419498,0.065));
#14843=CARTESIAN_POINT('',(0.0653498537323944,-0.0396841220419498,0.0653));
#14844=CARTESIAN_POINT('',(0.0653498537323944,-0.0396841220419498,0.0653));
#14845=CARTESIAN_POINT('',(0.0818182311529319,-0.0306288602626306,0.0653));
#14846=CARTESIAN_POINT('',(0.058801510226812,-0.037082133806365,0.0653));
#14847=CARTESIAN_POINT('',(0.058801510226812,-0.037082133806365,0.065));
#14848=CARTESIAN_POINT('',(0.0522531667212295,-0.0344801455707803,0.065));
#14849=CARTESIAN_POINT('',(0.0522531667212295,-0.0344801455707803,0.0653));
#14850=CARTESIAN_POINT('',(0.0522531667212295,-0.0344801455707803,0.0653));
#14851=CARTESIAN_POINT('',(0.058801510226812,-0.037082133806365,0.0653));
#14852=CARTESIAN_POINT('',(0.0512773869995767,-0.0323531103592029,0.0653));
#14853=CARTESIAN_POINT('',(0.0512773869995767,-0.0323531103592029,0.065));
#14854=CARTESIAN_POINT('',(0.0503016072779239,-0.0302260751476255,0.065));
#14855=CARTESIAN_POINT('',(0.0503016072779239,-0.0302260751476255,0.0653));
#14856=CARTESIAN_POINT('',(0.0503016072779239,-0.0302260751476255,0.0653));
#14857=CARTESIAN_POINT('',(0.0512773869995767,-0.0323531103592029,0.0653));
#14858=CARTESIAN_POINT('',(0.0407539776502208,-0.0346060606456818,0.0653));
#14859=CARTESIAN_POINT('',(0.0407539776502208,-0.0346060606456818,0.065));
#14860=CARTESIAN_POINT('',(0.0312063480225177,-0.038986046143738,0.065));
#14861=CARTESIAN_POINT('',(0.0312063480225177,-0.038986046143738,0.0653));
#14862=CARTESIAN_POINT('',(0.0312063480225177,-0.038986046143738,0.0653));
#14863=CARTESIAN_POINT('',(0.0407539776502208,-0.0346060606456818,0.0653));
#14864=CARTESIAN_POINT('',(0.0240411569967375,-0.0361389531745156,0.0653));
#14865=CARTESIAN_POINT('',(0.0240411569967375,-0.0361389531745156,0.065));
#14866=CARTESIAN_POINT('',(0.0168759659709573,-0.0332918602052932,0.065));
#14867=CARTESIAN_POINT('',(0.0168759659709573,-0.0332918602052932,0.0653));
#14868=CARTESIAN_POINT('',(0.0168759659709573,-0.0332918602052932,0.0653));
#14869=CARTESIAN_POINT('',(0.0240411569967375,-0.0361389531745156,0.0653));
#14870=CARTESIAN_POINT('',(0.0160281845675294,-0.0316455871604609,0.0653));
#14871=CARTESIAN_POINT('',(0.0160281845675294,-0.0316455871604609,0.065));
#14872=CARTESIAN_POINT('',(0.0151804031641015,-0.0299993141156286,0.065));
#14873=CARTESIAN_POINT('',(0.0151804031641015,-0.0299993141156286,0.0653));
#14874=CARTESIAN_POINT('',(0.0151804031641015,-0.0299993141156286,0.0653));
#14875=CARTESIAN_POINT('',(0.0160281845675294,-0.0316455871604609,0.0653));
#14876=CARTESIAN_POINT('',(0.0137451550297044,-0.0307384239986859,0.0653));
#14877=CARTESIAN_POINT('',(0.0137451550297044,-0.0307384239986859,0.065));
#14878=CARTESIAN_POINT('',(0.0123099068953074,-0.0314775338817432,0.065));
#14879=CARTESIAN_POINT('',(0.0123099068953074,-0.0314775338817432,0.0653));
#14880=CARTESIAN_POINT('',(0.0123099068953074,-0.0314775338817432,0.0653));
#14881=CARTESIAN_POINT('',(0.0137451550297044,-0.0307384239986859,0.0653));
#14882=CARTESIAN_POINT('',(0.0116311989829947,-0.0312078488840442,0.0653));
#14883=CARTESIAN_POINT('',(0.0116311989829947,-0.0312078488840442,0.065));
#14884=CARTESIAN_POINT('',(0.010952491070682,-0.0309381638863451,0.065));
#14885=CARTESIAN_POINT('',(0.010952491070682,-0.0309381638863451,0.0653));
#14886=CARTESIAN_POINT('',(0.010952491070682,-0.0309381638863451,0.0653));
#14887=CARTESIAN_POINT('',(0.0116311989829947,-0.0312078488840442,0.0653));
#14888=CARTESIAN_POINT('',(0.0106431542168883,-0.0317166624013939,0.0653));
#14889=CARTESIAN_POINT('',(0.0106431542168883,-0.0317166624013939,0.065));
#14890=CARTESIAN_POINT('',(0.0103338173630946,-0.0324951609164428,0.065));
#14891=CARTESIAN_POINT('',(0.0103338173630946,-0.0324951609164428,0.0653));
#14892=CARTESIAN_POINT('',(0.0103338173630946,-0.0324951609164428,0.0653));
#14893=CARTESIAN_POINT('',(0.0106431542168883,-0.0317166624013939,0.0653));
#14894=CARTESIAN_POINT('',(0.00124291502256402,-0.0371767038530013,0.0653));
#14895=CARTESIAN_POINT('',(0.00124291502256402,-0.0371767038530013,0.065));
#14896=CARTESIAN_POINT('',(-0.00784798731796656,-0.0418582467895597,0.065));
#14897=CARTESIAN_POINT('',(-0.00784798731796656,-0.0418582467895597,0.0653));
#14898=CARTESIAN_POINT('',(-0.00784798731796656,-0.0418582467895597,0.0653));
#14899=CARTESIAN_POINT('',(0.00124291502256402,-0.0371767038530013,0.0653));
#14900=CARTESIAN_POINT('',(-0.00670341449583317,-0.0440808473058095,0.0653));
#14901=CARTESIAN_POINT('',(-0.00670341449583317,-0.0440808473058095,0.065));
#14902=CARTESIAN_POINT('',(-0.00555884167369979,-0.0463034478220592,0.065));
#14903=CARTESIAN_POINT('',(-0.00555884167369979,-0.0463034478220592,0.0653));
#14904=CARTESIAN_POINT('',(-0.00555884167369979,-0.0463034478220592,0.0653));
#14905=CARTESIAN_POINT('',(-0.00670341449583317,-0.0440808473058095,0.0653));
#14906=CARTESIAN_POINT('',(0.00350913888901877,-0.0416337089158367,0.0653));
#14907=CARTESIAN_POINT('',(0.00350913888901877,-0.0416337089158367,0.065));
#14908=CARTESIAN_POINT('',(0.0125771194517373,-0.0369639700096143,0.065));
#14909=CARTESIAN_POINT('',(0.0125771194517373,-0.0369639700096143,0.0653));
#14910=CARTESIAN_POINT('',(0.0125771194517373,-0.0369639700096143,0.0653));
#14911=CARTESIAN_POINT('',(0.00350913888901877,-0.0416337089158367,0.0653));
#14912=CARTESIAN_POINT('',(0.0202372196744865,-0.0400077154463039,0.0653));
#14913=CARTESIAN_POINT('',(0.0202372196744865,-0.0400077154463039,0.065));
#14914=CARTESIAN_POINT('',(0.0278973198972357,-0.0430514608829936,0.065));
#14915=CARTESIAN_POINT('',(0.0278973198972357,-0.0430514608829936,0.0653));
#14916=CARTESIAN_POINT('',(0.0278973198972357,-0.0430514608829936,0.0653));
#14917=CARTESIAN_POINT('',(0.0202372196744865,-0.0400077154463039,0.0653));
#14918=CARTESIAN_POINT('',(0.0283903793411777,-0.0441262473080375,0.0653));
#14919=CARTESIAN_POINT('',(0.0283903793411777,-0.0441262473080375,0.065));
#14920=CARTESIAN_POINT('',(0.0288834387851198,-0.0452010337330814,0.065));
#14921=CARTESIAN_POINT('',(0.0288834387851198,-0.0452010337330814,0.0653));
#14922=CARTESIAN_POINT('',(0.0288834387851198,-0.0452010337330814,0.0653));
#14923=CARTESIAN_POINT('',(0.0283903793411777,-0.0441262473080375,0.0653));
#14924=CARTESIAN_POINT('',(0.0299100328989833,-0.04473008256442,0.0653));
#14925=CARTESIAN_POINT('',(0.0299100328989833,-0.04473008256442,0.065));
#14926=CARTESIAN_POINT('',(0.0309366270128469,-0.0442591313957587,0.065));
#14927=CARTESIAN_POINT('',(0.0309366270128469,-0.0442591313957587,0.0653));
#14928=CARTESIAN_POINT('',(0.0309366270128469,-0.0442591313957587,0.0653));
#14929=CARTESIAN_POINT('',(0.0299100328989833,-0.04473008256442,0.0653));
#14930=CARTESIAN_POINT('',(0.032121855287354,-0.04473008256442,0.0653));
#14931=CARTESIAN_POINT('',(0.032121855287354,-0.04473008256442,0.065));
#14932=CARTESIAN_POINT('',(0.0333070835618611,-0.0452010337330814,0.065));
#14933=CARTESIAN_POINT('',(0.0333070835618611,-0.0452010337330814,0.0653));
#14934=CARTESIAN_POINT('',(0.0333070835618611,-0.0452010337330814,0.0653));
#14935=CARTESIAN_POINT('',(0.032121855287354,-0.04473008256442,0.0653));
#14936=CARTESIAN_POINT('',(0.0338001430058031,-0.0439601662443478,0.0653));
#14937=CARTESIAN_POINT('',(0.0338001430058031,-0.0439601662443478,0.065));
#14938=CARTESIAN_POINT('',(0.0342932024497452,-0.0427192987556144,0.065));
#14939=CARTESIAN_POINT('',(0.0342932024497452,-0.0427192987556144,0.0653));
#14940=CARTESIAN_POINT('',(0.0342932024497452,-0.0427192987556144,0.0653));
#14941=CARTESIAN_POINT('',(0.0338001430058031,-0.0439601662443478,0.0653));
#14942=CARTESIAN_POINT('',(0.0401308832053923,-0.0400412563462371,0.0653));
#14943=CARTESIAN_POINT('',(0.0401308832053923,-0.0400412563462371,0.065));
#14944=CARTESIAN_POINT('',(0.0459685639610393,-0.0373632139368598,0.065));
#14945=CARTESIAN_POINT('',(0.0459685639610393,-0.0373632139368598,0.0653));
#14946=CARTESIAN_POINT('',(0.0459685639610393,-0.0373632139368598,0.0653));
#14947=CARTESIAN_POINT('',(0.0401308832053923,-0.0400412563462371,0.0653));
#14948=CARTESIAN_POINT('',(0.0548508353187328,-0.0408925898100537,0.0653));
#14949=CARTESIAN_POINT('',(0.0548508353187328,-0.0408925898100537,0.065));
#14950=CARTESIAN_POINT('',(0.0637331066764263,-0.0444219656832477,0.065));
#14951=CARTESIAN_POINT('',(0.0637331066764263,-0.0444219656832477,0.0653));
#14952=CARTESIAN_POINT('',(0.0637331066764263,-0.0444219656832477,0.0653));
#14953=CARTESIAN_POINT('',(0.0548508353187328,-0.0408925898100537,0.0653));
#14954=CARTESIAN_POINT('',(0.0641251568589255,-0.045134968855385,0.0653));
#14955=CARTESIAN_POINT('',(0.0641251568589255,-0.045134968855385,0.065));
#14956=CARTESIAN_POINT('',(0.0645172070414248,-0.0458479720275224,0.065));
#14957=CARTESIAN_POINT('',(0.0645172070414248,-0.0458479720275224,0.0653));
#14958=CARTESIAN_POINT('',(0.0645172070414248,-0.0458479720275224,0.0653));
#14959=CARTESIAN_POINT('',(0.0641251568589255,-0.045134968855385,0.0653));
#14960=CARTESIAN_POINT('',(0.0651054851199772,-0.0455245028803018,0.0653));
#14961=CARTESIAN_POINT('',(0.0651054851199772,-0.0455245028803018,0.065));
#14962=CARTESIAN_POINT('',(0.0818111669415048,-0.036338757482744,0.065));
#14963=CARTESIAN_POINT('',(0.0818111669415048,-0.036338757482744,0.0653));
#14964=CARTESIAN_POINT('',(0.0818111669415048,-0.036338757482744,0.0653));
#14965=CARTESIAN_POINT('',(0.0651054851199772,-0.0455245028803018,0.0653));
#14966=CARTESIAN_POINT('',(0.0900488877574871,-0.0395182863806464,0.0653));
#14967=CARTESIAN_POINT('',(0.0900488877574871,-0.0395182863806464,0.065));
#14968=CARTESIAN_POINT('',(0.0982866085734694,-0.0426978152785488,0.065));
#14969=CARTESIAN_POINT('',(0.0982866085734694,-0.0426978152785488,0.0653));
#14970=CARTESIAN_POINT('',(0.0982866085734694,-0.0426978152785488,0.0653));
#14971=CARTESIAN_POINT('',(0.0900488877574871,-0.0395182863806464,0.0653));
#14972=CARTESIAN_POINT('',(0.0982866085734694,-0.04314380450597,0.0653));
#14973=CARTESIAN_POINT('',(0.0982866085734694,-0.04314380450597,0.065));
#14974=CARTESIAN_POINT('',(0.0982866085734694,-0.0435897937333912,0.065));
#14975=CARTESIAN_POINT('',(0.0982866085734694,-0.0435897937333912,0.0653));
#14976=CARTESIAN_POINT('',(0.0982866085734694,-0.0435897937333912,0.0653));
#14977=CARTESIAN_POINT('',(0.0982866085734694,-0.04314380450597,0.0653));
#14978=CARTESIAN_POINT('',(0.0988093623815446,-0.0435897937333912,0.0653));
#14979=CARTESIAN_POINT('',(0.0988093623815446,-0.0435897937333912,0.065));
#14980=CARTESIAN_POINT('',(0.0993321161896198,-0.0435897937333912,0.065));
#14981=CARTESIAN_POINT('',(0.0993321161896198,-0.0435897937333912,0.0653));
#14982=CARTESIAN_POINT('',(0.0993321161896198,-0.0435897937333912,0.0653));
#14983=CARTESIAN_POINT('',(0.0988093623815446,-0.0435897937333912,0.0653));
#14984=CARTESIAN_POINT('',(0.0997477191797221,-0.0443954137332363,0.0653));
#14985=CARTESIAN_POINT('',(0.0997477191797221,-0.0443954137332363,0.065));
#14986=CARTESIAN_POINT('',(0.100163322169824,-0.0452010337330814,0.065));
#14987=CARTESIAN_POINT('',(0.100163322169824,-0.0452010337330814,0.0653));
#14988=CARTESIAN_POINT('',(0.100163322169824,-0.0452010337330814,0.0653));
#14989=CARTESIAN_POINT('',(0.0997477191797221,-0.0443954137332363,0.0653));
#14990=CARTESIAN_POINT('',(0.101149548567186,-0.0446922595718884,0.0653));
#14991=CARTESIAN_POINT('',(0.101149548567186,-0.0446922595718884,0.065));
#14992=CARTESIAN_POINT('',(0.102135774964548,-0.0441834854106955,0.065));
#14993=CARTESIAN_POINT('',(0.102135774964548,-0.0441834854106955,0.0653));
#14994=CARTESIAN_POINT('',(0.102135774964548,-0.0441834854106955,0.0653));
#14995=CARTESIAN_POINT('',(0.101149548567186,-0.0446922595718884,0.0653));
#14996=CARTESIAN_POINT('',(0.103453938640009,-0.0446922595718884,0.0653));
#14997=CARTESIAN_POINT('',(0.103453938640009,-0.0446922595718884,0.065));
#14998=CARTESIAN_POINT('',(0.104772102315469,-0.0452010337330814,0.065));
#14999=CARTESIAN_POINT('',(0.104772102315469,-0.0452010337330814,0.0653));
#15000=CARTESIAN_POINT('',(0.104772102315469,-0.0452010337330814,0.0653));
#15001=CARTESIAN_POINT('',(0.103453938640009,-0.0446922595718884,0.0653));
#15002=CARTESIAN_POINT('',(0.105345017068234,-0.0437166906318924,0.0653));
#15003=CARTESIAN_POINT('',(0.105345017068234,-0.0437166906318924,0.065));
#15004=CARTESIAN_POINT('',(0.105917931820999,-0.0422323475307036,0.065));
#15005=CARTESIAN_POINT('',(0.105917931820999,-0.0422323475307036,0.0653));
#15006=CARTESIAN_POINT('',(0.105917931820999,-0.0422323475307036,0.0653));
#15007=CARTESIAN_POINT('',(0.105345017068234,-0.0437166906318924,0.0653));
#15008=CARTESIAN_POINT('',(0.110726461423462,-0.039751724803905,0.0653));
#15009=CARTESIAN_POINT('',(0.110726461423462,-0.039751724803905,0.065));
#15010=CARTESIAN_POINT('',(0.115534991025925,-0.0372711020771065,0.065));
#15011=CARTESIAN_POINT('',(0.115534991025925,-0.0372711020771065,0.0653));
#15012=CARTESIAN_POINT('',(0.115534991025925,-0.0372711020771065,0.0653));
#15013=CARTESIAN_POINT('',(0.110726461423462,-0.039751724803905,0.0653));
#15014=CARTESIAN_POINT('',(0.115534991025925,-0.0390027971597214,0.0653));
#15015=CARTESIAN_POINT('',(0.115534991025925,-0.0390027971597214,0.065));
#15016=CARTESIAN_POINT('',(0.115534991025925,-0.0407344922423363,0.065));
#15017=CARTESIAN_POINT('',(0.115534991025925,-0.0407344922423363,0.0653));
#15018=CARTESIAN_POINT('',(0.115534991025925,-0.0407344922423363,0.0653));
#15019=CARTESIAN_POINT('',(0.115534991025925,-0.0390027971597214,0.0653));
#15020=CARTESIAN_POINT('',(0.118034991025925,-0.0407344922423363,0.0653));
#15021=CARTESIAN_POINT('',(0.118034991025925,-0.0407344922423363,0.065));
#15022=CARTESIAN_POINT('',(0.120534991025925,-0.0407344922423363,0.065));
#15023=CARTESIAN_POINT('',(0.120534991025925,-0.0407344922423363,0.0653));
#15024=CARTESIAN_POINT('',(0.120534991025925,-0.0407344922423363,0.0653));
#15025=CARTESIAN_POINT('',(0.118034991025925,-0.0407344922423363,0.0653));
#15026=CARTESIAN_POINT('',(0.120534991025925,-0.0399350304106234,0.0653));
#15027=CARTESIAN_POINT('',(0.120534991025925,-0.0399350304106234,0.065));
#15028=CARTESIAN_POINT('',(0.120534991025925,-0.0391355685789104,0.065));
#15029=CARTESIAN_POINT('',(0.120534991025925,-0.0391355685789104,0.0653));
#15030=CARTESIAN_POINT('',(0.120534991025925,-0.0391355685789104,0.0653));
#15031=CARTESIAN_POINT('',(0.120534991025925,-0.0399350304106234,0.0653));
#15032=CARTESIAN_POINT('',(0.12900011439738,-0.0430263718009062,0.0653));
#15033=CARTESIAN_POINT('',(0.12900011439738,-0.0430263718009062,0.065));
#15034=CARTESIAN_POINT('',(0.137465237768836,-0.046917175022902,0.065));
#15035=CARTESIAN_POINT('',(0.137465237768836,-0.046917175022902,0.0653));
#15036=CARTESIAN_POINT('',(0.137465237768836,-0.046917175022902,0.0653));
#15037=CARTESIAN_POINT('',(0.12900011439738,-0.0430263718009062,0.0653));
#15038=CARTESIAN_POINT('',(0.138509303304943,-0.0446456277184611,0.0653));
#15039=CARTESIAN_POINT('',(0.138509303304943,-0.0446456277184611,0.065));
#15040=CARTESIAN_POINT('',(0.139553368841051,-0.0423740804140202,0.065));
#15041=CARTESIAN_POINT('',(0.139553368841051,-0.0423740804140202,0.0653));
#15042=CARTESIAN_POINT('',(0.139553368841051,-0.0423740804140202,0.0653));
#15043=CARTESIAN_POINT('',(0.138509303304943,-0.0446456277184611,0.0653));
#15044=CARTESIAN_POINT('',(0.139062697461088,-0.0421485543700007,0.0653));
#15045=CARTESIAN_POINT('',(0.139062697461088,-0.0421485543700007,0.065));
#15046=CARTESIAN_POINT('',(0.138572026081125,-0.0419230283259813,0.065));
#15047=CARTESIAN_POINT('',(0.138572026081125,-0.0419230283259813,0.0653));
#15048=CARTESIAN_POINT('',(0.138572026081125,-0.0419230283259813,0.0653));
#15049=CARTESIAN_POINT('',(0.139062697461088,-0.0421485543700007,0.0653));
#15050=CARTESIAN_POINT('',(0.109410799799697,-0.0154568778699572,0.0653));
#15051=CARTESIAN_POINT('',(0.109410799799697,-0.0154568778699572,0.065));
#15052=CARTESIAN_POINT('',(0.109410799799697,-0.0154568778699572,0.0653));
#15053=CARTESIAN_POINT('',(0.120534991025925,-0.0220558738072252,0.0653));
#15054=CARTESIAN_POINT('',(0.120534991025925,-0.0220558738072252,0.065));
#15055=CARTESIAN_POINT('',(0.120534991025925,-0.0220558738072252,0.0653));
#15056=CARTESIAN_POINT('',(0.120534991025925,-0.00326818181215081,0.0653));
#15057=CARTESIAN_POINT('',(0.120534991025925,-0.00326818181215081,0.065));
#15058=CARTESIAN_POINT('',(0.120534991025925,-0.00326818181215081,0.0653));
#15059=CARTESIAN_POINT('',(0.0982866085734693,-0.0323089578422476,0.0653));
#15060=CARTESIAN_POINT('',(0.0982866085734693,-0.0323089578422476,0.065));
#15061=CARTESIAN_POINT('',(0.0982866085734693,-0.0323089578422476,0.0653));
#15062=CARTESIAN_POINT('',(0.127596299085042,-0.0310489182995457,0.0653));
#15063=CARTESIAN_POINT('',(0.127596299085042,-0.0310489182995457,0.065));
#15064=CARTESIAN_POINT('',(0.127596299085042,-0.0310489182995457,0.0653));
#15065=CARTESIAN_POINT('',(0.138572026081125,0.0143864105787872,0.0653));
#15066=CARTESIAN_POINT('',(0.138572026081125,0.0143864105787872,0.065));
#15067=CARTESIAN_POINT('',(0.138572026081125,0.0143864105787872,0.0653));
#15068=CARTESIAN_POINT('',(0.115534991025925,-0.0247202169075846,0.0653));
#15069=CARTESIAN_POINT('',(0.115534991025925,-0.0247202169075846,0.065));
#15070=CARTESIAN_POINT('',(0.115534991025925,-0.0247202169075846,0.0653));
#15071=CARTESIAN_POINT('',(2.77555756156289E-17,-1.38777878078145E-17,0.0653));
#15072=CARTESIAN_POINT('',(2.77555756156289E-17,-1.38777878078145E-17,0.065));
#15073=CARTESIAN_POINT('',(0.,0.,0.));
#15074=CARTESIAN_POINT('',(5.55111512312578E-17,-0.057,0.065));
#15075=CARTESIAN_POINT('',(0.0991252890011578,-0.057,0.005));
#15076=CARTESIAN_POINT('',(0.099478344536335,-0.057,0.005));
#15077=CARTESIAN_POINT('',(0.0987722334659806,-0.057,0.005));
#15078=CARTESIAN_POINT('',(0.0986777796474787,-0.057,0.00544750935367912));
#15079=CARTESIAN_POINT('',(0.0985833258289767,-0.057,0.00589501870735823));
#15080=CARTESIAN_POINT('',(0.0985604001448743,-0.057,0.00589501870735823));
#15081=CARTESIAN_POINT('',(0.0985374744607719,-0.057,0.00589501870735823));
#15082=CARTESIAN_POINT('',(0.0985374744607719,-0.057,0.00589501870735823));
#15083=CARTESIAN_POINT('',(0.0980679564503545,-0.057,0.00530445308488006));
#15084=CARTESIAN_POINT('',(0.0976011895220293,-0.057,0.00509445381850195));
#15085=CARTESIAN_POINT('',(0.0976011895220293,-0.057,0.00509445381850195));
#15086=CARTESIAN_POINT('',(0.0976011895220293,-0.057,0.00509445381850195));
#15087=CARTESIAN_POINT('',(0.0971344225937042,-0.057,0.00488445455212384));
#15088=CARTESIAN_POINT('',(0.0964338136875344,-0.057,0.00488445455212384));
#15089=CARTESIAN_POINT('',(0.0964338136875344,-0.057,0.00488445455212384));
#15090=CARTESIAN_POINT('',(0.0964338136875344,-0.057,0.00488445455212384));
#15091=CARTESIAN_POINT('',(0.0955002798308842,-0.057,0.00488445455212384));
#15092=CARTESIAN_POINT('',(0.0949702380144364,-0.057,0.00536681094563862));
#15093=CARTESIAN_POINT('',(0.0949702380144364,-0.057,0.00536681094563862));
#15094=CARTESIAN_POINT('',(0.0949702380144364,-0.057,0.00536681094563862));
#15095=CARTESIAN_POINT('',(0.0944401961979885,-0.057,0.00584916733915341));
#15096=CARTESIAN_POINT('',(0.0944401961979885,-0.057,0.00673684982759886));
#15097=CARTESIAN_POINT('',(0.0944401961979885,-0.057,0.00673684982759886));
#15098=CARTESIAN_POINT('',(0.0944401961979885,-0.057,0.00673684982759886));
#15099=CARTESIAN_POINT('',(0.0944401961979885,-0.057,0.00863876458073509));
#15100=CARTESIAN_POINT('',(0.0974828929920609,-0.057,0.00873046731714474));
#15101=CARTESIAN_POINT('',(0.0974828929920609,-0.057,0.00873046731714474));
#15102=CARTESIAN_POINT('',(0.098015685890601,-0.057,0.00874789083706258));
#15103=CARTESIAN_POINT('',(0.0985484787891411,-0.057,0.00876531435698041));
#15104=CARTESIAN_POINT('',(0.0985484787891411,-0.057,0.00896064118553298));
#15105=CARTESIAN_POINT('',(0.0985484787891411,-0.057,0.00915596801408554));
#15106=CARTESIAN_POINT('',(0.0985484787891411,-0.057,0.00915596801408554));
#15107=CARTESIAN_POINT('',(0.0985484787891411,-0.057,0.00989509206954735));
#15108=CARTESIAN_POINT('',(0.0982311873211637,-0.057,0.0102472305773604));
#15109=CARTESIAN_POINT('',(0.0982311873211637,-0.057,0.0102472305773604));
#15110=CARTESIAN_POINT('',(0.0982311873211637,-0.057,0.0102472305773604));
#15111=CARTESIAN_POINT('',(0.0979138958531863,-0.057,0.0105993690851735));
#15112=CARTESIAN_POINT('',(0.0972132869470165,-0.057,0.0105993690851735));
#15113=CARTESIAN_POINT('',(0.0972132869470165,-0.057,0.0105993690851735));
#15114=CARTESIAN_POINT('',(0.0972132869470165,-0.057,0.0105993690851735));
#15115=CARTESIAN_POINT('',(0.0964283115233499,-0.057,0.0105993690851735));
#15116=CARTESIAN_POINT('',(0.0954379219701256,-0.057,0.0101188467463869));
#15117=CARTESIAN_POINT('',(0.0954379219701256,-0.057,0.0101188467463869));
#15118=CARTESIAN_POINT('',(0.0952911975918701,-0.057,0.0104829066099332));
#15119=CARTESIAN_POINT('',(0.095144308340395,-0.057,0.010847375558688));
#15120=CARTESIAN_POINT('',(0.097259964101125,-0.057,0.00688928850807047));
#15121=CARTESIAN_POINT('',(0.0961615141254671,-0.057,0.0112410633200493));
#15122=CARTESIAN_POINT('',(0.0972776270418334,-0.057,0.00696767876701801));
#15123=CARTESIAN_POINT('',(0.0972719766983187,-0.057,0.0113843445088401));
#15124=CARTESIAN_POINT('',(0.0972719766983187,-0.057,0.0113843445088401));
#15125=CARTESIAN_POINT('',(0.0983944181919728,-0.057,0.0113843445088401));
#15126=CARTESIAN_POINT('',(0.0989363813641539,-0.057,0.0108863986501357));
#15127=CARTESIAN_POINT('',(0.0989363813641539,-0.057,0.0108863986501357));
#15128=CARTESIAN_POINT('',(0.0989363813641539,-0.057,0.0108863986501357));
#15129=CARTESIAN_POINT('',(0.099478344536335,-0.057,0.0103884527914313));
#15130=CARTESIAN_POINT('',(0.099478344536335,-0.057,0.00928801995451544));
#15131=CARTESIAN_POINT('',(0.099478344536335,-0.057,0.00928801995451544));
#15132=CARTESIAN_POINT('',(0.099478344536335,-0.057,0.00714400997725772));
#15133=CARTESIAN_POINT('',(5.55111512312578E-17,-0.057,0.));
#15134=CARTESIAN_POINT('',(0.157240577681372,-0.057,0.));
#15135=CARTESIAN_POINT('',(-0.18,-0.057,0.));
#15136=CARTESIAN_POINT('',(0.157240577681372,-0.057,-0.004));
#15137=CARTESIAN_POINT('',(0.157240577681372,-0.057,0.065));
#15138=CARTESIAN_POINT('',(5.55111512312578E-17,-0.057,0.065));
#15139=CARTESIAN_POINT('',(-0.18,-0.057,0.065));
#15140=CARTESIAN_POINT('',(-0.18,-0.057,0.065));
#15141=CARTESIAN_POINT('',(0.105534393248828,-0.057,0.0052127503484704));
#15142=CARTESIAN_POINT('',(0.104905312477058,-0.057,0.00488445455212384));
#15143=CARTESIAN_POINT('',(0.103947935908941,-0.057,0.00488445455212384));
#15144=CARTESIAN_POINT('',(0.105534393248828,-0.057,0.0052127503484704));
#15145=CARTESIAN_POINT('',(0.103947935908941,-0.057,0.00488445455212384));
#15146=CARTESIAN_POINT('',(0.103947935908941,-0.057,0.00488445455212384));
#15147=CARTESIAN_POINT('',(0.102583399191166,-0.057,0.00488445455212384));
#15148=CARTESIAN_POINT('',(0.101835104862063,-0.057,0.00572445161763628));
#15149=CARTESIAN_POINT('',(0.101835104862063,-0.057,0.00572445161763628));
#15150=CARTESIAN_POINT('',(0.101835104862063,-0.057,0.00572445161763628));
#15151=CARTESIAN_POINT('',(0.10108681053296,-0.057,0.00656444868314871));
#15152=CARTESIAN_POINT('',(0.10108681053296,-0.057,0.00810138654537452));
#15153=CARTESIAN_POINT('',(0.10108681053296,-0.057,0.00810138654537452));
#15154=CARTESIAN_POINT('',(0.10108681053296,-0.057,0.00810138654537452));
#15155=CARTESIAN_POINT('',(0.10108681053296,-0.057,0.00967683955689238));
#15156=CARTESIAN_POINT('',(0.101847026217796,-0.057,0.0105370112244149));
#15157=CARTESIAN_POINT('',(0.101847026217796,-0.057,0.0105370112244149));
#15158=CARTESIAN_POINT('',(0.101847026217796,-0.057,0.0105370112244149));
#15159=CARTESIAN_POINT('',(0.102607241902632,-0.057,0.0113971828919375));
#15160=CARTESIAN_POINT('',(0.1040102937697,-0.057,0.0113971828919375));
#15161=CARTESIAN_POINT('',(0.1040102937697,-0.057,0.0113971828919375));
#15162=CARTESIAN_POINT('',(0.104005471124174,-0.057,0.00712896128004458));
#15163=CARTESIAN_POINT('',(0.104916316805427,-0.057,0.0112990609639792));
#15164=CARTESIAN_POINT('',(0.104916316805427,-0.057,0.0112990609639792));
#15165=CARTESIAN_POINT('',(0.105369328323291,-0.057,0.0112009390360208));
#15166=CARTESIAN_POINT('',(0.105626095985238,-0.057,0.0110688870955909));
#15167=CARTESIAN_POINT('',(0.105626095985238,-0.057,0.0110688870955909));
#15168=CARTESIAN_POINT('',(0.105480288634347,-0.057,0.0106653950553884));
#15169=CARTESIAN_POINT('',(0.105334579812603,-0.057,0.0102621756710635));
#15170=CARTESIAN_POINT('',(0.103714158885682,-0.057,0.00615551090292886));
#15171=CARTESIAN_POINT('',(0.10464661394208,-0.057,0.0104705835665831));
#15172=CARTESIAN_POINT('',(0.103924374527689,-0.057,0.00744144966967715));
#15173=CARTESIAN_POINT('',(0.103988285112962,-0.057,0.0105535177169687));
#15174=CARTESIAN_POINT('',(0.103988285112962,-0.057,0.0105535177169687));
#15175=CARTESIAN_POINT('',(0.102073531976728,-0.057,0.0105535177169687));
#15176=CARTESIAN_POINT('',(0.102073531976728,-0.057,0.00811239087374367));
#15177=CARTESIAN_POINT('',(0.102073531976728,-0.057,0.00811239087374367));
#15178=CARTESIAN_POINT('',(0.102073531976728,-0.057,0.00811239087374367));
#15179=CARTESIAN_POINT('',(0.102073531976728,-0.057,0.00695510234025384));
#15180=CARTESIAN_POINT('',(0.102540298905053,-0.057,0.00633610886948867));
#15181=CARTESIAN_POINT('',(0.102540298905053,-0.057,0.00633610886948867));
#15182=CARTESIAN_POINT('',(0.102540298905053,-0.057,0.00633610886948867));
#15183=CARTESIAN_POINT('',(0.103007065833378,-0.057,0.0057171153987235));
#15184=CARTESIAN_POINT('',(0.103924093197475,-0.057,0.0057171153987235));
#15185=CARTESIAN_POINT('',(0.103924093197475,-0.057,0.0057171153987235));
#15186=CARTESIAN_POINT('',(0.103924093197475,-0.057,0.0057171153987235));
#15187=CARTESIAN_POINT('',(0.104709068621142,-0.057,0.0057171153987235));
#15188=CARTESIAN_POINT('',(0.105534393248828,-0.057,0.00605458146871103));
#15189=CARTESIAN_POINT('',(0.105534393248828,-0.057,0.00605458146871103));
#15190=CARTESIAN_POINT('',(0.105534393248828,-0.057,0.00563366590859072));
#15191=CARTESIAN_POINT('',(0.10794342413431,-0.057,0.00821509793852249));
#15192=CARTESIAN_POINT('',(0.107920498450208,-0.057,0.00821509793852249));
#15193=CARTESIAN_POINT('',(0.107966349818413,-0.057,0.00821509793852249));
#15194=CARTESIAN_POINT('',(0.107966349818413,-0.057,0.00821509793852249));
#15195=CARTESIAN_POINT('',(0.10821211315199,-0.057,0.00856540239160737));
#15196=CARTESIAN_POINT('',(0.108716478202243,-0.057,0.00913212530261903));
#15197=CARTESIAN_POINT('',(0.108716478202243,-0.057,0.00913212530261903));
#15198=CARTESIAN_POINT('',(0.109730710466934,-0.057,0.0102068813733402));
#15199=CARTESIAN_POINT('',(0.110744942731625,-0.057,0.0112816374440613));
#15200=CARTESIAN_POINT('',(0.111309831587909,-0.057,0.0112816374440613));
#15201=CARTESIAN_POINT('',(0.111874720444192,-0.057,0.0112816374440613));
#15202=CARTESIAN_POINT('',(0.110601886462826,-0.057,0.00994369451984447));
#15203=CARTESIAN_POINT('',(0.10932905248146,-0.057,0.00860575159562762));
#15204=CARTESIAN_POINT('',(0.110690838117143,-0.057,0.00680287579781381));
#15205=CARTESIAN_POINT('',(0.112052623752827,-0.057,0.005));
#15206=CARTESIAN_POINT('',(0.111476730568174,-0.057,0.005));
#15207=CARTESIAN_POINT('',(0.110900837383521,-0.057,0.005));
#15208=CARTESIAN_POINT('',(0.109791234272965,-0.057,0.00648466730247231));
#15209=CARTESIAN_POINT('',(0.108681631162408,-0.057,0.00796933460494462));
#15210=CARTESIAN_POINT('',(0.10832399049041,-0.057,0.00765937935587999));
#15211=CARTESIAN_POINT('',(0.107966349818413,-0.057,0.00734942410681535));
#15212=CARTESIAN_POINT('',(0.107966349818413,-0.057,0.00617471205340768));
#15213=CARTESIAN_POINT('',(0.107966349818413,-0.057,0.005));
#15214=CARTESIAN_POINT('',(0.107495914780631,-0.057,0.005));
#15215=CARTESIAN_POINT('',(0.107025479742849,-0.057,0.005));
#15216=CARTESIAN_POINT('',(0.107025479742849,-0.057,0.0094595040716015));
#15217=CARTESIAN_POINT('',(0.107025479742849,-0.057,0.013919008143203));
#15218=CARTESIAN_POINT('',(0.107495914780631,-0.057,0.013919008143203));
#15219=CARTESIAN_POINT('',(0.107966349818413,-0.057,0.013919008143203));
#15220=CARTESIAN_POINT('',(0.107966349818413,-0.057,0.011553994571198));
#15221=CARTESIAN_POINT('',(0.107966349818413,-0.057,0.00918898099919302));
#15222=CARTESIAN_POINT('',(0.107966349818413,-0.057,0.00918898099919302));
#15223=CARTESIAN_POINT('',(0.107966349818413,-0.057,0.008875357640672));
#15224=CARTESIAN_POINT('',(0.107920498450208,-0.057,0.00821509793852249));
#15225=CARTESIAN_POINT('',(0.117283347837633,-0.057,0.0052127503484704));
#15226=CARTESIAN_POINT('',(0.116654267065863,-0.057,0.00488445455212384));
#15227=CARTESIAN_POINT('',(0.115696890497746,-0.057,0.00488445455212384));
#15228=CARTESIAN_POINT('',(0.117283347837633,-0.057,0.0052127503484704));
#15229=CARTESIAN_POINT('',(0.115696890497746,-0.057,0.00488445455212384));
#15230=CARTESIAN_POINT('',(0.115696890497746,-0.057,0.00488445455212384));
#15231=CARTESIAN_POINT('',(0.114332353779971,-0.057,0.00488445455212384));
#15232=CARTESIAN_POINT('',(0.113584059450868,-0.057,0.00572445161763628));
#15233=CARTESIAN_POINT('',(0.113584059450868,-0.057,0.00572445161763628));
#15234=CARTESIAN_POINT('',(0.113584059450868,-0.057,0.00572445161763628));
#15235=CARTESIAN_POINT('',(0.112835765121765,-0.057,0.00656444868314871));
#15236=CARTESIAN_POINT('',(0.112835765121765,-0.057,0.00810138654537452));
#15237=CARTESIAN_POINT('',(0.112835765121765,-0.057,0.00810138654537452));
#15238=CARTESIAN_POINT('',(0.112835765121765,-0.057,0.00810138654537452));
#15239=CARTESIAN_POINT('',(0.112835765121765,-0.057,0.00967683955689238));
#15240=CARTESIAN_POINT('',(0.113595980806601,-0.057,0.0105370112244149));
#15241=CARTESIAN_POINT('',(0.113595980806601,-0.057,0.0105370112244149));
#15242=CARTESIAN_POINT('',(0.113595980806601,-0.057,0.0105370112244149));
#15243=CARTESIAN_POINT('',(0.114356196491437,-0.057,0.0113971828919375));
#15244=CARTESIAN_POINT('',(0.115759248358505,-0.057,0.0113971828919375));
#15245=CARTESIAN_POINT('',(0.115759248358505,-0.057,0.0113971828919375));
#15246=CARTESIAN_POINT('',(0.115754425712979,-0.057,0.00712896128004262));
#15247=CARTESIAN_POINT('',(0.116665271394232,-0.057,0.0112990609639792));
#15248=CARTESIAN_POINT('',(0.116665271394232,-0.057,0.0112990609639792));
#15249=CARTESIAN_POINT('',(0.117118282912096,-0.057,0.0112009390360208));
#15250=CARTESIAN_POINT('',(0.117375050574043,-0.057,0.0110688870955909));
#15251=CARTESIAN_POINT('',(0.117375050574043,-0.057,0.0110688870955909));
#15252=CARTESIAN_POINT('',(0.117229243223152,-0.057,0.0106653950553884));
#15253=CARTESIAN_POINT('',(0.117083534401408,-0.057,0.0102621756710635));
#15254=CARTESIAN_POINT('',(0.115463113474488,-0.057,0.00615551090292901));
#15255=CARTESIAN_POINT('',(0.116395568530885,-0.057,0.0104705835665831));
#15256=CARTESIAN_POINT('',(0.115673329116492,-0.057,0.0074414496696587));
#15257=CARTESIAN_POINT('',(0.115737239701767,-0.057,0.0105535177169687));
#15258=CARTESIAN_POINT('',(0.115737239701767,-0.057,0.0105535177169687));
#15259=CARTESIAN_POINT('',(0.113822486565533,-0.057,0.0105535177169687));
#15260=CARTESIAN_POINT('',(0.113822486565533,-0.057,0.00811239087374367));
#15261=CARTESIAN_POINT('',(0.113822486565533,-0.057,0.00811239087374367));
#15262=CARTESIAN_POINT('',(0.113822486565533,-0.057,0.00811239087374367));
#15263=CARTESIAN_POINT('',(0.113822486565533,-0.057,0.00695510234025384));
#15264=CARTESIAN_POINT('',(0.114289253493858,-0.057,0.00633610886948867));
#15265=CARTESIAN_POINT('',(0.114289253493858,-0.057,0.00633610886948867));
#15266=CARTESIAN_POINT('',(0.114289253493858,-0.057,0.00633610886948867));
#15267=CARTESIAN_POINT('',(0.114756020422183,-0.057,0.0057171153987235));
#15268=CARTESIAN_POINT('',(0.11567304778628,-0.057,0.0057171153987235));
#15269=CARTESIAN_POINT('',(0.11567304778628,-0.057,0.0057171153987235));
#15270=CARTESIAN_POINT('',(0.11567304778628,-0.057,0.0057171153987235));
#15271=CARTESIAN_POINT('',(0.116458023209947,-0.057,0.0057171153987235));
#15272=CARTESIAN_POINT('',(0.117283347837633,-0.057,0.00605458146871103));
#15273=CARTESIAN_POINT('',(0.117283347837633,-0.057,0.00605458146871103));
#15274=CARTESIAN_POINT('',(0.117283347837633,-0.057,0.00563366590859072));
#15275=CARTESIAN_POINT('',(0.119726308735587,-0.057,0.0094595040716015));
#15276=CARTESIAN_POINT('',(0.119726308735587,-0.057,0.013919008143203));
#15277=CARTESIAN_POINT('',(0.119726308735587,-0.057,0.005));
#15278=CARTESIAN_POINT('',(0.11925037153362,-0.057,0.005));
#15279=CARTESIAN_POINT('',(0.118774434331654,-0.057,0.005));
#15280=CARTESIAN_POINT('',(0.118774434331654,-0.057,0.0094595040716015));
#15281=CARTESIAN_POINT('',(0.118774434331654,-0.057,0.013919008143203));
#15282=CARTESIAN_POINT('',(0.11925037153362,-0.057,0.013919008143203));
#15283=CARTESIAN_POINT('',(0.122157348277807,-0.057,0.0112816374440613));
#15284=CARTESIAN_POINT('',(0.121675908911656,-0.057,0.0112816374440613));
#15285=CARTESIAN_POINT('',(0.122638787643957,-0.057,0.0112816374440613));
#15286=CARTESIAN_POINT('',(0.122638787643957,-0.057,0.00924400264103881));
#15287=CARTESIAN_POINT('',(0.122638787643957,-0.057,0.00720636783801629));
#15288=CARTESIAN_POINT('',(0.122638787643957,-0.057,0.00720636783801629));
#15289=CARTESIAN_POINT('',(0.122638787643957,-0.057,0.00643789890690339));
#15290=CARTESIAN_POINT('',(0.122988175069678,-0.057,0.00606008363289561));
#15291=CARTESIAN_POINT('',(0.122988175069678,-0.057,0.00606008363289561));
#15292=CARTESIAN_POINT('',(0.122988175069678,-0.057,0.00606008363289561));
#15293=CARTESIAN_POINT('',(0.123337562495399,-0.057,0.00568226835888783));
#15294=CARTESIAN_POINT('',(0.124082188715045,-0.057,0.00568226835888783));
#15295=CARTESIAN_POINT('',(0.124082188715045,-0.057,0.00568226835888783));
#15296=CARTESIAN_POINT('',(0.124082188715045,-0.057,0.00568226835888783));
#15297=CARTESIAN_POINT('',(0.125068910158813,-0.057,0.00568226835888783));
#15298=CARTESIAN_POINT('',(0.125523755731405,-0.057,0.00622056342161251));
#15299=CARTESIAN_POINT('',(0.125523755731405,-0.057,0.00622056342161251));
#15300=CARTESIAN_POINT('',(0.125523755731405,-0.057,0.00622056342161251));
#15301=CARTESIAN_POINT('',(0.125978601303997,-0.057,0.00675885848433718));
#15302=CARTESIAN_POINT('',(0.125978601303997,-0.057,0.00798033893331377));
#15303=CARTESIAN_POINT('',(0.125978601303997,-0.057,0.00798033893331377));
#15304=CARTESIAN_POINT('',(0.125978601303997,-0.057,0.00963098818868755));
#15305=CARTESIAN_POINT('',(0.125978601303997,-0.057,0.0112816374440613));
#15306=CARTESIAN_POINT('',(0.126454538505963,-0.057,0.0112816374440613));
#15307=CARTESIAN_POINT('',(0.126930475707929,-0.057,0.0112816374440613));
#15308=CARTESIAN_POINT('',(0.126930475707929,-0.057,0.00814081872203067));
#15309=CARTESIAN_POINT('',(0.126930475707929,-0.057,0.005));
#15310=CARTESIAN_POINT('',(0.126537987996096,-0.057,0.005));
#15311=CARTESIAN_POINT('',(0.126145500284262,-0.057,0.005));
#15312=CARTESIAN_POINT('',(0.126076723231955,-0.057,0.00542091556012032));
#15313=CARTESIAN_POINT('',(0.126007946179648,-0.057,0.00584183112024063));
#15314=CARTESIAN_POINT('',(0.125982269413453,-0.057,0.00584183112024063));
#15315=CARTESIAN_POINT('',(0.125957081734631,-0.057,0.00584183112024063));
#15316=CARTESIAN_POINT('',(0.12435766211411,-0.057,0.00685152935919978));
#15317=CARTESIAN_POINT('',(0.125145940457397,-0.057,0.00513113491306581));
#15318=CARTESIAN_POINT('',(0.125145940457397,-0.057,0.00513113491306581));
#15319=CARTESIAN_POINT('',(0.124626902969319,-0.057,0.00488445455212384));
#15320=CARTESIAN_POINT('',(0.123961141102984,-0.057,0.00488445455212384));
#15321=CARTESIAN_POINT('',(0.123961141102984,-0.057,0.00488445455212384));
#15322=CARTESIAN_POINT('',(0.123961141102984,-0.057,0.00488445455212384));
#15323=CARTESIAN_POINT('',(0.122814856897864,-0.057,0.00488445455212384));
#15324=CARTESIAN_POINT('',(0.12224538290476,-0.057,0.00542916880639719));
#15325=CARTESIAN_POINT('',(0.12224538290476,-0.057,0.00542916880639719));
#15326=CARTESIAN_POINT('',(0.12224538290476,-0.057,0.00542916880639719));
#15327=CARTESIAN_POINT('',(0.121675908911656,-0.057,0.00597388306067054));
#15328=CARTESIAN_POINT('',(0.121675908911656,-0.057,0.00717152079818062));
#15329=CARTESIAN_POINT('',(0.121675908911656,-0.057,0.00717152079818062));
#15330=CARTESIAN_POINT('',(0.121675908911656,-0.057,0.00922657912112097));
#15331=CARTESIAN_POINT('',(0.129899810312874,-0.057,0.0104453084880053));
#15332=CARTESIAN_POINT('',(0.13056373812448,-0.057,0.0113843445088401));
#15333=CARTESIAN_POINT('',(0.131871419145681,-0.057,0.0113843445088401));
#15334=CARTESIAN_POINT('',(0.129899810312874,-0.057,0.0104453084880053));
#15335=CARTESIAN_POINT('',(0.131871419145681,-0.057,0.0113843445088401));
#15336=CARTESIAN_POINT('',(0.131871419145681,-0.057,0.0113843445088401));
#15337=CARTESIAN_POINT('',(0.133109406087212,-0.057,0.0113843445088401));
#15338=CARTESIAN_POINT('',(0.133794425528192,-0.057,0.0105388452791431));
#15339=CARTESIAN_POINT('',(0.133794425528192,-0.057,0.0105388452791431));
#15340=CARTESIAN_POINT('',(0.133794425528192,-0.057,0.0105388452791431));
#15341=CARTESIAN_POINT('',(0.134479444969172,-0.057,0.00969334604944611));
#15342=CARTESIAN_POINT('',(0.134479444969172,-0.057,0.00814723791357934));
#15343=CARTESIAN_POINT('',(0.134479444969172,-0.057,0.00814723791357934));
#15344=CARTESIAN_POINT('',(0.134479444969172,-0.057,0.00814723791357934));
#15345=CARTESIAN_POINT('',(0.134479444969172,-0.057,0.00659929572298438));
#15346=CARTESIAN_POINT('',(0.133788923364007,-0.057,0.00574187513755411));
#15347=CARTESIAN_POINT('',(0.133788923364007,-0.057,0.00574187513755411));
#15348=CARTESIAN_POINT('',(0.133788923364007,-0.057,0.00574187513755411));
#15349=CARTESIAN_POINT('',(0.133098401758842,-0.057,0.00488445455212384));
#15350=CARTESIAN_POINT('',(0.131871419145681,-0.057,0.00488445455212384));
#15351=CARTESIAN_POINT('',(0.131871419145681,-0.057,0.00488445455212384));
#15352=CARTESIAN_POINT('',(0.131871419145681,-0.057,0.00488445455212384));
#15353=CARTESIAN_POINT('',(0.131257010811737,-0.057,0.00488445455212384));
#15354=CARTESIAN_POINT('',(0.130749894679391,-0.057,0.00511096031105569));
#15355=CARTESIAN_POINT('',(0.130749894679391,-0.057,0.00511096031105569));
#15356=CARTESIAN_POINT('',(0.13161022281343,-0.057,0.00702183651772138));
#15357=CARTESIAN_POINT('',(0.12990015109734,-0.057,0.00580905981824902));
#15358=CARTESIAN_POINT('',(0.129864963273038,-0.057,0.00580881813513316));
#15359=CARTESIAN_POINT('',(0.129830116233202,-0.057,0.00580881813513316));
#15360=CARTESIAN_POINT('',(0.129730160250516,-0.057,0.00540440906756658));
#15361=CARTESIAN_POINT('',(0.129630204267829,-0.057,0.005));
#15362=CARTESIAN_POINT('',(0.129289070088385,-0.057,0.005));
#15363=CARTESIAN_POINT('',(0.128947935908941,-0.057,0.005));
#15364=CARTESIAN_POINT('',(0.128947935908941,-0.057,0.0094595040716015));
#15365=CARTESIAN_POINT('',(0.128947935908941,-0.057,0.013919008143203));
#15366=CARTESIAN_POINT('',(0.129423873110908,-0.057,0.013919008143203));
#15367=CARTESIAN_POINT('',(0.129899810312874,-0.057,0.013919008143203));
#15368=CARTESIAN_POINT('',(0.129899810312874,-0.057,0.0128350817988409));
#15369=CARTESIAN_POINT('',(0.129899574912059,-0.057,0.0117511543560031));
#15370=CARTESIAN_POINT('',(0.113148170121388,-0.057,0.0116729855109227));
#15371=CARTESIAN_POINT('',(0.12985447417859,-0.057,0.0104453084880053));
#15372=CARTESIAN_POINT('',(0.129876884628771,-0.057,0.0104453084880053));
#15373=CARTESIAN_POINT('',(0.0927546999027791,-0.057,0.00918989802655711));
#15374=CARTESIAN_POINT('',(0.0927546999027791,-0.057,0.0133797960531142));
#15375=CARTESIAN_POINT('',(0.0927546999027791,-0.057,0.005));
#15376=CARTESIAN_POINT('',(0.0922677583724438,-0.057,0.005));
#15377=CARTESIAN_POINT('',(0.0917808168421086,-0.057,0.005));
#15378=CARTESIAN_POINT('',(0.0917808168421086,-0.057,0.00697160883280757));
#15379=CARTESIAN_POINT('',(0.0917808168421086,-0.057,0.00894321766561514));
#15380=CARTESIAN_POINT('',(0.0895735319767282,-0.057,0.00894321766561514));
#15381=CARTESIAN_POINT('',(0.0873662471113478,-0.057,0.00894321766561514));
#15382=CARTESIAN_POINT('',(0.0873662471113478,-0.057,0.00697160883280757));
#15383=CARTESIAN_POINT('',(0.0873662471113478,-0.057,0.005));
#15384=CARTESIAN_POINT('',(0.0868793055810126,-0.057,0.005));
#15385=CARTESIAN_POINT('',(0.0863923640506773,-0.057,0.005));
#15386=CARTESIAN_POINT('',(0.0863923640506773,-0.057,0.00918989802655711));
#15387=CARTESIAN_POINT('',(0.0863923640506773,-0.057,0.0133797960531142));
#15388=CARTESIAN_POINT('',(0.0868793055810126,-0.057,0.0133797960531142));
#15389=CARTESIAN_POINT('',(0.0873662471113478,-0.057,0.0133797960531142));
#15390=CARTESIAN_POINT('',(0.0873662471113478,-0.057,0.0115970948573105));
#15391=CARTESIAN_POINT('',(0.0873662471113478,-0.057,0.00981439366150686));
#15392=CARTESIAN_POINT('',(0.0895735319767282,-0.057,0.00981439366150686));
#15393=CARTESIAN_POINT('',(0.0917808168421086,-0.057,0.00981439366150686));
#15394=CARTESIAN_POINT('',(0.0917808168421086,-0.057,0.0115970948573105));
#15395=CARTESIAN_POINT('',(0.0917808168421086,-0.057,0.0133797960531142));
#15396=CARTESIAN_POINT('',(0.0922677583724438,-0.057,0.0133797960531142));
#15397=CARTESIAN_POINT('',(2.77555756156289E-17,-6.93889390390723E-18,0.));
#15398=CARTESIAN_POINT('',(0.163447191923669,0.0436653148695363,0.));
#15399=CARTESIAN_POINT('',(0.166447191923669,0.0436653148695363,0.));
#15400=CARTESIAN_POINT('',(-0.062,-0.0533,0.));
#15401=CARTESIAN_POINT('',(-0.0609224692087908,-0.0555558651098849,0.));
#15402=CARTESIAN_POINT('',(-0.0605775307912092,-0.0512441348901151,0.));
#15403=CARTESIAN_POINT('',(-0.0595,-0.0535,0.));
#15404=CARTESIAN_POINT('',(0.006,-0.0533,0.));
#15405=CARTESIAN_POINT('',(0.00707753079120926,-0.0555558651098849,0.));
#15406=CARTESIAN_POINT('',(0.00742246920879081,-0.0512441348901151,0.));
#15407=CARTESIAN_POINT('',(0.0085,-0.0535,0.));
#15408=CARTESIAN_POINT('',(0.074,-0.0533,0.));
#15409=CARTESIAN_POINT('',(0.0750775307912093,-0.0555558651098849,0.));
#15410=CARTESIAN_POINT('',(0.0754224692087908,-0.0512441348901151,0.));
#15411=CARTESIAN_POINT('',(0.0765,-0.0535,0.));
#15412=CARTESIAN_POINT('',(0.142,-0.0533,0.));
#15413=CARTESIAN_POINT('',(0.143077530791209,-0.055555865109885,0.));
#15414=CARTESIAN_POINT('',(0.143422469208791,-0.0512441348901151,0.));
#15415=CARTESIAN_POINT('',(0.1445,-0.0535,0.));
#15416=CARTESIAN_POINT('',(-0.13,-0.0533,0.));
#15417=CARTESIAN_POINT('',(-0.128922469208791,-0.055555865109885,0.));
#15418=CARTESIAN_POINT('',(-0.128577530791209,-0.0512441348901151,0.));
#15419=CARTESIAN_POINT('',(-0.1275,-0.0535,0.));
#15420=CARTESIAN_POINT('',(-0.162,0.0407,0.));
#15421=CARTESIAN_POINT('',(-0.15275,0.0407,0.));
#15422=CARTESIAN_POINT('',(0.048,0.0027,0.));
#15423=CARTESIAN_POINT('',(0.05725,0.0027,0.));
#15424=CARTESIAN_POINT('',(0.083,0.0027,0.));
#15425=CARTESIAN_POINT('',(0.09225,0.0027,0.));
#15426=CARTESIAN_POINT('',(0.118,0.0027,0.));
#15427=CARTESIAN_POINT('',(0.12725,0.0027,0.));
#15428=CARTESIAN_POINT('',(0.1005,-0.0423,0.));
#15429=CARTESIAN_POINT('',(0.10975,-0.0423,0.));
#15430=CARTESIAN_POINT('',(0.013,0.0027,0.));
#15431=CARTESIAN_POINT('',(0.02225,0.0027,0.));
#15432=CARTESIAN_POINT('',(-0.022,0.0027,0.));
#15433=CARTESIAN_POINT('',(-0.01275,0.0027,0.));
#15434=CARTESIAN_POINT('',(-0.057,0.0027,0.));
#15435=CARTESIAN_POINT('',(-0.04775,0.0027,0.));
#15436=CARTESIAN_POINT('',(-0.092,0.0027,0.));
#15437=CARTESIAN_POINT('',(-0.08275,0.0027,0.));
#15438=CARTESIAN_POINT('',(-0.1095,0.0147,0.));
#15439=CARTESIAN_POINT('',(-0.10025,0.0147,0.));
#15440=CARTESIAN_POINT('',(-0.1095,0.0337,0.));
#15441=CARTESIAN_POINT('',(-0.10025,0.0337,0.));
#15442=CARTESIAN_POINT('',(-0.1445,-0.0423,0.));
#15443=CARTESIAN_POINT('',(-0.13525,-0.0423,0.));
#15444=CARTESIAN_POINT('',(-0.1445,-0.0233,0.));
#15445=CARTESIAN_POINT('',(-0.13525,-0.0233,0.));
#15446=CARTESIAN_POINT('',(-0.127,0.0027,0.));
#15447=CARTESIAN_POINT('',(-0.11775,0.0027,0.));
#15448=CARTESIAN_POINT('',(-0.162,0.0027,0.));
#15449=CARTESIAN_POINT('',(-0.15275,0.0027,0.));
#15450=CARTESIAN_POINT('',(-0.1445,0.0337,0.));
#15451=CARTESIAN_POINT('',(-0.13525,0.0337,0.));
#15452=CARTESIAN_POINT('',(-0.1445,0.0147,0.));
#15453=CARTESIAN_POINT('',(-0.13525,0.0147,0.));
#15454=CARTESIAN_POINT('',(0.1355,-0.0043,0.));
#15455=CARTESIAN_POINT('',(0.14475,-0.0043,0.));
#15456=CARTESIAN_POINT('',(0.1005,-0.0043,0.));
#15457=CARTESIAN_POINT('',(0.10975,-0.0043,0.));
#15458=CARTESIAN_POINT('',(0.0655,-0.0043,0.));
#15459=CARTESIAN_POINT('',(0.07475,-0.0043,0.));
#15460=CARTESIAN_POINT('',(0.0305,-0.0043,0.));
#15461=CARTESIAN_POINT('',(0.03975,-0.0043,0.));
#15462=CARTESIAN_POINT('',(-0.00449999999999992,-0.0043,0.));
#15463=CARTESIAN_POINT('',(0.00475000000000008,-0.0043,0.));
#15464=CARTESIAN_POINT('',(-0.0395,-0.0043,0.));
#15465=CARTESIAN_POINT('',(-0.03025,-0.0043,0.));
#15466=CARTESIAN_POINT('',(-0.0745,-0.0043,0.));
#15467=CARTESIAN_POINT('',(-0.06525,-0.0043,0.));
#15468=CARTESIAN_POINT('',(-0.1095,-0.00430000000000005,0.));
#15469=CARTESIAN_POINT('',(-0.10025,-0.00430000000000005,0.));
#15470=CARTESIAN_POINT('',(-0.1445,-0.00430000000000007,0.));
#15471=CARTESIAN_POINT('',(-0.13525,-0.00430000000000007,0.));
#15472=CARTESIAN_POINT('',(0.013,0.0217,0.));
#15473=CARTESIAN_POINT('',(0.02225,0.0217,0.));
#15474=CARTESIAN_POINT('',(0.013,-0.0163,0.));
#15475=CARTESIAN_POINT('',(0.02225,-0.0163,0.));
#15476=CARTESIAN_POINT('',(0.013,-0.0353,0.));
#15477=CARTESIAN_POINT('',(0.02225,-0.0353,0.));
#15478=CARTESIAN_POINT('',(0.048,0.0407,0.));
#15479=CARTESIAN_POINT('',(0.05725,0.0407,0.));
#15480=CARTESIAN_POINT('',(-0.022,0.0217,0.));
#15481=CARTESIAN_POINT('',(-0.01275,0.0217,0.));
#15482=CARTESIAN_POINT('',(-0.022,-0.0163,0.));
#15483=CARTESIAN_POINT('',(-0.01275,-0.0163,0.));
#15484=CARTESIAN_POINT('',(-0.022,-0.0353,0.));
#15485=CARTESIAN_POINT('',(-0.01275,-0.0353,0.));
#15486=CARTESIAN_POINT('',(0.013,0.0407,0.));
#15487=CARTESIAN_POINT('',(0.02225,0.0407,0.));
#15488=CARTESIAN_POINT('',(0.083,0.0217,0.));
#15489=CARTESIAN_POINT('',(0.09225,0.0217,0.));
#15490=CARTESIAN_POINT('',(0.083,-0.0163,0.));
#15491=CARTESIAN_POINT('',(0.09225,-0.0163,0.));
#15492=CARTESIAN_POINT('',(0.083,-0.0353,0.));
#15493=CARTESIAN_POINT('',(0.09225,-0.0353,0.));
#15494=CARTESIAN_POINT('',(0.048,0.0217,0.));
#15495=CARTESIAN_POINT('',(0.05725,0.0217,0.));
#15496=CARTESIAN_POINT('',(0.048,-0.0163,0.));
#15497=CARTESIAN_POINT('',(0.05725,-0.0163,0.));
#15498=CARTESIAN_POINT('',(0.048,-0.0353,0.));
#15499=CARTESIAN_POINT('',(0.05725,-0.0353,0.));
#15500=CARTESIAN_POINT('',(0.083,0.0407,0.));
#15501=CARTESIAN_POINT('',(0.09225,0.0407,0.));
#15502=CARTESIAN_POINT('',(-0.127,0.0217,0.));
#15503=CARTESIAN_POINT('',(-0.11775,0.0217,0.));
#15504=CARTESIAN_POINT('',(-0.127,-0.0163,0.));
#15505=CARTESIAN_POINT('',(-0.11775,-0.0163,0.));
#15506=CARTESIAN_POINT('',(-0.127,-0.0353,0.));
#15507=CARTESIAN_POINT('',(-0.11775,-0.0353,0.));
#15508=CARTESIAN_POINT('',(-0.092,0.0407,0.));
#15509=CARTESIAN_POINT('',(-0.08275,0.0407,0.));
#15510=CARTESIAN_POINT('',(-0.162,0.0217,0.));
#15511=CARTESIAN_POINT('',(-0.15275,0.0217,0.));
#15512=CARTESIAN_POINT('',(-0.162,-0.0163,0.));
#15513=CARTESIAN_POINT('',(-0.15275,-0.0163,0.));
#15514=CARTESIAN_POINT('',(-0.162,-0.0353,0.));
#15515=CARTESIAN_POINT('',(-0.15275,-0.0353,0.));
#15516=CARTESIAN_POINT('',(-0.127,0.0407,0.));
#15517=CARTESIAN_POINT('',(-0.11775,0.0407,0.));
#15518=CARTESIAN_POINT('',(-0.057,0.0217,0.));
#15519=CARTESIAN_POINT('',(-0.04775,0.0217,0.));
#15520=CARTESIAN_POINT('',(-0.057,-0.0163,0.));
#15521=CARTESIAN_POINT('',(-0.04775,-0.0163,0.));
#15522=CARTESIAN_POINT('',(-0.057,-0.0353,0.));
#15523=CARTESIAN_POINT('',(-0.04775,-0.0353,0.));
#15524=CARTESIAN_POINT('',(-0.022,0.0407,0.));
#15525=CARTESIAN_POINT('',(-0.01275,0.0407,0.));
#15526=CARTESIAN_POINT('',(-0.092,0.0217,0.));
#15527=CARTESIAN_POINT('',(-0.08275,0.0217,0.));
#15528=CARTESIAN_POINT('',(-0.092,-0.0163,0.));
#15529=CARTESIAN_POINT('',(-0.08275,-0.0163,0.));
#15530=CARTESIAN_POINT('',(-0.092,-0.0353,0.));
#15531=CARTESIAN_POINT('',(-0.08275,-0.0353,0.));
#15532=CARTESIAN_POINT('',(-0.057,0.0407,0.));
#15533=CARTESIAN_POINT('',(-0.04775,0.0407,0.));
#15534=CARTESIAN_POINT('',(-0.0395,-0.0233,0.));
#15535=CARTESIAN_POINT('',(-0.03025,-0.0233,0.));
#15536=CARTESIAN_POINT('',(-0.0395,-0.0423,0.));
#15537=CARTESIAN_POINT('',(-0.03025,-0.0423,0.));
#15538=CARTESIAN_POINT('',(-0.00449999999999992,0.0337,0.));
#15539=CARTESIAN_POINT('',(0.00475000000000008,0.0337,0.));
#15540=CARTESIAN_POINT('',(-0.00449999999999992,0.0147,0.));
#15541=CARTESIAN_POINT('',(0.00475000000000008,0.0147,0.));
#15542=CARTESIAN_POINT('',(-0.00449999999999992,-0.0233,0.));
#15543=CARTESIAN_POINT('',(0.00475000000000008,-0.0233,0.));
#15544=CARTESIAN_POINT('',(-0.00449999999999992,-0.0423,0.));
#15545=CARTESIAN_POINT('',(0.00475000000000008,-0.0423,0.));
#15546=CARTESIAN_POINT('',(0.0305,0.0337,0.));
#15547=CARTESIAN_POINT('',(0.03975,0.0337,0.));
#15548=CARTESIAN_POINT('',(0.0305,0.0147,0.));
#15549=CARTESIAN_POINT('',(0.03975,0.0147,0.));
#15550=CARTESIAN_POINT('',(-0.1095,-0.0233,0.));
#15551=CARTESIAN_POINT('',(-0.10025,-0.0233,0.));
#15552=CARTESIAN_POINT('',(-0.1095,-0.0423,0.));
#15553=CARTESIAN_POINT('',(-0.10025,-0.0423,0.));
#15554=CARTESIAN_POINT('',(-0.0745,0.0337,0.));
#15555=CARTESIAN_POINT('',(-0.06525,0.0337,0.));
#15556=CARTESIAN_POINT('',(-0.0745,0.0147,0.));
#15557=CARTESIAN_POINT('',(-0.06525,0.0147,0.));
#15558=CARTESIAN_POINT('',(-0.0745,-0.0233,0.));
#15559=CARTESIAN_POINT('',(-0.06525,-0.0233,0.));
#15560=CARTESIAN_POINT('',(-0.0745,-0.0423,0.));
#15561=CARTESIAN_POINT('',(-0.06525,-0.0423,0.));
#15562=CARTESIAN_POINT('',(-0.0395,0.0337,0.));
#15563=CARTESIAN_POINT('',(-0.03025,0.0337,0.));
#15564=CARTESIAN_POINT('',(-0.0395,0.0147,0.));
#15565=CARTESIAN_POINT('',(-0.03025,0.0147,0.));
#15566=CARTESIAN_POINT('',(0.1355,-0.0233,0.));
#15567=CARTESIAN_POINT('',(0.14475,-0.0233,0.));
#15568=CARTESIAN_POINT('',(0.1355,0.0147,0.));
#15569=CARTESIAN_POINT('',(0.14475,0.0147,0.));
#15570=CARTESIAN_POINT('',(0.1005,-0.0233,0.));
#15571=CARTESIAN_POINT('',(0.10975,-0.0233,0.));
#15572=CARTESIAN_POINT('',(0.118,-0.0353,0.));
#15573=CARTESIAN_POINT('',(0.12725,-0.0353,0.));
#15574=CARTESIAN_POINT('',(0.1355,-0.0423,0.));
#15575=CARTESIAN_POINT('',(0.14475,-0.0423,0.));
#15576=CARTESIAN_POINT('',(0.118,-0.0163,0.));
#15577=CARTESIAN_POINT('',(0.12725,-0.0163,0.));
#15578=CARTESIAN_POINT('',(0.118,0.0217,0.));
#15579=CARTESIAN_POINT('',(0.12725,0.0217,0.));
#15580=CARTESIAN_POINT('',(0.0305,-0.0233,0.));
#15581=CARTESIAN_POINT('',(0.03975,-0.0233,0.));
#15582=CARTESIAN_POINT('',(0.0305,-0.0423,0.));
#15583=CARTESIAN_POINT('',(0.03975,-0.0423,0.));
#15584=CARTESIAN_POINT('',(0.0655,0.0337,0.));
#15585=CARTESIAN_POINT('',(0.07475,0.0337,0.));
#15586=CARTESIAN_POINT('',(0.0655,0.0147,0.));
#15587=CARTESIAN_POINT('',(0.07475,0.0147,0.));
#15588=CARTESIAN_POINT('',(0.0655,-0.0233,0.));
#15589=CARTESIAN_POINT('',(0.07475,-0.0233,0.));
#15590=CARTESIAN_POINT('',(0.0655,-0.0423,0.));
#15591=CARTESIAN_POINT('',(0.07475,-0.0423,0.));
#15592=CARTESIAN_POINT('',(0.1005,0.0337,0.));
#15593=CARTESIAN_POINT('',(0.10975,0.0337,0.));
#15594=CARTESIAN_POINT('',(0.1005,0.0147,0.));
#15595=CARTESIAN_POINT('',(0.10975,0.0147,0.));
#15596=CARTESIAN_POINT('',(0.0803390544168112,-0.11210888506784,0.));
#15597=CARTESIAN_POINT('',(0.18,-0.040690226987406,0.));
#15598=CARTESIAN_POINT('',(-0.18,-0.0285,0.));
#15599=CARTESIAN_POINT('',(-0.18,0.057,0.));
#15600=CARTESIAN_POINT('',(2.77555756156289E-17,0.057,0.));
#15601=CARTESIAN_POINT('',(0.157240577681372,0.057,0.));
#15602=CARTESIAN_POINT('',(0.0803390544168112,0.11210888506784,0.));
#15603=CARTESIAN_POINT('',(0.18,0.0406902269874061,0.));
#15604=CARTESIAN_POINT('',(0.18,-0.0285,0.));
#15605=CARTESIAN_POINT('',(0.1445,0.0535,0.));
#15606=CARTESIAN_POINT('',(0.143077530791209,0.055555865109885,0.));
#15607=CARTESIAN_POINT('',(0.143422469208791,0.0512441348901151,0.));
#15608=CARTESIAN_POINT('',(0.142,0.0533,0.));
#15609=CARTESIAN_POINT('',(0.0765,0.0535,0.));
#15610=CARTESIAN_POINT('',(0.0750775307912093,0.0555558651098849,0.));
#15611=CARTESIAN_POINT('',(0.0754224692087908,0.0512441348901151,0.));
#15612=CARTESIAN_POINT('',(0.074,0.0533,0.));
#15613=CARTESIAN_POINT('',(0.0085,0.0535,0.));
#15614=CARTESIAN_POINT('',(0.00707753079120926,0.0555558651098849,0.));
#15615=CARTESIAN_POINT('',(0.00742246920879081,0.0512441348901151,0.));
#15616=CARTESIAN_POINT('',(0.006,0.0533,0.));
#15617=CARTESIAN_POINT('',(-0.0595,0.0535,0.));
#15618=CARTESIAN_POINT('',(-0.0609224692087908,0.0555558651098849,0.));
#15619=CARTESIAN_POINT('',(-0.0605775307912092,0.0512441348901151,0.));
#15620=CARTESIAN_POINT('',(-0.062,0.0533,0.));
#15621=CARTESIAN_POINT('',(-0.1275,0.0535,0.));
#15622=CARTESIAN_POINT('',(-0.128922469208791,0.055555865109885,0.));
#15623=CARTESIAN_POINT('',(-0.128577530791209,0.0512441348901151,0.));
#15624=CARTESIAN_POINT('',(-0.13,0.0533,0.));
#15625=CARTESIAN_POINT('',(0.118,0.0407,0.));
#15626=CARTESIAN_POINT('',(0.126517006456484,0.0443087533886656,0.));
#15627=CARTESIAN_POINT('',(0.127197921386545,0.0416801745594262,0.));
#15628=CARTESIAN_POINT('',(0.129447191923669,0.0436653148695363,0.));
#15629=CARTESIAN_POINT('',(0.12941359969475,0.0406655029484058,0.));
#15630=CARTESIAN_POINT('',(0.1355,0.0337,0.));
#15631=CARTESIAN_POINT('',(0.1321247020545,0.0423121927393148,0.));
#15632=CARTESIAN_POINT('',(0.129447191923669,0.0436653148695363,0.));
#15633=CARTESIAN_POINT('',(0.118,0.0407,0.065));
#15634=CARTESIAN_POINT('',(0.118,0.0407,0.065));
#15635=CARTESIAN_POINT('',(0.126517006456484,0.0443087533886656,0.065));
#15636=CARTESIAN_POINT('',(0.127197921386545,0.0416801745594262,0.065));
#15637=CARTESIAN_POINT('',(0.127197921386545,0.0416801745594262,0.0542));
#15638=CARTESIAN_POINT('',(0.126517006456484,0.0443087533886656,0.0542));
#15639=CARTESIAN_POINT('',(0.1355,0.0337,0.065));
#15640=CARTESIAN_POINT('',(0.1355,0.0337,0.065));
#15641=CARTESIAN_POINT('',(0.12941359969475,0.0406655029484058,0.065));
#15642=CARTESIAN_POINT('',(0.1321247020545,0.0423121927393148,0.065));
#15643=CARTESIAN_POINT('',(0.1321247020545,0.0423121927393148,0.0542));
#15644=CARTESIAN_POINT('',(0.12941359969475,0.0406655029484058,0.0542));
#15645=CARTESIAN_POINT('',(2.77555756156289E-17,-6.93889390390723E-18,0.065));
#15646=CARTESIAN_POINT('',(-0.062,0.0533,0.065));
#15647=CARTESIAN_POINT('',(-0.0609224692087908,0.0555558651098849,0.065));
#15648=CARTESIAN_POINT('',(-0.0605775307912092,0.0512441348901151,0.065));
#15649=CARTESIAN_POINT('',(-0.0595,0.0535,0.065));
#15650=CARTESIAN_POINT('',(0.074,0.0533,0.065));
#15651=CARTESIAN_POINT('',(0.0750775307912093,0.0555558651098849,0.065));
#15652=CARTESIAN_POINT('',(0.0754224692087908,0.0512441348901151,0.065));
#15653=CARTESIAN_POINT('',(0.0765,0.0535,0.065));
#15654=CARTESIAN_POINT('',(0.168620288840686,-0.048845113493703,0.065));
#15655=CARTESIAN_POINT('',(0.18,-0.040690226987406,0.065));
#15656=CARTESIAN_POINT('',(0.18,-0.0285,0.065));
#15657=CARTESIAN_POINT('',(0.18,0.0406902269874061,0.065));
#15658=CARTESIAN_POINT('',(0.168620288840686,0.0488451134937031,0.065));
#15659=CARTESIAN_POINT('',(0.157240577681372,0.057,0.065));
#15660=CARTESIAN_POINT('',(2.77555756156289E-17,0.057,0.065));
#15661=CARTESIAN_POINT('',(-0.18,0.057,0.065));
#15662=CARTESIAN_POINT('',(-0.18,-0.0285,0.065));
#15663=CARTESIAN_POINT('',(0.167632122199922,0.0442844581687649,0.065));
#15664=CARTESIAN_POINT('',(0.160264244399843,0.05,0.065));
#15665=CARTESIAN_POINT('',(0.175,0.0385689163375297,0.065));
#15666=CARTESIAN_POINT('',(0.175,2.77555756156289E-17,0.065));
#15667=CARTESIAN_POINT('',(0.175,-0.0385689163375297,0.065));
#15668=CARTESIAN_POINT('',(0.167632122199922,-0.0442844581687648,0.065));
#15669=CARTESIAN_POINT('',(0.160264244399843,-0.05,0.065));
#15670=CARTESIAN_POINT('',(0.153132122199921,-0.05,0.065));
#15671=CARTESIAN_POINT('',(0.146,-0.05,0.065));
#15672=CARTESIAN_POINT('',(0.146,0.,0.065));
#15673=CARTESIAN_POINT('',(0.146,0.05,0.065));
#15674=CARTESIAN_POINT('',(0.153132122199921,0.05,0.065));
#15675=CARTESIAN_POINT('',(0.1445,-0.0535,0.065));
#15676=CARTESIAN_POINT('',(0.143077530791209,-0.055555865109885,0.065));
#15677=CARTESIAN_POINT('',(0.143422469208791,-0.0512441348901151,0.065));
#15678=CARTESIAN_POINT('',(0.142,-0.0533,0.065));
#15679=CARTESIAN_POINT('',(0.0765,-0.0535,0.065));
#15680=CARTESIAN_POINT('',(0.0750775307912093,-0.0555558651098849,0.065));
#15681=CARTESIAN_POINT('',(0.0754224692087908,-0.0512441348901151,0.065));
#15682=CARTESIAN_POINT('',(0.074,-0.0533,0.065));
#15683=CARTESIAN_POINT('',(0.0085,-0.0535,0.065));
#15684=CARTESIAN_POINT('',(0.00707753079120926,-0.0555558651098849,0.065));
#15685=CARTESIAN_POINT('',(0.00742246920879081,-0.0512441348901151,0.065));
#15686=CARTESIAN_POINT('',(0.006,-0.0533,0.065));
#15687=CARTESIAN_POINT('',(-0.0595,-0.0535,0.065));
#15688=CARTESIAN_POINT('',(-0.0609224692087908,-0.0555558651098849,0.065));
#15689=CARTESIAN_POINT('',(-0.0605775307912092,-0.0512441348901151,0.065));
#15690=CARTESIAN_POINT('',(-0.062,-0.0533,0.065));
#15691=CARTESIAN_POINT('',(-0.1275,-0.0535,0.065));
#15692=CARTESIAN_POINT('',(-0.128922469208791,-0.055555865109885,0.065));
#15693=CARTESIAN_POINT('',(-0.128577530791209,-0.0512441348901151,0.065));
#15694=CARTESIAN_POINT('',(-0.13,-0.0533,0.065));
#15695=CARTESIAN_POINT('',(-0.162,0.0407,0.065));
#15696=CARTESIAN_POINT('',(-0.15275,0.0407,0.065));
#15697=CARTESIAN_POINT('',(0.048,0.0027,0.065));
#15698=CARTESIAN_POINT('',(0.05725,0.0027,0.065));
#15699=CARTESIAN_POINT('',(0.083,0.0027,0.065));
#15700=CARTESIAN_POINT('',(0.09225,0.0027,0.065));
#15701=CARTESIAN_POINT('',(0.118,0.0027,0.065));
#15702=CARTESIAN_POINT('',(0.12725,0.0027,0.065));
#15703=CARTESIAN_POINT('',(0.1005,-0.0423,0.065));
#15704=CARTESIAN_POINT('',(0.10975,-0.0423,0.065));
#15705=CARTESIAN_POINT('',(0.013,0.0027,0.065));
#15706=CARTESIAN_POINT('',(0.02225,0.0027,0.065));
#15707=CARTESIAN_POINT('',(-0.022,0.0027,0.065));
#15708=CARTESIAN_POINT('',(-0.01275,0.0027,0.065));
#15709=CARTESIAN_POINT('',(-0.057,0.0027,0.065));
#15710=CARTESIAN_POINT('',(-0.04775,0.0027,0.065));
#15711=CARTESIAN_POINT('',(-0.092,0.0027,0.065));
#15712=CARTESIAN_POINT('',(-0.08275,0.0027,0.065));
#15713=CARTESIAN_POINT('',(-0.1095,0.0147,0.065));
#15714=CARTESIAN_POINT('',(-0.10025,0.0147,0.065));
#15715=CARTESIAN_POINT('',(-0.1095,0.0337,0.065));
#15716=CARTESIAN_POINT('',(-0.10025,0.0337,0.065));
#15717=CARTESIAN_POINT('',(-0.1445,-0.0423,0.065));
#15718=CARTESIAN_POINT('',(-0.13525,-0.0423,0.065));
#15719=CARTESIAN_POINT('',(-0.1445,-0.0233,0.065));
#15720=CARTESIAN_POINT('',(-0.13525,-0.0233,0.065));
#15721=CARTESIAN_POINT('',(-0.127,0.0027,0.065));
#15722=CARTESIAN_POINT('',(-0.11775,0.0027,0.065));
#15723=CARTESIAN_POINT('',(-0.162,0.0027,0.065));
#15724=CARTESIAN_POINT('',(-0.15275,0.0027,0.065));
#15725=CARTESIAN_POINT('',(-0.1445,0.0337,0.065));
#15726=CARTESIAN_POINT('',(-0.13525,0.0337,0.065));
#15727=CARTESIAN_POINT('',(-0.1445,0.0147,0.065));
#15728=CARTESIAN_POINT('',(-0.13525,0.0147,0.065));
#15729=CARTESIAN_POINT('',(0.1355,-0.0043,0.065));
#15730=CARTESIAN_POINT('',(0.14475,-0.0043,0.065));
#15731=CARTESIAN_POINT('',(0.1005,-0.0043,0.065));
#15732=CARTESIAN_POINT('',(0.10975,-0.0043,0.065));
#15733=CARTESIAN_POINT('',(0.0655,-0.0043,0.065));
#15734=CARTESIAN_POINT('',(0.07475,-0.0043,0.065));
#15735=CARTESIAN_POINT('',(0.0305,-0.0043,0.065));
#15736=CARTESIAN_POINT('',(0.03975,-0.0043,0.065));
#15737=CARTESIAN_POINT('',(-0.00449999999999992,-0.0043,0.065));
#15738=CARTESIAN_POINT('',(0.00475000000000008,-0.0043,0.065));
#15739=CARTESIAN_POINT('',(-0.0395,-0.0043,0.065));
#15740=CARTESIAN_POINT('',(-0.03025,-0.0043,0.065));
#15741=CARTESIAN_POINT('',(-0.0745,-0.0043,0.065));
#15742=CARTESIAN_POINT('',(-0.06525,-0.0043,0.065));
#15743=CARTESIAN_POINT('',(-0.1095,-0.00430000000000005,0.065));
#15744=CARTESIAN_POINT('',(-0.10025,-0.00430000000000005,0.065));
#15745=CARTESIAN_POINT('',(-0.1445,-0.00430000000000007,0.065));
#15746=CARTESIAN_POINT('',(-0.13525,-0.00430000000000007,0.065));
#15747=CARTESIAN_POINT('',(0.013,0.0217,0.065));
#15748=CARTESIAN_POINT('',(0.02225,0.0217,0.065));
#15749=CARTESIAN_POINT('',(0.013,-0.0163,0.065));
#15750=CARTESIAN_POINT('',(0.02225,-0.0163,0.065));
#15751=CARTESIAN_POINT('',(0.013,-0.0353,0.065));
#15752=CARTESIAN_POINT('',(0.02225,-0.0353,0.065));
#15753=CARTESIAN_POINT('',(0.048,0.0407,0.065));
#15754=CARTESIAN_POINT('',(0.05725,0.0407,0.065));
#15755=CARTESIAN_POINT('',(-0.022,0.0217,0.065));
#15756=CARTESIAN_POINT('',(-0.01275,0.0217,0.065));
#15757=CARTESIAN_POINT('',(-0.022,-0.0163,0.065));
#15758=CARTESIAN_POINT('',(-0.01275,-0.0163,0.065));
#15759=CARTESIAN_POINT('',(-0.022,-0.0353,0.065));
#15760=CARTESIAN_POINT('',(-0.01275,-0.0353,0.065));
#15761=CARTESIAN_POINT('',(0.013,0.0407,0.065));
#15762=CARTESIAN_POINT('',(0.02225,0.0407,0.065));
#15763=CARTESIAN_POINT('',(0.083,0.0217,0.065));
#15764=CARTESIAN_POINT('',(0.09225,0.0217,0.065));
#15765=CARTESIAN_POINT('',(0.083,-0.0163,0.065));
#15766=CARTESIAN_POINT('',(0.09225,-0.0163,0.065));
#15767=CARTESIAN_POINT('',(0.083,-0.0353,0.065));
#15768=CARTESIAN_POINT('',(0.09225,-0.0353,0.065));
#15769=CARTESIAN_POINT('',(0.129447191923669,0.0436653148695363,0.065));
#15770=CARTESIAN_POINT('',(0.129447191923669,0.0436653148695363,0.065));
#15771=CARTESIAN_POINT('',(0.048,0.0217,0.065));
#15772=CARTESIAN_POINT('',(0.05725,0.0217,0.065));
#15773=CARTESIAN_POINT('',(0.048,-0.0163,0.065));
#15774=CARTESIAN_POINT('',(0.05725,-0.0163,0.065));
#15775=CARTESIAN_POINT('',(0.048,-0.0353,0.065));
#15776=CARTESIAN_POINT('',(0.05725,-0.0353,0.065));
#15777=CARTESIAN_POINT('',(0.083,0.0407,0.065));
#15778=CARTESIAN_POINT('',(0.09225,0.0407,0.065));
#15779=CARTESIAN_POINT('',(-0.127,0.0217,0.065));
#15780=CARTESIAN_POINT('',(-0.11775,0.0217,0.065));
#15781=CARTESIAN_POINT('',(-0.127,-0.0163,0.065));
#15782=CARTESIAN_POINT('',(-0.11775,-0.0163,0.065));
#15783=CARTESIAN_POINT('',(-0.127,-0.0353,0.065));
#15784=CARTESIAN_POINT('',(-0.11775,-0.0353,0.065));
#15785=CARTESIAN_POINT('',(-0.092,0.0407,0.065));
#15786=CARTESIAN_POINT('',(-0.08275,0.0407,0.065));
#15787=CARTESIAN_POINT('',(-0.162,0.0217,0.065));
#15788=CARTESIAN_POINT('',(-0.15275,0.0217,0.065));
#15789=CARTESIAN_POINT('',(-0.162,-0.0163,0.065));
#15790=CARTESIAN_POINT('',(-0.15275,-0.0163,0.065));
#15791=CARTESIAN_POINT('',(-0.162,-0.0353,0.065));
#15792=CARTESIAN_POINT('',(-0.15275,-0.0353,0.065));
#15793=CARTESIAN_POINT('',(-0.127,0.0407,0.065));
#15794=CARTESIAN_POINT('',(-0.11775,0.0407,0.065));
#15795=CARTESIAN_POINT('',(-0.057,0.0217,0.065));
#15796=CARTESIAN_POINT('',(-0.04775,0.0217,0.065));
#15797=CARTESIAN_POINT('',(-0.057,-0.0163,0.065));
#15798=CARTESIAN_POINT('',(-0.04775,-0.0163,0.065));
#15799=CARTESIAN_POINT('',(-0.057,-0.0353,0.065));
#15800=CARTESIAN_POINT('',(-0.04775,-0.0353,0.065));
#15801=CARTESIAN_POINT('',(-0.022,0.0407,0.065));
#15802=CARTESIAN_POINT('',(-0.01275,0.0407,0.065));
#15803=CARTESIAN_POINT('',(-0.092,0.0217,0.065));
#15804=CARTESIAN_POINT('',(-0.08275,0.0217,0.065));
#15805=CARTESIAN_POINT('',(-0.092,-0.0163,0.065));
#15806=CARTESIAN_POINT('',(-0.08275,-0.0163,0.065));
#15807=CARTESIAN_POINT('',(-0.092,-0.0353,0.065));
#15808=CARTESIAN_POINT('',(-0.08275,-0.0353,0.065));
#15809=CARTESIAN_POINT('',(-0.057,0.0407,0.065));
#15810=CARTESIAN_POINT('',(-0.04775,0.0407,0.065));
#15811=CARTESIAN_POINT('',(-0.0395,-0.0233,0.065));
#15812=CARTESIAN_POINT('',(-0.03025,-0.0233,0.065));
#15813=CARTESIAN_POINT('',(-0.0395,-0.0423,0.065));
#15814=CARTESIAN_POINT('',(-0.03025,-0.0423,0.065));
#15815=CARTESIAN_POINT('',(-0.00449999999999992,0.0337,0.065));
#15816=CARTESIAN_POINT('',(0.00475000000000008,0.0337,0.065));
#15817=CARTESIAN_POINT('',(-0.00449999999999992,0.0147,0.065));
#15818=CARTESIAN_POINT('',(0.00475000000000008,0.0147,0.065));
#15819=CARTESIAN_POINT('',(-0.00449999999999992,-0.0233,0.065));
#15820=CARTESIAN_POINT('',(0.00475000000000008,-0.0233,0.065));
#15821=CARTESIAN_POINT('',(-0.00449999999999992,-0.0423,0.065));
#15822=CARTESIAN_POINT('',(0.00475000000000008,-0.0423,0.065));
#15823=CARTESIAN_POINT('',(0.0305,0.0337,0.065));
#15824=CARTESIAN_POINT('',(0.03975,0.0337,0.065));
#15825=CARTESIAN_POINT('',(0.0305,0.0147,0.065));
#15826=CARTESIAN_POINT('',(0.03975,0.0147,0.065));
#15827=CARTESIAN_POINT('',(-0.1095,-0.0233,0.065));
#15828=CARTESIAN_POINT('',(-0.10025,-0.0233,0.065));
#15829=CARTESIAN_POINT('',(-0.1095,-0.0423,0.065));
#15830=CARTESIAN_POINT('',(-0.10025,-0.0423,0.065));
#15831=CARTESIAN_POINT('',(-0.0745,0.0337,0.065));
#15832=CARTESIAN_POINT('',(-0.06525,0.0337,0.065));
#15833=CARTESIAN_POINT('',(-0.0745,0.0147,0.065));
#15834=CARTESIAN_POINT('',(-0.06525,0.0147,0.065));
#15835=CARTESIAN_POINT('',(-0.0745,-0.0233,0.065));
#15836=CARTESIAN_POINT('',(-0.06525,-0.0233,0.065));
#15837=CARTESIAN_POINT('',(-0.0745,-0.0423,0.065));
#15838=CARTESIAN_POINT('',(-0.06525,-0.0423,0.065));
#15839=CARTESIAN_POINT('',(-0.0395,0.0337,0.065));
#15840=CARTESIAN_POINT('',(-0.03025,0.0337,0.065));
#15841=CARTESIAN_POINT('',(-0.0395,0.0147,0.065));
#15842=CARTESIAN_POINT('',(-0.03025,0.0147,0.065));
#15843=CARTESIAN_POINT('',(0.1355,-0.0233,0.065));
#15844=CARTESIAN_POINT('',(0.14475,-0.0233,0.065));
#15845=CARTESIAN_POINT('',(0.1355,0.0147,0.065));
#15846=CARTESIAN_POINT('',(0.14475,0.0147,0.065));
#15847=CARTESIAN_POINT('',(0.1005,-0.0233,0.065));
#15848=CARTESIAN_POINT('',(0.10975,-0.0233,0.065));
#15849=CARTESIAN_POINT('',(0.118,-0.0353,0.065));
#15850=CARTESIAN_POINT('',(0.12725,-0.0353,0.065));
#15851=CARTESIAN_POINT('',(0.1355,-0.0423,0.065));
#15852=CARTESIAN_POINT('',(0.14475,-0.0423,0.065));
#15853=CARTESIAN_POINT('',(0.118,-0.0163,0.065));
#15854=CARTESIAN_POINT('',(0.12725,-0.0163,0.065));
#15855=CARTESIAN_POINT('',(0.118,0.0217,0.065));
#15856=CARTESIAN_POINT('',(0.12725,0.0217,0.065));
#15857=CARTESIAN_POINT('',(0.0305,-0.0233,0.065));
#15858=CARTESIAN_POINT('',(0.03975,-0.0233,0.065));
#15859=CARTESIAN_POINT('',(0.0305,-0.0423,0.065));
#15860=CARTESIAN_POINT('',(0.03975,-0.0423,0.065));
#15861=CARTESIAN_POINT('',(0.0655,0.0337,0.065));
#15862=CARTESIAN_POINT('',(0.07475,0.0337,0.065));
#15863=CARTESIAN_POINT('',(0.0655,0.0147,0.065));
#15864=CARTESIAN_POINT('',(0.07475,0.0147,0.065));
#15865=CARTESIAN_POINT('',(0.0655,-0.0233,0.065));
#15866=CARTESIAN_POINT('',(0.07475,-0.0233,0.065));
#15867=CARTESIAN_POINT('',(0.0655,-0.0423,0.065));
#15868=CARTESIAN_POINT('',(0.07475,-0.0423,0.065));
#15869=CARTESIAN_POINT('',(0.1005,0.0337,0.065));
#15870=CARTESIAN_POINT('',(0.10975,0.0337,0.065));
#15871=CARTESIAN_POINT('',(0.1005,0.0147,0.065));
#15872=CARTESIAN_POINT('',(0.10975,0.0147,0.065));
#15873=CARTESIAN_POINT('',(0.142,0.0533,0.065));
#15874=CARTESIAN_POINT('',(0.143077530791209,0.055555865109885,0.065));
#15875=CARTESIAN_POINT('',(0.143422469208791,0.0512441348901151,0.065));
#15876=CARTESIAN_POINT('',(0.1445,0.0535,0.065));
#15877=CARTESIAN_POINT('',(0.006,0.0533,0.065));
#15878=CARTESIAN_POINT('',(0.00707753079120926,0.0555558651098849,0.065));
#15879=CARTESIAN_POINT('',(0.00742246920879081,0.0512441348901151,0.065));
#15880=CARTESIAN_POINT('',(0.0085,0.0535,0.065));
#15881=CARTESIAN_POINT('',(-0.13,0.0533,0.065));
#15882=CARTESIAN_POINT('',(-0.128922469208791,0.055555865109885,0.065));
#15883=CARTESIAN_POINT('',(-0.128577530791209,0.0512441348901151,0.065));
#15884=CARTESIAN_POINT('',(-0.1275,0.0535,0.065));
#15885=CARTESIAN_POINT('',(0.1445,-0.0535,0.065));
#15886=CARTESIAN_POINT('',(0.143422469208791,-0.0512441348901151,0.0215));
#15887=CARTESIAN_POINT('',(0.143077530791209,-0.0555558651098849,0.0215));
#15888=CARTESIAN_POINT('',(0.0765,-0.0535,0.065));
#15889=CARTESIAN_POINT('',(0.0754224692087908,-0.0512441348901151,0.0215));
#15890=CARTESIAN_POINT('',(0.0750775307912093,-0.055555865109885,0.0215));
#15891=CARTESIAN_POINT('',(0.0085,-0.0535,0.065));
#15892=CARTESIAN_POINT('',(0.00742246920879081,-0.0512441348901151,0.0215));
#15893=CARTESIAN_POINT('',(0.00707753079120926,-0.0555558651098849,0.0215));
#15894=CARTESIAN_POINT('',(-0.0595,-0.0535,0.065));
#15895=CARTESIAN_POINT('',(-0.0605775307912092,-0.0512441348901151,0.0215));
#15896=CARTESIAN_POINT('',(-0.0609224692087908,-0.0555558651098849,0.0215));
#15897=CARTESIAN_POINT('',(-0.1275,-0.0535,0.065));
#15898=CARTESIAN_POINT('',(-0.128577530791209,-0.0512441348901151,0.0215));
#15899=CARTESIAN_POINT('',(-0.128922469208791,-0.0555558651098849,0.0215));
#15900=CARTESIAN_POINT('',(0.18,-0.0285,0.065));
#15901=CARTESIAN_POINT('',(0.18,0.,0.0368699599878201));
#15902=CARTESIAN_POINT('',(0.18,0.,0.0268699599878201));
#15903=CARTESIAN_POINT('',(0.18,-0.040690226987406,-0.004));
#15904=CARTESIAN_POINT('',(0.18,0.0406902269874061,-0.004));
#15905=CARTESIAN_POINT('',(2.77555756156289E-17,0.057,0.065));
#15906=CARTESIAN_POINT('',(0.157240577681372,0.057,-0.004));
#15907=CARTESIAN_POINT('',(-0.18,0.057,0.065));
#15908=CARTESIAN_POINT('',(-0.18,-0.0285,0.065));
#15909=CARTESIAN_POINT('',(0.0085,0.0535,0.065));
#15910=CARTESIAN_POINT('',(0.00707753079120926,0.0555558651098849,0.0215));
#15911=CARTESIAN_POINT('',(0.00742246920879081,0.0512441348901151,0.0215));
#15912=CARTESIAN_POINT('',(0.1445,0.0535,0.065));
#15913=CARTESIAN_POINT('',(0.143077530791209,0.0555558651098849,0.0215));
#15914=CARTESIAN_POINT('',(0.143422469208791,0.0512441348901151,0.0215));
#15915=CARTESIAN_POINT('',(0.0765,0.0535,0.065));
#15916=CARTESIAN_POINT('',(0.0750775307912093,0.055555865109885,0.0215));
#15917=CARTESIAN_POINT('',(0.0754224692087908,0.0512441348901151,0.0215));
#15918=CARTESIAN_POINT('',(-0.0595,0.0535,0.065));
#15919=CARTESIAN_POINT('',(-0.0609224692087908,0.0555558651098849,0.0215));
#15920=CARTESIAN_POINT('',(-0.0605775307912092,0.0512441348901151,0.0215));
#15921=CARTESIAN_POINT('',(-0.1275,0.0535,0.065));
#15922=CARTESIAN_POINT('',(-0.128922469208791,0.0555558651098849,0.0215));
#15923=CARTESIAN_POINT('',(-0.128577530791209,0.0512441348901151,0.0215));
#15924=CARTESIAN_POINT('',(-0.162,0.0407,0.065));
#15925=CARTESIAN_POINT('',(0.048,0.0027,0.065));
#15926=CARTESIAN_POINT('',(0.083,0.0027,0.065));
#15927=CARTESIAN_POINT('',(0.118,0.0027,0.065));
#15928=CARTESIAN_POINT('',(0.1005,-0.0423,0.065));
#15929=CARTESIAN_POINT('',(0.013,0.0027,0.065));
#15930=CARTESIAN_POINT('',(-0.022,0.0027,0.065));
#15931=CARTESIAN_POINT('',(-0.057,0.0027,0.065));
#15932=CARTESIAN_POINT('',(-0.092,0.0027,0.065));
#15933=CARTESIAN_POINT('',(-0.1095,0.0147,0.065));
#15934=CARTESIAN_POINT('',(-0.1095,0.0337,0.065));
#15935=CARTESIAN_POINT('',(-0.1445,-0.0423,0.065));
#15936=CARTESIAN_POINT('',(-0.1445,-0.0233,0.065));
#15937=CARTESIAN_POINT('',(-0.127,0.0027,0.065));
#15938=CARTESIAN_POINT('',(-0.162,0.0027,0.065));
#15939=CARTESIAN_POINT('',(-0.1445,0.0337,0.065));
#15940=CARTESIAN_POINT('',(-0.1445,0.0147,0.065));
#15941=CARTESIAN_POINT('',(0.1355,-0.0043,0.065));
#15942=CARTESIAN_POINT('',(0.1005,-0.0043,0.065));
#15943=CARTESIAN_POINT('',(0.0655,-0.0043,0.065));
#15944=CARTESIAN_POINT('',(0.0305,-0.0043,0.065));
#15945=CARTESIAN_POINT('',(-0.00449999999999992,-0.0043,0.065));
#15946=CARTESIAN_POINT('',(-0.0395,-0.0043,0.065));
#15947=CARTESIAN_POINT('',(-0.0745,-0.0043,0.065));
#15948=CARTESIAN_POINT('',(-0.1095,-0.00430000000000005,0.065));
#15949=CARTESIAN_POINT('',(-0.1445,-0.00430000000000007,0.065));
#15950=CARTESIAN_POINT('',(0.013,0.0217,0.065));
#15951=CARTESIAN_POINT('',(0.013,-0.0163,0.065));
#15952=CARTESIAN_POINT('',(0.013,-0.0353,0.065));
#15953=CARTESIAN_POINT('',(0.048,0.0407,0.065));
#15954=CARTESIAN_POINT('',(-0.022,0.0217,0.065));
#15955=CARTESIAN_POINT('',(-0.022,-0.0163,0.065));
#15956=CARTESIAN_POINT('',(-0.022,-0.0353,0.065));
#15957=CARTESIAN_POINT('',(0.013,0.0407,0.065));
#15958=CARTESIAN_POINT('',(0.083,0.0217,0.065));
#15959=CARTESIAN_POINT('',(0.083,-0.0163,0.065));
#15960=CARTESIAN_POINT('',(0.083,-0.0353,0.065));
#15961=CARTESIAN_POINT('',(0.048,0.0217,0.065));
#15962=CARTESIAN_POINT('',(0.048,-0.0163,0.065));
#15963=CARTESIAN_POINT('',(0.048,-0.0353,0.065));
#15964=CARTESIAN_POINT('',(0.083,0.0407,0.065));
#15965=CARTESIAN_POINT('',(-0.127,0.0217,0.065));
#15966=CARTESIAN_POINT('',(-0.127,-0.0163,0.065));
#15967=CARTESIAN_POINT('',(-0.127,-0.0353,0.065));
#15968=CARTESIAN_POINT('',(-0.092,0.0407,0.065));
#15969=CARTESIAN_POINT('',(-0.162,0.0217,0.065));
#15970=CARTESIAN_POINT('',(-0.162,-0.0163,0.065));
#15971=CARTESIAN_POINT('',(-0.162,-0.0353,0.065));
#15972=CARTESIAN_POINT('',(-0.127,0.0407,0.065));
#15973=CARTESIAN_POINT('',(-0.057,0.0217,0.065));
#15974=CARTESIAN_POINT('',(-0.057,-0.0163,0.065));
#15975=CARTESIAN_POINT('',(-0.057,-0.0353,0.065));
#15976=CARTESIAN_POINT('',(-0.022,0.0407,0.065));
#15977=CARTESIAN_POINT('',(-0.092,0.0217,0.065));
#15978=CARTESIAN_POINT('',(-0.092,-0.0163,0.065));
#15979=CARTESIAN_POINT('',(-0.092,-0.0353,0.065));
#15980=CARTESIAN_POINT('',(-0.057,0.0407,0.065));
#15981=CARTESIAN_POINT('',(-0.0395,-0.0233,0.065));
#15982=CARTESIAN_POINT('',(-0.0395,-0.0423,0.065));
#15983=CARTESIAN_POINT('',(-0.00449999999999992,0.0337,0.065));
#15984=CARTESIAN_POINT('',(-0.00449999999999992,0.0147,0.065));
#15985=CARTESIAN_POINT('',(-0.00449999999999992,-0.0233,0.065));
#15986=CARTESIAN_POINT('',(-0.00449999999999992,-0.0423,0.065));
#15987=CARTESIAN_POINT('',(0.0305,0.0337,0.065));
#15988=CARTESIAN_POINT('',(0.0305,0.0147,0.065));
#15989=CARTESIAN_POINT('',(-0.1095,-0.0233,0.065));
#15990=CARTESIAN_POINT('',(-0.1095,-0.0423,0.065));
#15991=CARTESIAN_POINT('',(-0.0745,0.0337,0.065));
#15992=CARTESIAN_POINT('',(-0.0745,0.0147,0.065));
#15993=CARTESIAN_POINT('',(-0.0745,-0.0233,0.065));
#15994=CARTESIAN_POINT('',(-0.0745,-0.0423,0.065));
#15995=CARTESIAN_POINT('',(-0.0395,0.0337,0.065));
#15996=CARTESIAN_POINT('',(-0.0395,0.0147,0.065));
#15997=CARTESIAN_POINT('',(0.1355,-0.0233,0.065));
#15998=CARTESIAN_POINT('',(0.1355,0.0147,0.065));
#15999=CARTESIAN_POINT('',(0.1005,-0.0233,0.065));
#16000=CARTESIAN_POINT('',(0.118,-0.0353,0.065));
#16001=CARTESIAN_POINT('',(0.1355,-0.0423,0.065));
#16002=CARTESIAN_POINT('',(0.118,-0.0163,0.065));
#16003=CARTESIAN_POINT('',(0.118,0.0217,0.065));
#16004=CARTESIAN_POINT('',(0.0305,-0.0233,0.065));
#16005=CARTESIAN_POINT('',(0.0305,-0.0423,0.065));
#16006=CARTESIAN_POINT('',(0.0655,0.0337,0.065));
#16007=CARTESIAN_POINT('',(0.0655,0.0147,0.065));
#16008=CARTESIAN_POINT('',(0.0655,-0.0233,0.065));
#16009=CARTESIAN_POINT('',(0.0655,-0.0423,0.065));
#16010=CARTESIAN_POINT('',(0.1005,0.0337,0.065));
#16011=CARTESIAN_POINT('',(0.1005,0.0147,0.065));
#16012=CARTESIAN_POINT('',(0.175,2.77555756156289E-17,0.01));
#16013=CARTESIAN_POINT('',(0.175,0.,0.0368699599878201));
#16014=CARTESIAN_POINT('',(0.175,0.,0.0468699599878201));
#16015=CARTESIAN_POINT('',(0.175,0.0385689163375297,0.01));
#16016=CARTESIAN_POINT('',(0.175,0.0385689163375297,0.01));
#16017=CARTESIAN_POINT('',(0.175,2.77555756156289E-17,0.01));
#16018=CARTESIAN_POINT('',(0.175,-0.0385689163375297,0.01));
#16019=CARTESIAN_POINT('',(0.175,-0.0385689163375297,0.01));
#16020=CARTESIAN_POINT('',(0.167632122199922,0.0442844581687649,0.01));
#16021=CARTESIAN_POINT('',(0.160264244399843,0.05,0.01));
#16022=CARTESIAN_POINT('',(0.160264244399843,0.05,0.01));
#16023=CARTESIAN_POINT('',(0.167632122199922,0.0442844581687649,0.01));
#16024=CARTESIAN_POINT('',(0.153132122199921,0.05,0.01));
#16025=CARTESIAN_POINT('',(0.146,0.05,0.01));
#16026=CARTESIAN_POINT('',(0.146,0.05,0.01));
#16027=CARTESIAN_POINT('',(0.153132122199921,0.05,0.01));
#16028=CARTESIAN_POINT('',(0.146,0.,0.01));
#16029=CARTESIAN_POINT('',(0.146,-0.05,0.01));
#16030=CARTESIAN_POINT('',(0.146,-0.05,0.01));
#16031=CARTESIAN_POINT('',(0.146,0.,0.01));
#16032=CARTESIAN_POINT('',(0.153132122199921,-0.05,0.01));
#16033=CARTESIAN_POINT('',(0.160264244399843,-0.05,0.01));
#16034=CARTESIAN_POINT('',(0.160264244399843,-0.05,0.01));
#16035=CARTESIAN_POINT('',(0.153132122199921,-0.05,0.01));
#16036=CARTESIAN_POINT('',(0.167632122199922,-0.0442844581687648,0.01));
#16037=CARTESIAN_POINT('',(0.167632122199922,-0.0442844581687648,0.01));
#16038=CARTESIAN_POINT('',(2.77555756156289E-17,0.,0.01));
#16039=CARTESIAN_POINT('',(0.160048514604569,-0.035,0.01));
#16040=CARTESIAN_POINT('',(0.167548514604569,-0.035,0.01));
#16041=CARTESIAN_POINT('',(0.152548514604569,-0.035,0.01));
#16042=CARTESIAN_POINT('',(0.152548514604569,2.08166817117217E-17,0.01));
#16043=CARTESIAN_POINT('',(0.152548514604569,0.035,0.01));
#16044=CARTESIAN_POINT('',(0.160048514604569,0.035,0.01));
#16045=CARTESIAN_POINT('',(0.167548514604569,0.035,0.01));
#16046=CARTESIAN_POINT('',(0.167548514604569,2.08166817117217E-17,0.01));
#16047=CARTESIAN_POINT('',(0.163447191923669,0.0436653148695363,0.01));
#16048=CARTESIAN_POINT('',(0.166447191923669,0.0436653148695363,0.01));
#16049=CARTESIAN_POINT('',(0.168620288840686,0.0488451134937031,-0.004));
#16050=CARTESIAN_POINT('',(0.168620288840686,-0.048845113493703,-0.004));
#16051=CARTESIAN_POINT('',(-0.13,0.0533,0.09));
#16052=CARTESIAN_POINT('',(-0.13,-0.0533,0.09));
#16053=CARTESIAN_POINT('',(-0.062,-0.0533,0.09));
#16054=CARTESIAN_POINT('',(0.006,-0.0533,0.09));
#16055=CARTESIAN_POINT('',(0.074,-0.0533,0.09));
#16056=CARTESIAN_POINT('',(0.142,-0.0533,0.09));
#16057=CARTESIAN_POINT('',(-0.062,0.0533,0.09));
#16058=CARTESIAN_POINT('',(0.074,0.0533,0.09));
#16059=CARTESIAN_POINT('',(0.142,0.0533,0.09));
#16060=CARTESIAN_POINT('',(0.006,0.0533,0.09));
#16061=CARTESIAN_POINT('',(0.1717,0.,0.0368699599878201));
#16062=CARTESIAN_POINT('',(0.163447191923669,0.0436653148695363,0.1084));
#16063=CARTESIAN_POINT('',(0.129447191923669,0.0436653148695363,0.1084));
#16064=CARTESIAN_POINT('',(0.129447191923669,0.0436653148695363,0.1084));
#16065=CARTESIAN_POINT('',(0.103947935908941,-0.056,0.00488445455212384));
#16066=CARTESIAN_POINT('',(0.103947935908941,-0.057,0.00488445455212384));
#16067=CARTESIAN_POINT('',(0.103038244763758,-0.056,0.00488445455212384));
#16068=CARTESIAN_POINT('',(0.103038244763758,-0.057,0.00488445455212384));
#16069=CARTESIAN_POINT('',(0.102333967748132,-0.056,0.00516445357396132));
#16070=CARTESIAN_POINT('',(0.102333967748132,-0.057,0.00516445357396132));
#16071=CARTESIAN_POINT('',(0.101835104862063,-0.056,0.00572445161763628));
#16072=CARTESIAN_POINT('',(0.101835104862063,-0.057,0.00572445161763628));
#16073=CARTESIAN_POINT('',(0.103947935908941,-0.056,0.00488445455212384));
#16074=CARTESIAN_POINT('',(0.103947935908941,-0.056,0.00488445455212384));
#16075=CARTESIAN_POINT('',(0.103947935908941,-0.056,0.00488445455212384));
#16076=CARTESIAN_POINT('',(0.102583399191166,-0.056,0.00488445455212384));
#16077=CARTESIAN_POINT('',(0.101835104862063,-0.056,0.00572445161763628));
#16078=CARTESIAN_POINT('',(0.101835104862063,-0.056,0.00572445161763628));
#16079=CARTESIAN_POINT('',(0.101835104862063,-0.056,0.00572445161763628));
#16080=CARTESIAN_POINT('',(0.105534393248828,-0.056,0.0052127503484704));
#16081=CARTESIAN_POINT('',(0.105534393248828,-0.057,0.0052127503484704));
#16082=CARTESIAN_POINT('',(0.105115006067648,-0.056,0.00499388648423936));
#16083=CARTESIAN_POINT('',(0.105115006067648,-0.057,0.00499388648423936));
#16084=CARTESIAN_POINT('',(0.104586186954353,-0.056,0.00488445455212384));
#16085=CARTESIAN_POINT('',(0.104586186954353,-0.057,0.00488445455212384));
#16086=CARTESIAN_POINT('',(0.103947935908941,-0.056,0.00488445455212384));
#16087=CARTESIAN_POINT('',(0.103947935908941,-0.057,0.00488445455212384));
#16088=CARTESIAN_POINT('',(0.105534393248828,-0.056,0.0052127503484704));
#16089=CARTESIAN_POINT('',(0.105534393248828,-0.056,0.0052127503484704));
#16090=CARTESIAN_POINT('',(0.105534393248828,-0.056,0.0052127503484704));
#16091=CARTESIAN_POINT('',(0.104905312477058,-0.056,0.00488445455212384));
#16092=CARTESIAN_POINT('',(0.103947935908941,-0.056,0.00488445455212384));
#16093=CARTESIAN_POINT('',(0.105534393248828,-0.056,0.00563366590859072));
#16094=CARTESIAN_POINT('',(0.105534393248828,-0.056,0.00605458146871103));
#16095=CARTESIAN_POINT('',(0.105534393248828,-0.056,0.00605458146871103));
#16096=CARTESIAN_POINT('',(0.105534393248828,-0.056,0.00563366590859072));
#16097=CARTESIAN_POINT('',(0.103924093197475,-0.056,0.0057171153987235));
#16098=CARTESIAN_POINT('',(0.103924093197475,-0.057,0.0057171153987235));
#16099=CARTESIAN_POINT('',(0.104447410146586,-0.056,0.0057171153987235));
#16100=CARTESIAN_POINT('',(0.104447410146586,-0.057,0.0057171153987235));
#16101=CARTESIAN_POINT('',(0.104984176830371,-0.056,0.00582960408871934));
#16102=CARTESIAN_POINT('',(0.104984176830371,-0.057,0.00582960408871934));
#16103=CARTESIAN_POINT('',(0.105534393248828,-0.056,0.00605458146871103));
#16104=CARTESIAN_POINT('',(0.105534393248828,-0.057,0.00605458146871103));
#16105=CARTESIAN_POINT('',(0.103924093197475,-0.056,0.0057171153987235));
#16106=CARTESIAN_POINT('',(0.103924093197475,-0.056,0.0057171153987235));
#16107=CARTESIAN_POINT('',(0.103924093197475,-0.056,0.0057171153987235));
#16108=CARTESIAN_POINT('',(0.104709068621142,-0.056,0.0057171153987235));
#16109=CARTESIAN_POINT('',(0.105534393248828,-0.056,0.00605458146871103));
#16110=CARTESIAN_POINT('',(0.102540298905053,-0.056,0.00633610886948867));
#16111=CARTESIAN_POINT('',(0.102540298905053,-0.057,0.00633610886948867));
#16112=CARTESIAN_POINT('',(0.10285147685727,-0.056,0.00592344655564522));
#16113=CARTESIAN_POINT('',(0.10285147685727,-0.057,0.00592344655564522));
#16114=CARTESIAN_POINT('',(0.103312741621411,-0.056,0.0057171153987235));
#16115=CARTESIAN_POINT('',(0.103312741621411,-0.057,0.0057171153987235));
#16116=CARTESIAN_POINT('',(0.103924093197475,-0.056,0.0057171153987235));
#16117=CARTESIAN_POINT('',(0.103924093197475,-0.057,0.0057171153987235));
#16118=CARTESIAN_POINT('',(0.102540298905053,-0.056,0.00633610886948867));
#16119=CARTESIAN_POINT('',(0.102540298905053,-0.056,0.00633610886948867));
#16120=CARTESIAN_POINT('',(0.102540298905053,-0.056,0.00633610886948867));
#16121=CARTESIAN_POINT('',(0.103007065833378,-0.056,0.0057171153987235));
#16122=CARTESIAN_POINT('',(0.103924093197475,-0.056,0.0057171153987235));
#16123=CARTESIAN_POINT('',(0.102073531976728,-0.056,0.00811239087374367));
#16124=CARTESIAN_POINT('',(0.102073531976728,-0.057,0.00811239087374367));
#16125=CARTESIAN_POINT('',(0.102073531976728,-0.056,0.00734086518475045));
#16126=CARTESIAN_POINT('',(0.102073531976728,-0.057,0.00734086518475045));
#16127=CARTESIAN_POINT('',(0.102229120952837,-0.056,0.00674877118333212));
#16128=CARTESIAN_POINT('',(0.102229120952837,-0.057,0.00674877118333212));
#16129=CARTESIAN_POINT('',(0.102540298905053,-0.056,0.00633610886948867));
#16130=CARTESIAN_POINT('',(0.102540298905053,-0.057,0.00633610886948867));
#16131=CARTESIAN_POINT('',(0.102073531976728,-0.056,0.00811239087374367));
#16132=CARTESIAN_POINT('',(0.102073531976728,-0.056,0.00811239087374367));
#16133=CARTESIAN_POINT('',(0.102073531976728,-0.056,0.00811239087374367));
#16134=CARTESIAN_POINT('',(0.102073531976728,-0.056,0.00695510234025384));
#16135=CARTESIAN_POINT('',(0.102540298905053,-0.056,0.00633610886948867));
#16136=CARTESIAN_POINT('',(0.103988285112962,-0.056,0.0105535177169687));
#16137=CARTESIAN_POINT('',(0.103988285112962,-0.057,0.0105535177169687));
#16138=CARTESIAN_POINT('',(0.102711783022139,-0.056,0.0105535177169687));
#16139=CARTESIAN_POINT('',(0.102711783022139,-0.057,0.0105535177169687));
#16140=CARTESIAN_POINT('',(0.102073531976728,-0.056,0.009739808769227));
#16141=CARTESIAN_POINT('',(0.102073531976728,-0.057,0.009739808769227));
#16142=CARTESIAN_POINT('',(0.102073531976728,-0.056,0.00811239087374367));
#16143=CARTESIAN_POINT('',(0.102073531976728,-0.057,0.00811239087374367));
#16144=CARTESIAN_POINT('',(0.103988285112962,-0.056,0.0105535177169687));
#16145=CARTESIAN_POINT('',(0.103988285112962,-0.056,0.0105535177169687));
#16146=CARTESIAN_POINT('',(0.103988285112962,-0.056,0.0105535177169687));
#16147=CARTESIAN_POINT('',(0.102073531976728,-0.056,0.0105535177169687));
#16148=CARTESIAN_POINT('',(0.102073531976728,-0.056,0.00811239087374367));
#16149=CARTESIAN_POINT('',(0.103924374527689,-0.0559999999999996,0.00744144966967715));
#16150=CARTESIAN_POINT('',(0.104646710760383,-0.056,0.0104709852542));
#16151=CARTESIAN_POINT('',(0.10464661394208,-0.056,0.0104705835665831));
#16152=CARTESIAN_POINT('',(0.103924374527689,-0.056,0.00744144966967715));
#16153=CARTESIAN_POINT('',(0.103714158885682,-0.0559999999999993,0.00615551090292886));
#16154=CARTESIAN_POINT('',(0.105334579814071,-0.056,0.0102621756717263));
#16155=CARTESIAN_POINT('',(0.105334579812603,-0.056,0.0102621756710635));
#16156=CARTESIAN_POINT('',(0.103714158885682,-0.056,0.00615551090292886));
#16157=CARTESIAN_POINT('',(0.105480288634347,-0.056,0.0106653950553884));
#16158=CARTESIAN_POINT('',(0.105626095985238,-0.056,0.0110688870955909));
#16159=CARTESIAN_POINT('',(0.105626095985238,-0.056,0.0110688870955909));
#16160=CARTESIAN_POINT('',(0.105480288634347,-0.056,0.0106653950553884));
#16161=CARTESIAN_POINT('',(0.104916316805427,-0.056,0.0112990609639792));
#16162=CARTESIAN_POINT('',(0.104916316805427,-0.057,0.0112990609639792));
#16163=CARTESIAN_POINT('',(0.105218324484003,-0.056,0.0112336463453403));
#16164=CARTESIAN_POINT('',(0.105218324484003,-0.057,0.0112336463453403));
#16165=CARTESIAN_POINT('',(0.10545491754394,-0.056,0.0111569217225442));
#16166=CARTESIAN_POINT('',(0.10545491754394,-0.057,0.0111569217225442));
#16167=CARTESIAN_POINT('',(0.105626095985238,-0.056,0.0110688870955909));
#16168=CARTESIAN_POINT('',(0.105626095985238,-0.057,0.0110688870955909));
#16169=CARTESIAN_POINT('',(0.104916316805427,-0.056,0.0112990609639792));
#16170=CARTESIAN_POINT('',(0.104916316805427,-0.056,0.0112990609639792));
#16171=CARTESIAN_POINT('',(0.104916316805427,-0.056,0.0112990609639792));
#16172=CARTESIAN_POINT('',(0.105369328323291,-0.056,0.0112009390360208));
#16173=CARTESIAN_POINT('',(0.105626095985238,-0.056,0.0110688870955909));
#16174=CARTESIAN_POINT('',(0.104005471124174,-0.0559999999999996,0.00712896128004458));
#16175=CARTESIAN_POINT('',(0.1040102937697,-0.056,0.0113971828919375));
#16176=CARTESIAN_POINT('',(0.1040102937697,-0.056,0.0113971828919375));
#16177=CARTESIAN_POINT('',(0.104005471124174,-0.056,0.00712896128004458));
#16178=CARTESIAN_POINT('',(0.101847026217796,-0.056,0.0105370112244149));
#16179=CARTESIAN_POINT('',(0.101847026217796,-0.057,0.0105370112244149));
#16180=CARTESIAN_POINT('',(0.102353836674354,-0.056,0.0111104590027633));
#16181=CARTESIAN_POINT('',(0.102353836674354,-0.057,0.0111104590027633));
#16182=CARTESIAN_POINT('',(0.103074925858322,-0.056,0.0113971828919375));
#16183=CARTESIAN_POINT('',(0.103074925858322,-0.057,0.0113971828919375));
#16184=CARTESIAN_POINT('',(0.1040102937697,-0.056,0.0113971828919375));
#16185=CARTESIAN_POINT('',(0.1040102937697,-0.057,0.0113971828919375));
#16186=CARTESIAN_POINT('',(0.101847026217796,-0.056,0.0105370112244149));
#16187=CARTESIAN_POINT('',(0.101847026217796,-0.056,0.0105370112244149));
#16188=CARTESIAN_POINT('',(0.101847026217796,-0.056,0.0105370112244149));
#16189=CARTESIAN_POINT('',(0.102607241902632,-0.056,0.0113971828919375));
#16190=CARTESIAN_POINT('',(0.1040102937697,-0.056,0.0113971828919375));
#16191=CARTESIAN_POINT('',(0.10108681053296,-0.056,0.00810138654537452));
#16192=CARTESIAN_POINT('',(0.10108681053296,-0.057,0.00810138654537452));
#16193=CARTESIAN_POINT('',(0.10108681053296,-0.056,0.00915168855305309));
#16194=CARTESIAN_POINT('',(0.10108681053296,-0.057,0.00915168855305309));
#16195=CARTESIAN_POINT('',(0.101340215761239,-0.056,0.00996356344606656));
#16196=CARTESIAN_POINT('',(0.101340215761239,-0.057,0.00996356344606656));
#16197=CARTESIAN_POINT('',(0.101847026217796,-0.056,0.0105370112244149));
#16198=CARTESIAN_POINT('',(0.101847026217796,-0.057,0.0105370112244149));
#16199=CARTESIAN_POINT('',(0.10108681053296,-0.056,0.00810138654537452));
#16200=CARTESIAN_POINT('',(0.10108681053296,-0.056,0.00810138654537452));
#16201=CARTESIAN_POINT('',(0.10108681053296,-0.056,0.00810138654537452));
#16202=CARTESIAN_POINT('',(0.10108681053296,-0.056,0.00967683955689238));
#16203=CARTESIAN_POINT('',(0.101847026217796,-0.056,0.0105370112244149));
#16204=CARTESIAN_POINT('',(0.101835104862063,-0.056,0.00572445161763628));
#16205=CARTESIAN_POINT('',(0.101835104862063,-0.057,0.00572445161763628));
#16206=CARTESIAN_POINT('',(0.101336241975994,-0.056,0.00628444966131123));
#16207=CARTESIAN_POINT('',(0.101336241975994,-0.057,0.00628444966131123));
#16208=CARTESIAN_POINT('',(0.10108681053296,-0.056,0.00707676130389065));
#16209=CARTESIAN_POINT('',(0.10108681053296,-0.057,0.00707676130389065));
#16210=CARTESIAN_POINT('',(0.10108681053296,-0.056,0.00810138654537452));
#16211=CARTESIAN_POINT('',(0.10108681053296,-0.057,0.00810138654537452));
#16212=CARTESIAN_POINT('',(0.101835104862063,-0.056,0.00572445161763628));
#16213=CARTESIAN_POINT('',(0.10108681053296,-0.056,0.00656444868314871));
#16214=CARTESIAN_POINT('',(0.10108681053296,-0.056,0.00810138654537452));
#16215=CARTESIAN_POINT('',(-0.011379711159314,-0.056,0.0325));
#16216=CARTESIAN_POINT('',(0.107966349818413,-0.056,0.00821509793852249));
#16217=CARTESIAN_POINT('',(0.107966349818413,-0.057,0.00821509793852249));
#16218=CARTESIAN_POINT('',(0.108130192040798,-0.056,0.00844863424057908));
#16219=CARTESIAN_POINT('',(0.108130192040798,-0.057,0.00844863424057908));
#16220=CARTESIAN_POINT('',(0.108380234835408,-0.056,0.00875431002861126));
#16221=CARTESIAN_POINT('',(0.108380234835408,-0.057,0.00875431002861126));
#16222=CARTESIAN_POINT('',(0.108716478202243,-0.056,0.00913212530261903));
#16223=CARTESIAN_POINT('',(0.108716478202243,-0.057,0.00913212530261903));
#16224=CARTESIAN_POINT('',(0.107966349818413,-0.056,0.00821509793852249));
#16225=CARTESIAN_POINT('',(0.107966349818413,-0.056,0.00821509793852249));
#16226=CARTESIAN_POINT('',(0.107966349818413,-0.056,0.00821509793852249));
#16227=CARTESIAN_POINT('',(0.10821211315199,-0.056,0.00856540239160737));
#16228=CARTESIAN_POINT('',(0.108716478202243,-0.056,0.00913212530261903));
#16229=CARTESIAN_POINT('',(0.108716478202243,-0.056,0.00913212530261903));
#16230=CARTESIAN_POINT('',(0.108716478202243,-0.056,0.00913212530261903));
#16231=CARTESIAN_POINT('',(0.10794342413431,-0.056,0.00821509793852249));
#16232=CARTESIAN_POINT('',(0.107920498450208,-0.056,0.00821509793852249));
#16233=CARTESIAN_POINT('',(0.107920498450208,-0.056,0.00821509793852249));
#16234=CARTESIAN_POINT('',(0.10794342413431,-0.056,0.00821509793852249));
#16235=CARTESIAN_POINT('',(0.107966349818413,-0.056,0.00918898099919302));
#16236=CARTESIAN_POINT('',(0.107966349818413,-0.057,0.00918898099919302));
#16237=CARTESIAN_POINT('',(0.107966349818413,-0.056,0.00897989876017901));
#16238=CARTESIAN_POINT('',(0.107966349818413,-0.057,0.00897989876017901));
#16239=CARTESIAN_POINT('',(0.107951066029011,-0.056,0.00865527107328883));
#16240=CARTESIAN_POINT('',(0.107951066029011,-0.057,0.00865527107328883));
#16241=CARTESIAN_POINT('',(0.107920498450208,-0.056,0.00821509793852249));
#16242=CARTESIAN_POINT('',(0.107920498450208,-0.057,0.00821509793852249));
#16243=CARTESIAN_POINT('',(0.107966349818413,-0.056,0.00918898099919302));
#16244=CARTESIAN_POINT('',(0.107966349818413,-0.056,0.00918898099919302));
#16245=CARTESIAN_POINT('',(0.107966349818413,-0.056,0.00918898099919302));
#16246=CARTESIAN_POINT('',(0.107966349818413,-0.056,0.008875357640672));
#16247=CARTESIAN_POINT('',(0.107920498450208,-0.056,0.00821509793852249));
#16248=CARTESIAN_POINT('',(0.107966349818413,-0.056,0.011553994571198));
#16249=CARTESIAN_POINT('',(0.107966349818413,-0.056,0.013919008143203));
#16250=CARTESIAN_POINT('',(0.107966349818413,-0.056,0.013919008143203));
#16251=CARTESIAN_POINT('',(0.107966349818413,-0.056,0.011553994571198));
#16252=CARTESIAN_POINT('',(0.107495914780631,-0.056,0.013919008143203));
#16253=CARTESIAN_POINT('',(0.107025479742849,-0.056,0.013919008143203));
#16254=CARTESIAN_POINT('',(0.107025479742849,-0.056,0.013919008143203));
#16255=CARTESIAN_POINT('',(0.107495914780631,-0.056,0.013919008143203));
#16256=CARTESIAN_POINT('',(0.107025479742849,-0.056,0.0094595040716015));
#16257=CARTESIAN_POINT('',(0.107025479742849,-0.056,0.005));
#16258=CARTESIAN_POINT('',(0.107025479742849,-0.056,0.005));
#16259=CARTESIAN_POINT('',(0.107025479742849,-0.056,0.0094595040716015));
#16260=CARTESIAN_POINT('',(0.107495914780631,-0.056,0.005));
#16261=CARTESIAN_POINT('',(0.107966349818413,-0.056,0.005));
#16262=CARTESIAN_POINT('',(0.107966349818413,-0.056,0.005));
#16263=CARTESIAN_POINT('',(0.107495914780631,-0.056,0.005));
#16264=CARTESIAN_POINT('',(0.107966349818413,-0.056,0.00617471205340768));
#16265=CARTESIAN_POINT('',(0.107966349818413,-0.056,0.00734942410681535));
#16266=CARTESIAN_POINT('',(0.107966349818413,-0.056,0.00734942410681535));
#16267=CARTESIAN_POINT('',(0.107966349818413,-0.056,0.00617471205340768));
#16268=CARTESIAN_POINT('',(0.10832399049041,-0.056,0.00765937935587999));
#16269=CARTESIAN_POINT('',(0.108681631162408,-0.056,0.00796933460494462));
#16270=CARTESIAN_POINT('',(0.108681631162408,-0.056,0.00796933460494462));
#16271=CARTESIAN_POINT('',(0.10832399049041,-0.056,0.00765937935587999));
#16272=CARTESIAN_POINT('',(0.109791234272965,-0.056,0.00648466730247231));
#16273=CARTESIAN_POINT('',(0.110900837383521,-0.056,0.005));
#16274=CARTESIAN_POINT('',(0.110900837383521,-0.056,0.005));
#16275=CARTESIAN_POINT('',(0.109791234272965,-0.056,0.00648466730247231));
#16276=CARTESIAN_POINT('',(0.111476730568174,-0.056,0.005));
#16277=CARTESIAN_POINT('',(0.112052623752827,-0.056,0.005));
#16278=CARTESIAN_POINT('',(0.112052623752827,-0.056,0.005));
#16279=CARTESIAN_POINT('',(0.111476730568174,-0.056,0.005));
#16280=CARTESIAN_POINT('',(0.110690838117143,-0.056,0.00680287579781381));
#16281=CARTESIAN_POINT('',(0.10932905248146,-0.056,0.00860575159562762));
#16282=CARTESIAN_POINT('',(0.10932905248146,-0.056,0.00860575159562762));
#16283=CARTESIAN_POINT('',(0.110690838117143,-0.056,0.00680287579781381));
#16284=CARTESIAN_POINT('',(0.110601886462826,-0.056,0.00994369451984447));
#16285=CARTESIAN_POINT('',(0.111874720444192,-0.056,0.0112816374440613));
#16286=CARTESIAN_POINT('',(0.111874720444192,-0.056,0.0112816374440613));
#16287=CARTESIAN_POINT('',(0.110601886462826,-0.056,0.00994369451984447));
#16288=CARTESIAN_POINT('',(0.111309831587909,-0.056,0.0112816374440613));
#16289=CARTESIAN_POINT('',(0.110744942731625,-0.056,0.0112816374440613));
#16290=CARTESIAN_POINT('',(0.110744942731625,-0.056,0.0112816374440613));
#16291=CARTESIAN_POINT('',(0.111309831587909,-0.056,0.0112816374440613));
#16292=CARTESIAN_POINT('',(0.109730710466934,-0.056,0.0102068813733402));
#16293=CARTESIAN_POINT('',(0.109730710466934,-0.056,0.0102068813733402));
#16294=CARTESIAN_POINT('',(-0.011379711159314,-0.056,0.0325));
#16295=CARTESIAN_POINT('',(0.115696890497746,-0.056,0.00488445455212384));
#16296=CARTESIAN_POINT('',(0.115696890497746,-0.057,0.00488445455212384));
#16297=CARTESIAN_POINT('',(0.114787199352563,-0.056,0.00488445455212384));
#16298=CARTESIAN_POINT('',(0.114787199352563,-0.057,0.00488445455212384));
#16299=CARTESIAN_POINT('',(0.114082922336937,-0.056,0.00516445357396132));
#16300=CARTESIAN_POINT('',(0.114082922336937,-0.057,0.00516445357396132));
#16301=CARTESIAN_POINT('',(0.113584059450868,-0.056,0.00572445161763628));
#16302=CARTESIAN_POINT('',(0.113584059450868,-0.057,0.00572445161763628));
#16303=CARTESIAN_POINT('',(0.115696890497746,-0.056,0.00488445455212384));
#16304=CARTESIAN_POINT('',(0.115696890497746,-0.056,0.00488445455212384));
#16305=CARTESIAN_POINT('',(0.115696890497746,-0.056,0.00488445455212384));
#16306=CARTESIAN_POINT('',(0.114332353779971,-0.056,0.00488445455212384));
#16307=CARTESIAN_POINT('',(0.113584059450868,-0.056,0.00572445161763628));
#16308=CARTESIAN_POINT('',(0.113584059450868,-0.056,0.00572445161763628));
#16309=CARTESIAN_POINT('',(0.113584059450868,-0.056,0.00572445161763628));
#16310=CARTESIAN_POINT('',(0.117283347837633,-0.056,0.0052127503484704));
#16311=CARTESIAN_POINT('',(0.117283347837633,-0.057,0.0052127503484704));
#16312=CARTESIAN_POINT('',(0.116863960656453,-0.056,0.00499388648423936));
#16313=CARTESIAN_POINT('',(0.116863960656453,-0.057,0.00499388648423936));
#16314=CARTESIAN_POINT('',(0.116335141543158,-0.056,0.00488445455212384));
#16315=CARTESIAN_POINT('',(0.116335141543158,-0.057,0.00488445455212384));
#16316=CARTESIAN_POINT('',(0.115696890497746,-0.056,0.00488445455212384));
#16317=CARTESIAN_POINT('',(0.115696890497746,-0.057,0.00488445455212384));
#16318=CARTESIAN_POINT('',(0.117283347837633,-0.056,0.0052127503484704));
#16319=CARTESIAN_POINT('',(0.117283347837633,-0.056,0.0052127503484704));
#16320=CARTESIAN_POINT('',(0.117283347837633,-0.056,0.0052127503484704));
#16321=CARTESIAN_POINT('',(0.116654267065863,-0.056,0.00488445455212384));
#16322=CARTESIAN_POINT('',(0.115696890497746,-0.056,0.00488445455212384));
#16323=CARTESIAN_POINT('',(0.117283347837633,-0.056,0.00563366590859072));
#16324=CARTESIAN_POINT('',(0.117283347837633,-0.056,0.00605458146871103));
#16325=CARTESIAN_POINT('',(0.117283347837633,-0.056,0.00605458146871103));
#16326=CARTESIAN_POINT('',(0.117283347837633,-0.056,0.00563366590859072));
#16327=CARTESIAN_POINT('',(0.11567304778628,-0.056,0.0057171153987235));
#16328=CARTESIAN_POINT('',(0.11567304778628,-0.057,0.0057171153987235));
#16329=CARTESIAN_POINT('',(0.116196364735391,-0.056,0.0057171153987235));
#16330=CARTESIAN_POINT('',(0.116196364735391,-0.057,0.0057171153987235));
#16331=CARTESIAN_POINT('',(0.116733131419176,-0.056,0.00582960408871934));
#16332=CARTESIAN_POINT('',(0.116733131419176,-0.057,0.00582960408871934));
#16333=CARTESIAN_POINT('',(0.117283347837633,-0.056,0.00605458146871103));
#16334=CARTESIAN_POINT('',(0.117283347837633,-0.057,0.00605458146871103));
#16335=CARTESIAN_POINT('',(0.11567304778628,-0.056,0.0057171153987235));
#16336=CARTESIAN_POINT('',(0.11567304778628,-0.056,0.0057171153987235));
#16337=CARTESIAN_POINT('',(0.11567304778628,-0.056,0.0057171153987235));
#16338=CARTESIAN_POINT('',(0.116458023209947,-0.056,0.0057171153987235));
#16339=CARTESIAN_POINT('',(0.117283347837633,-0.056,0.00605458146871103));
#16340=CARTESIAN_POINT('',(0.114289253493858,-0.056,0.00633610886948867));
#16341=CARTESIAN_POINT('',(0.114289253493858,-0.057,0.00633610886948867));
#16342=CARTESIAN_POINT('',(0.114600431446075,-0.056,0.00592344655564522));
#16343=CARTESIAN_POINT('',(0.114600431446075,-0.057,0.00592344655564522));
#16344=CARTESIAN_POINT('',(0.115061696210216,-0.056,0.0057171153987235));
#16345=CARTESIAN_POINT('',(0.115061696210216,-0.057,0.0057171153987235));
#16346=CARTESIAN_POINT('',(0.11567304778628,-0.056,0.0057171153987235));
#16347=CARTESIAN_POINT('',(0.11567304778628,-0.057,0.0057171153987235));
#16348=CARTESIAN_POINT('',(0.114289253493858,-0.056,0.00633610886948867));
#16349=CARTESIAN_POINT('',(0.114289253493858,-0.056,0.00633610886948867));
#16350=CARTESIAN_POINT('',(0.114289253493858,-0.056,0.00633610886948867));
#16351=CARTESIAN_POINT('',(0.114756020422183,-0.056,0.0057171153987235));
#16352=CARTESIAN_POINT('',(0.11567304778628,-0.056,0.0057171153987235));
#16353=CARTESIAN_POINT('',(0.113822486565533,-0.056,0.00811239087374367));
#16354=CARTESIAN_POINT('',(0.113822486565533,-0.057,0.00811239087374367));
#16355=CARTESIAN_POINT('',(0.113822486565533,-0.056,0.00734086518475045));
#16356=CARTESIAN_POINT('',(0.113822486565533,-0.057,0.00734086518475045));
#16357=CARTESIAN_POINT('',(0.113978075541641,-0.056,0.00674877118333212));
#16358=CARTESIAN_POINT('',(0.113978075541641,-0.057,0.00674877118333212));
#16359=CARTESIAN_POINT('',(0.114289253493858,-0.056,0.00633610886948867));
#16360=CARTESIAN_POINT('',(0.114289253493858,-0.057,0.00633610886948867));
#16361=CARTESIAN_POINT('',(0.113822486565533,-0.056,0.00811239087374367));
#16362=CARTESIAN_POINT('',(0.113822486565533,-0.056,0.00811239087374367));
#16363=CARTESIAN_POINT('',(0.113822486565533,-0.056,0.00811239087374367));
#16364=CARTESIAN_POINT('',(0.113822486565533,-0.056,0.00695510234025384));
#16365=CARTESIAN_POINT('',(0.114289253493858,-0.056,0.00633610886948867));
#16366=CARTESIAN_POINT('',(0.115737239701767,-0.056,0.0105535177169687));
#16367=CARTESIAN_POINT('',(0.115737239701767,-0.057,0.0105535177169687));
#16368=CARTESIAN_POINT('',(0.114460737610944,-0.056,0.0105535177169687));
#16369=CARTESIAN_POINT('',(0.114460737610944,-0.057,0.0105535177169687));
#16370=CARTESIAN_POINT('',(0.113822486565533,-0.056,0.009739808769227));
#16371=CARTESIAN_POINT('',(0.113822486565533,-0.057,0.009739808769227));
#16372=CARTESIAN_POINT('',(0.113822486565533,-0.056,0.00811239087374367));
#16373=CARTESIAN_POINT('',(0.113822486565533,-0.057,0.00811239087374367));
#16374=CARTESIAN_POINT('',(0.115737239701767,-0.056,0.0105535177169687));
#16375=CARTESIAN_POINT('',(0.115737239701767,-0.056,0.0105535177169687));
#16376=CARTESIAN_POINT('',(0.115737239701767,-0.056,0.0105535177169687));
#16377=CARTESIAN_POINT('',(0.113822486565533,-0.056,0.0105535177169687));
#16378=CARTESIAN_POINT('',(0.113822486565533,-0.056,0.00811239087374367));
#16379=CARTESIAN_POINT('',(0.115673329116492,-0.0559999999999996,0.0074414496696587));
#16380=CARTESIAN_POINT('',(0.116395665349188,-0.056,0.0104709852542));
#16381=CARTESIAN_POINT('',(0.116395568530885,-0.056,0.0104705835665831));
#16382=CARTESIAN_POINT('',(0.115673329116492,-0.056,0.0074414496696587));
#16383=CARTESIAN_POINT('',(0.115463113474488,-0.0559999999999993,0.00615551090292901));
#16384=CARTESIAN_POINT('',(0.117083534402876,-0.056,0.0102621756717263));
#16385=CARTESIAN_POINT('',(0.117083534401408,-0.056,0.0102621756710635));
#16386=CARTESIAN_POINT('',(0.115463113474488,-0.056,0.00615551090292901));
#16387=CARTESIAN_POINT('',(0.117229243223152,-0.056,0.0106653950553884));
#16388=CARTESIAN_POINT('',(0.117375050574043,-0.056,0.0110688870955909));
#16389=CARTESIAN_POINT('',(0.117375050574043,-0.056,0.0110688870955909));
#16390=CARTESIAN_POINT('',(0.117229243223152,-0.056,0.0106653950553884));
#16391=CARTESIAN_POINT('',(0.116665271394232,-0.056,0.0112990609639792));
#16392=CARTESIAN_POINT('',(0.116665271394232,-0.057,0.0112990609639792));
#16393=CARTESIAN_POINT('',(0.116967279072808,-0.056,0.0112336463453403));
#16394=CARTESIAN_POINT('',(0.116967279072808,-0.057,0.0112336463453403));
#16395=CARTESIAN_POINT('',(0.117203872132745,-0.056,0.0111569217225442));
#16396=CARTESIAN_POINT('',(0.117203872132745,-0.057,0.0111569217225442));
#16397=CARTESIAN_POINT('',(0.117375050574043,-0.056,0.0110688870955909));
#16398=CARTESIAN_POINT('',(0.117375050574043,-0.057,0.0110688870955909));
#16399=CARTESIAN_POINT('',(0.116665271394232,-0.056,0.0112990609639792));
#16400=CARTESIAN_POINT('',(0.116665271394232,-0.056,0.0112990609639792));
#16401=CARTESIAN_POINT('',(0.116665271394232,-0.056,0.0112990609639792));
#16402=CARTESIAN_POINT('',(0.117118282912096,-0.056,0.0112009390360208));
#16403=CARTESIAN_POINT('',(0.117375050574043,-0.056,0.0110688870955909));
#16404=CARTESIAN_POINT('',(0.115754425712979,-0.0559999999999996,0.00712896128004262));
#16405=CARTESIAN_POINT('',(0.115759248358505,-0.056,0.0113971828919375));
#16406=CARTESIAN_POINT('',(0.115759248358505,-0.056,0.0113971828919375));
#16407=CARTESIAN_POINT('',(0.115754425712979,-0.056,0.00712896128004262));
#16408=CARTESIAN_POINT('',(0.113595980806601,-0.056,0.0105370112244149));
#16409=CARTESIAN_POINT('',(0.113595980806601,-0.057,0.0105370112244149));
#16410=CARTESIAN_POINT('',(0.114102791263159,-0.056,0.0111104590027633));
#16411=CARTESIAN_POINT('',(0.114102791263159,-0.057,0.0111104590027633));
#16412=CARTESIAN_POINT('',(0.114823880447126,-0.056,0.0113971828919375));
#16413=CARTESIAN_POINT('',(0.114823880447126,-0.057,0.0113971828919375));
#16414=CARTESIAN_POINT('',(0.115759248358505,-0.056,0.0113971828919375));
#16415=CARTESIAN_POINT('',(0.115759248358505,-0.057,0.0113971828919375));
#16416=CARTESIAN_POINT('',(0.113595980806601,-0.056,0.0105370112244149));
#16417=CARTESIAN_POINT('',(0.113595980806601,-0.056,0.0105370112244149));
#16418=CARTESIAN_POINT('',(0.113595980806601,-0.056,0.0105370112244149));
#16419=CARTESIAN_POINT('',(0.114356196491437,-0.056,0.0113971828919375));
#16420=CARTESIAN_POINT('',(0.115759248358505,-0.056,0.0113971828919375));
#16421=CARTESIAN_POINT('',(0.112835765121765,-0.056,0.00810138654537452));
#16422=CARTESIAN_POINT('',(0.112835765121765,-0.057,0.00810138654537452));
#16423=CARTESIAN_POINT('',(0.112835765121765,-0.056,0.00915168855305309));
#16424=CARTESIAN_POINT('',(0.112835765121765,-0.057,0.00915168855305309));
#16425=CARTESIAN_POINT('',(0.113089170350044,-0.056,0.00996356344606656));
#16426=CARTESIAN_POINT('',(0.113089170350044,-0.057,0.00996356344606656));
#16427=CARTESIAN_POINT('',(0.113595980806601,-0.056,0.0105370112244149));
#16428=CARTESIAN_POINT('',(0.113595980806601,-0.057,0.0105370112244149));
#16429=CARTESIAN_POINT('',(0.112835765121765,-0.056,0.00810138654537452));
#16430=CARTESIAN_POINT('',(0.112835765121765,-0.056,0.00810138654537452));
#16431=CARTESIAN_POINT('',(0.112835765121765,-0.056,0.00810138654537452));
#16432=CARTESIAN_POINT('',(0.112835765121765,-0.056,0.00967683955689238));
#16433=CARTESIAN_POINT('',(0.113595980806601,-0.056,0.0105370112244149));
#16434=CARTESIAN_POINT('',(0.113584059450868,-0.056,0.00572445161763628));
#16435=CARTESIAN_POINT('',(0.113584059450868,-0.057,0.00572445161763628));
#16436=CARTESIAN_POINT('',(0.113085196564799,-0.056,0.00628444966131123));
#16437=CARTESIAN_POINT('',(0.113085196564799,-0.057,0.00628444966131123));
#16438=CARTESIAN_POINT('',(0.112835765121765,-0.056,0.00707676130389065));
#16439=CARTESIAN_POINT('',(0.112835765121765,-0.057,0.00707676130389065));
#16440=CARTESIAN_POINT('',(0.112835765121765,-0.056,0.00810138654537452));
#16441=CARTESIAN_POINT('',(0.112835765121765,-0.057,0.00810138654537452));
#16442=CARTESIAN_POINT('',(0.113584059450868,-0.056,0.00572445161763628));
#16443=CARTESIAN_POINT('',(0.112835765121765,-0.056,0.00656444868314871));
#16444=CARTESIAN_POINT('',(0.112835765121765,-0.056,0.00810138654537452));
#16445=CARTESIAN_POINT('',(-0.011379711159314,-0.056,0.0325));
#16446=CARTESIAN_POINT('',(0.11925037153362,-0.056,0.005));
#16447=CARTESIAN_POINT('',(0.119726308735587,-0.056,0.005));
#16448=CARTESIAN_POINT('',(0.119726308735587,-0.056,0.005));
#16449=CARTESIAN_POINT('',(0.11925037153362,-0.056,0.005));
#16450=CARTESIAN_POINT('',(0.118774434331654,-0.056,0.005));
#16451=CARTESIAN_POINT('',(0.118774434331654,-0.056,0.005));
#16452=CARTESIAN_POINT('',(0.119726308735587,-0.056,0.0094595040716015));
#16453=CARTESIAN_POINT('',(0.119726308735587,-0.056,0.013919008143203));
#16454=CARTESIAN_POINT('',(0.119726308735587,-0.056,0.013919008143203));
#16455=CARTESIAN_POINT('',(0.119726308735587,-0.056,0.0094595040716015));
#16456=CARTESIAN_POINT('',(0.11925037153362,-0.056,0.013919008143203));
#16457=CARTESIAN_POINT('',(0.118774434331654,-0.056,0.013919008143203));
#16458=CARTESIAN_POINT('',(0.118774434331654,-0.056,0.013919008143203));
#16459=CARTESIAN_POINT('',(0.11925037153362,-0.056,0.013919008143203));
#16460=CARTESIAN_POINT('',(0.118774434331654,-0.056,0.0094595040716015));
#16461=CARTESIAN_POINT('',(0.118774434331654,-0.056,0.0094595040716015));
#16462=CARTESIAN_POINT('',(-0.011379711159314,-0.056,0.0325));
#16463=CARTESIAN_POINT('',(0.122638787643957,-0.056,0.00924400264103881));
#16464=CARTESIAN_POINT('',(0.122638787643957,-0.056,0.0112816374440613));
#16465=CARTESIAN_POINT('',(0.122638787643957,-0.056,0.0112816374440613));
#16466=CARTESIAN_POINT('',(0.122638787643957,-0.056,0.00924400264103881));
#16467=CARTESIAN_POINT('',(0.122638787643957,-0.056,0.00720636783801629));
#16468=CARTESIAN_POINT('',(0.122638787643957,-0.056,0.00720636783801629));
#16469=CARTESIAN_POINT('',(0.122157348277807,-0.056,0.0112816374440613));
#16470=CARTESIAN_POINT('',(0.121675908911656,-0.056,0.0112816374440613));
#16471=CARTESIAN_POINT('',(0.121675908911656,-0.056,0.0112816374440613));
#16472=CARTESIAN_POINT('',(0.122157348277807,-0.056,0.0112816374440613));
#16473=CARTESIAN_POINT('',(0.121675908911656,-0.056,0.00922657912112097));
#16474=CARTESIAN_POINT('',(0.121675908911656,-0.056,0.00717152079818062));
#16475=CARTESIAN_POINT('',(0.121675908911656,-0.056,0.00717152079818062));
#16476=CARTESIAN_POINT('',(0.121675908911656,-0.056,0.00922657912112097));
#16477=CARTESIAN_POINT('',(0.12224538290476,-0.056,0.00542916880639719));
#16478=CARTESIAN_POINT('',(0.12224538290476,-0.057,0.00542916880639719));
#16479=CARTESIAN_POINT('',(0.121865733576024,-0.056,0.00579231164257942));
#16480=CARTESIAN_POINT('',(0.121865733576024,-0.057,0.00579231164257942));
#16481=CARTESIAN_POINT('',(0.121675908911656,-0.056,0.00637309563984057));
#16482=CARTESIAN_POINT('',(0.121675908911656,-0.057,0.00637309563984057));
#16483=CARTESIAN_POINT('',(0.121675908911656,-0.056,0.00717152079818062));
#16484=CARTESIAN_POINT('',(0.121675908911656,-0.057,0.00717152079818062));
#16485=CARTESIAN_POINT('',(0.12224538290476,-0.056,0.00542916880639719));
#16486=CARTESIAN_POINT('',(0.12224538290476,-0.056,0.00542916880639719));
#16487=CARTESIAN_POINT('',(0.12224538290476,-0.056,0.00542916880639719));
#16488=CARTESIAN_POINT('',(0.121675908911656,-0.056,0.00597388306067054));
#16489=CARTESIAN_POINT('',(0.121675908911656,-0.056,0.00717152079818062));
#16490=CARTESIAN_POINT('',(0.123961141102984,-0.056,0.00488445455212384));
#16491=CARTESIAN_POINT('',(0.123961141102984,-0.057,0.00488445455212384));
#16492=CARTESIAN_POINT('',(0.123196951632904,-0.056,0.00488445455212384));
#16493=CARTESIAN_POINT('',(0.123196951632904,-0.057,0.00488445455212384));
#16494=CARTESIAN_POINT('',(0.122625032233496,-0.056,0.00506602597021496));
#16495=CARTESIAN_POINT('',(0.122625032233496,-0.057,0.00506602597021496));
#16496=CARTESIAN_POINT('',(0.12224538290476,-0.056,0.00542916880639719));
#16497=CARTESIAN_POINT('',(0.12224538290476,-0.057,0.00542916880639719));
#16498=CARTESIAN_POINT('',(0.123961141102984,-0.056,0.00488445455212384));
#16499=CARTESIAN_POINT('',(0.123961141102984,-0.056,0.00488445455212384));
#16500=CARTESIAN_POINT('',(0.123961141102984,-0.056,0.00488445455212384));
#16501=CARTESIAN_POINT('',(0.122814856897864,-0.056,0.00488445455212384));
#16502=CARTESIAN_POINT('',(0.12224538290476,-0.056,0.00542916880639719));
#16503=CARTESIAN_POINT('',(0.125145940457397,-0.056,0.00513113491306581));
#16504=CARTESIAN_POINT('',(0.125145940457397,-0.057,0.00513113491306581));
#16505=CARTESIAN_POINT('',(0.124799915465345,-0.056,0.0049666813391045));
#16506=CARTESIAN_POINT('',(0.124799915465345,-0.057,0.0049666813391045));
#16507=CARTESIAN_POINT('',(0.124404982347207,-0.056,0.00488445455212384));
#16508=CARTESIAN_POINT('',(0.124404982347207,-0.057,0.00488445455212384));
#16509=CARTESIAN_POINT('',(0.123961141102984,-0.056,0.00488445455212384));
#16510=CARTESIAN_POINT('',(0.123961141102984,-0.057,0.00488445455212384));
#16511=CARTESIAN_POINT('',(0.125145940457397,-0.056,0.00513113491306581));
#16512=CARTESIAN_POINT('',(0.125145940457397,-0.056,0.00513113491306581));
#16513=CARTESIAN_POINT('',(0.125145940457397,-0.056,0.00513113491306581));
#16514=CARTESIAN_POINT('',(0.124626902969319,-0.056,0.00488445455212384));
#16515=CARTESIAN_POINT('',(0.123961141102984,-0.056,0.00488445455212384));
#16516=CARTESIAN_POINT('',(0.12435766211411,-0.056,0.00685152935919978));
#16517=CARTESIAN_POINT('',(0.125957081734631,-0.056,0.00584183112024063));
#16518=CARTESIAN_POINT('',(0.125957081734631,-0.056,0.00584183112024063));
#16519=CARTESIAN_POINT('',(0.12435766211411,-0.056,0.00685152935919978));
#16520=CARTESIAN_POINT('',(0.125982269413453,-0.056,0.00584183112024063));
#16521=CARTESIAN_POINT('',(0.126007946179648,-0.056,0.00584183112024063));
#16522=CARTESIAN_POINT('',(0.126007946179648,-0.056,0.00584183112024063));
#16523=CARTESIAN_POINT('',(0.125982269413453,-0.056,0.00584183112024063));
#16524=CARTESIAN_POINT('',(0.126076723231955,-0.056,0.00542091556012032));
#16525=CARTESIAN_POINT('',(0.126145500284262,-0.056,0.005));
#16526=CARTESIAN_POINT('',(0.126145500284262,-0.056,0.005));
#16527=CARTESIAN_POINT('',(0.126076723231955,-0.056,0.00542091556012032));
#16528=CARTESIAN_POINT('',(0.126537987996096,-0.056,0.005));
#16529=CARTESIAN_POINT('',(0.126930475707929,-0.056,0.005));
#16530=CARTESIAN_POINT('',(0.126930475707929,-0.056,0.005));
#16531=CARTESIAN_POINT('',(0.126537987996096,-0.056,0.005));
#16532=CARTESIAN_POINT('',(0.126930475707929,-0.056,0.00814081872203067));
#16533=CARTESIAN_POINT('',(0.126930475707929,-0.056,0.0112816374440613));
#16534=CARTESIAN_POINT('',(0.126930475707929,-0.056,0.0112816374440613));
#16535=CARTESIAN_POINT('',(0.126930475707929,-0.056,0.00814081872203067));
#16536=CARTESIAN_POINT('',(0.126454538505963,-0.056,0.0112816374440613));
#16537=CARTESIAN_POINT('',(0.125978601303997,-0.056,0.0112816374440613));
#16538=CARTESIAN_POINT('',(0.125978601303997,-0.056,0.0112816374440613));
#16539=CARTESIAN_POINT('',(0.126454538505963,-0.056,0.0112816374440613));
#16540=CARTESIAN_POINT('',(0.125978601303997,-0.056,0.00963098818868755));
#16541=CARTESIAN_POINT('',(0.125978601303997,-0.056,0.00798033893331377));
#16542=CARTESIAN_POINT('',(0.125978601303997,-0.056,0.00798033893331377));
#16543=CARTESIAN_POINT('',(0.125978601303997,-0.056,0.00963098818868755));
#16544=CARTESIAN_POINT('',(0.125523755731405,-0.056,0.00622056342161251));
#16545=CARTESIAN_POINT('',(0.125523755731405,-0.057,0.00622056342161251));
#16546=CARTESIAN_POINT('',(0.125826986113133,-0.056,0.00657942679676229));
#16547=CARTESIAN_POINT('',(0.125826986113133,-0.057,0.00657942679676229));
#16548=CARTESIAN_POINT('',(0.125978601303997,-0.056,0.00716601863399604));
#16549=CARTESIAN_POINT('',(0.125978601303997,-0.057,0.00716601863399604));
#16550=CARTESIAN_POINT('',(0.125978601303997,-0.056,0.00798033893331377));
#16551=CARTESIAN_POINT('',(0.125978601303997,-0.057,0.00798033893331377));
#16552=CARTESIAN_POINT('',(0.125523755731405,-0.056,0.00622056342161251));
#16553=CARTESIAN_POINT('',(0.125523755731405,-0.056,0.00622056342161251));
#16554=CARTESIAN_POINT('',(0.125523755731405,-0.056,0.00622056342161251));
#16555=CARTESIAN_POINT('',(0.125978601303997,-0.056,0.00675885848433718));
#16556=CARTESIAN_POINT('',(0.125978601303997,-0.056,0.00798033893331377));
#16557=CARTESIAN_POINT('',(0.124082188715045,-0.056,0.00568226835888783));
#16558=CARTESIAN_POINT('',(0.124082188715045,-0.057,0.00568226835888783));
#16559=CARTESIAN_POINT('',(0.12474000301089,-0.056,0.00568226835888783));
#16560=CARTESIAN_POINT('',(0.12474000301089,-0.057,0.00568226835888783));
#16561=CARTESIAN_POINT('',(0.125220525349677,-0.056,0.00586170004646272));
#16562=CARTESIAN_POINT('',(0.125220525349677,-0.057,0.00586170004646272));
#16563=CARTESIAN_POINT('',(0.125523755731405,-0.056,0.00622056342161251));
#16564=CARTESIAN_POINT('',(0.125523755731405,-0.057,0.00622056342161251));
#16565=CARTESIAN_POINT('',(0.124082188715045,-0.056,0.00568226835888783));
#16566=CARTESIAN_POINT('',(0.124082188715045,-0.056,0.00568226835888783));
#16567=CARTESIAN_POINT('',(0.124082188715045,-0.056,0.00568226835888783));
#16568=CARTESIAN_POINT('',(0.125068910158813,-0.056,0.00568226835888783));
#16569=CARTESIAN_POINT('',(0.125523755731405,-0.056,0.00622056342161251));
#16570=CARTESIAN_POINT('',(0.122988175069678,-0.056,0.00606008363289561));
#16571=CARTESIAN_POINT('',(0.122988175069678,-0.057,0.00606008363289561));
#16572=CARTESIAN_POINT('',(0.123221100020159,-0.056,0.00580820678355709));
#16573=CARTESIAN_POINT('',(0.123221100020159,-0.057,0.00580820678355709));
#16574=CARTESIAN_POINT('',(0.123585771235281,-0.056,0.00568226835888783));
#16575=CARTESIAN_POINT('',(0.123585771235281,-0.057,0.00568226835888783));
#16576=CARTESIAN_POINT('',(0.124082188715045,-0.056,0.00568226835888783));
#16577=CARTESIAN_POINT('',(0.124082188715045,-0.057,0.00568226835888783));
#16578=CARTESIAN_POINT('',(0.122988175069678,-0.056,0.00606008363289561));
#16579=CARTESIAN_POINT('',(0.122988175069678,-0.056,0.00606008363289561));
#16580=CARTESIAN_POINT('',(0.122988175069678,-0.056,0.00606008363289561));
#16581=CARTESIAN_POINT('',(0.123337562495399,-0.056,0.00568226835888783));
#16582=CARTESIAN_POINT('',(0.124082188715045,-0.056,0.00568226835888783));
#16583=CARTESIAN_POINT('',(0.122638787643957,-0.056,0.00720636783801629));
#16584=CARTESIAN_POINT('',(0.122638787643957,-0.057,0.00720636783801629));
#16585=CARTESIAN_POINT('',(0.122638787643957,-0.056,0.00669405521727436));
#16586=CARTESIAN_POINT('',(0.122638787643957,-0.057,0.00669405521727436));
#16587=CARTESIAN_POINT('',(0.122755250119197,-0.056,0.00631196048223413));
#16588=CARTESIAN_POINT('',(0.122755250119197,-0.057,0.00631196048223413));
#16589=CARTESIAN_POINT('',(0.122988175069678,-0.056,0.00606008363289561));
#16590=CARTESIAN_POINT('',(0.122988175069678,-0.057,0.00606008363289561));
#16591=CARTESIAN_POINT('',(0.122638787643957,-0.056,0.00720636783801629));
#16592=CARTESIAN_POINT('',(0.122638787643957,-0.056,0.00643789890690339));
#16593=CARTESIAN_POINT('',(0.122988175069678,-0.056,0.00606008363289561));
#16594=CARTESIAN_POINT('',(-0.011379711159314,-0.056,0.0325));
#16595=CARTESIAN_POINT('',(0.0966227213245383,-0.056,0.00567126403051868));
#16596=CARTESIAN_POINT('',(0.0966227213245383,-0.057,0.00567126403051868));
#16597=CARTESIAN_POINT('',(0.0972157323533208,-0.056,0.00567126403051868));
#16598=CARTESIAN_POINT('',(0.0972157323533208,-0.057,0.00567126403051868));
#16599=CARTESIAN_POINT('',(0.0976812765784938,-0.056,0.00583357787396377));
#16600=CARTESIAN_POINT('',(0.0976812765784938,-0.057,0.00583357787396377));
#16601=CARTESIAN_POINT('',(0.0980193540000574,-0.056,0.00615820556085394));
#16602=CARTESIAN_POINT('',(0.0980193540000574,-0.057,0.00615820556085394));
#16603=CARTESIAN_POINT('',(0.0966227213245383,-0.057,0.00567126403051868));
#16604=CARTESIAN_POINT('',(0.097512237867712,-0.057,0.00567126403051868));
#16605=CARTESIAN_POINT('',(0.0980193540000574,-0.057,0.00615820556085394));
#16606=CARTESIAN_POINT('',(0.0966227213245383,-0.057,0.00567126403051868));
#16607=CARTESIAN_POINT('',(0.0980193540000574,-0.057,0.00615820556085394));
#16608=CARTESIAN_POINT('',(0.0966227213245383,-0.056,0.00567126403051868));
#16609=CARTESIAN_POINT('',(0.0966227213245383,-0.056,0.00567126403051868));
#16610=CARTESIAN_POINT('',(0.0966227213245383,-0.056,0.00567126403051868));
#16611=CARTESIAN_POINT('',(0.097512237867712,-0.056,0.00567126403051868));
#16612=CARTESIAN_POINT('',(0.0980193540000574,-0.056,0.00615820556085394));
#16613=CARTESIAN_POINT('',(0.0980193540000574,-0.056,0.00615820556085394));
#16614=CARTESIAN_POINT('',(0.0980193540000574,-0.056,0.00615820556085394));
#16615=CARTESIAN_POINT('',(0.0957497112739184,-0.056,0.00593995304819896));
#16616=CARTESIAN_POINT('',(0.0957497112739184,-0.057,0.00593995304819896));
#16617=CARTESIAN_POINT('',(0.0959575708097802,-0.056,0.00576082703641211));
#16618=CARTESIAN_POINT('',(0.0959575708097802,-0.057,0.00576082703641211));
#16619=CARTESIAN_POINT('',(0.0962485741599869,-0.056,0.00567126403051868));
#16620=CARTESIAN_POINT('',(0.0962485741599869,-0.057,0.00567126403051868));
#16621=CARTESIAN_POINT('',(0.0966227213245383,-0.056,0.00567126403051868));
#16622=CARTESIAN_POINT('',(0.0966227213245383,-0.057,0.00567126403051868));
#16623=CARTESIAN_POINT('',(0.0957497112739184,-0.057,0.00593995304819896));
#16624=CARTESIAN_POINT('',(0.0960615005777112,-0.057,0.00567126403051868));
#16625=CARTESIAN_POINT('',(0.0966227213245383,-0.057,0.00567126403051868));
#16626=CARTESIAN_POINT('',(0.0957497112739184,-0.057,0.00593995304819896));
#16627=CARTESIAN_POINT('',(0.0957497112739184,-0.056,0.00593995304819896));
#16628=CARTESIAN_POINT('',(0.0957497112739184,-0.056,0.00593995304819896));
#16629=CARTESIAN_POINT('',(0.0957497112739184,-0.056,0.00593995304819896));
#16630=CARTESIAN_POINT('',(0.0960615005777112,-0.056,0.00567126403051868));
#16631=CARTESIAN_POINT('',(0.0966227213245383,-0.056,0.00567126403051868));
#16632=CARTESIAN_POINT('',(0.0954379219701256,-0.056,0.0067258454992297));
#16633=CARTESIAN_POINT('',(0.0954379219701256,-0.057,0.0067258454992297));
#16634=CARTESIAN_POINT('',(0.0954379219701256,-0.056,0.0063810432103294));
#16635=CARTESIAN_POINT('',(0.0954379219701256,-0.057,0.0063810432103294));
#16636=CARTESIAN_POINT('',(0.0955418517380565,-0.056,0.00611907905998582));
#16637=CARTESIAN_POINT('',(0.0955418517380565,-0.057,0.00611907905998582));
#16638=CARTESIAN_POINT('',(0.0957497112739184,-0.056,0.00593995304819896));
#16639=CARTESIAN_POINT('',(0.0957497112739184,-0.057,0.00593995304819896));
#16640=CARTESIAN_POINT('',(0.0954379219701256,-0.057,0.0067258454992297));
#16641=CARTESIAN_POINT('',(0.0954379219701256,-0.057,0.00620864206587925));
#16642=CARTESIAN_POINT('',(0.0957497112739184,-0.057,0.00593995304819896));
#16643=CARTESIAN_POINT('',(0.0954379219701256,-0.057,0.0067258454992297));
#16644=CARTESIAN_POINT('',(0.0954379219701256,-0.056,0.0067258454992297));
#16645=CARTESIAN_POINT('',(0.0954379219701256,-0.056,0.0067258454992297));
#16646=CARTESIAN_POINT('',(0.0954379219701256,-0.056,0.0067258454992297));
#16647=CARTESIAN_POINT('',(0.0954379219701256,-0.056,0.00620864206587925));
#16648=CARTESIAN_POINT('',(0.0957497112739184,-0.056,0.00593995304819896));
#16649=CARTESIAN_POINT('',(0.0959386189109223,-0.056,0.00769697747780794));
#16650=CARTESIAN_POINT('',(0.0959386189109223,-0.057,0.00769697747780794));
#16651=CARTESIAN_POINT('',(0.0956048209503912,-0.056,0.00748850659036999));
#16652=CARTESIAN_POINT('',(0.0956048209503912,-0.057,0.00748850659036999));
#16653=CARTESIAN_POINT('',(0.0954379219701256,-0.056,0.00716479593084391));
#16654=CARTESIAN_POINT('',(0.0954379219701256,-0.057,0.00716479593084391));
#16655=CARTESIAN_POINT('',(0.0954379219701256,-0.056,0.0067258454992297));
#16656=CARTESIAN_POINT('',(0.0954379219701256,-0.057,0.0067258454992297));
#16657=CARTESIAN_POINT('',(0.0959386189109223,-0.057,0.00769697747780794));
#16658=CARTESIAN_POINT('',(0.0954379219701256,-0.057,0.00738427114665102));
#16659=CARTESIAN_POINT('',(0.0954379219701256,-0.057,0.0067258454992297));
#16660=CARTESIAN_POINT('',(0.0959386189109223,-0.057,0.00769697747780794));
#16661=CARTESIAN_POINT('',(0.0959386189109223,-0.056,0.00769697747780794));
#16662=CARTESIAN_POINT('',(0.0959386189109223,-0.056,0.00769697747780794));
#16663=CARTESIAN_POINT('',(0.0959386189109223,-0.056,0.00769697747780794));
#16664=CARTESIAN_POINT('',(0.0954379219701256,-0.056,0.00738427114665102));
#16665=CARTESIAN_POINT('',(0.0954379219701256,-0.056,0.0067258454992297));
#16666=CARTESIAN_POINT('',(0.0975745957284705,-0.056,0.00805003301298511));
#16667=CARTESIAN_POINT('',(0.0975745957284705,-0.057,0.00805003301298511));
#16668=CARTESIAN_POINT('',(0.0968177424773028,-0.056,0.00802313354363828));
#16669=CARTESIAN_POINT('',(0.0968177424773028,-0.057,0.00802313354363828));
#16670=CARTESIAN_POINT('',(0.0962724168714534,-0.056,0.00790544836524589));
#16671=CARTESIAN_POINT('',(0.0962724168714534,-0.057,0.00790544836524589));
#16672=CARTESIAN_POINT('',(0.0959386189109223,-0.056,0.00769697747780794));
#16673=CARTESIAN_POINT('',(0.0959386189109223,-0.057,0.00769697747780794));
#16674=CARTESIAN_POINT('',(0.0975745957284705,-0.057,0.00805003301298511));
#16675=CARTESIAN_POINT('',(0.096439315851719,-0.057,0.00800968380896486));
#16676=CARTESIAN_POINT('',(0.0959386189109223,-0.057,0.00769697747780794));
#16677=CARTESIAN_POINT('',(0.0975745957284705,-0.057,0.00805003301298511));
#16678=CARTESIAN_POINT('',(0.0975745957284705,-0.056,0.00805003301298511));
#16679=CARTESIAN_POINT('',(0.0975745957284705,-0.056,0.00805003301298511));
#16680=CARTESIAN_POINT('',(0.0975745957284705,-0.056,0.00805003301298511));
#16681=CARTESIAN_POINT('',(0.096439315851719,-0.056,0.00800968380896486));
#16682=CARTESIAN_POINT('',(0.0959386189109223,-0.056,0.00769697747780794));
#16683=CARTESIAN_POINT('',(0.0980505329304366,-0.056,0.00806929058763114));
#16684=CARTESIAN_POINT('',(0.0980505329304366,-0.057,0.00806929058763114));
#16685=CARTESIAN_POINT('',(0.0985264701324027,-0.057,0.00808854816227716));
#16686=CARTESIAN_POINT('',(0.0985264701324027,-0.056,0.00808854816227716));
#16687=CARTESIAN_POINT('',(0.0985264701324027,-0.056,0.00808854816227716));
#16688=CARTESIAN_POINT('',(0.0980505329304366,-0.056,0.00806929058763114));
#16689=CARTESIAN_POINT('',(0.0985264701324027,-0.056,0.00780518670677133));
#16690=CARTESIAN_POINT('',(0.0985264701324027,-0.057,0.00780518670677133));
#16691=CARTESIAN_POINT('',(0.0985264701324027,-0.057,0.0075218252512655));
#16692=CARTESIAN_POINT('',(0.0985264701324027,-0.056,0.0075218252512655));
#16693=CARTESIAN_POINT('',(0.0985264701324027,-0.056,0.0075218252512655));
#16694=CARTESIAN_POINT('',(0.0985264701324027,-0.056,0.00780518670677133));
#16695=CARTESIAN_POINT('',(0.0986777796474787,-0.056,0.00544750935367912));
#16696=CARTESIAN_POINT('',(0.0987722334659806,-0.056,0.005));
#16697=CARTESIAN_POINT('',(0.0987722334659806,-0.056,0.005));
#16698=CARTESIAN_POINT('',(0.0986777796474787,-0.056,0.00544750935367912));
#16699=CARTESIAN_POINT('',(0.0985833258289767,-0.056,0.00589501870735823));
#16700=CARTESIAN_POINT('',(0.0985833258289767,-0.056,0.00589501870735823));
#16701=CARTESIAN_POINT('',(0.0991252890011578,-0.056,0.005));
#16702=CARTESIAN_POINT('',(0.099478344536335,-0.056,0.005));
#16703=CARTESIAN_POINT('',(0.099478344536335,-0.056,0.005));
#16704=CARTESIAN_POINT('',(0.0991252890011578,-0.056,0.005));
#16705=CARTESIAN_POINT('',(0.099478344536335,-0.056,0.00714400997725772));
#16706=CARTESIAN_POINT('',(0.099478344536335,-0.056,0.00928801995451544));
#16707=CARTESIAN_POINT('',(0.099478344536335,-0.056,0.00928801995451544));
#16708=CARTESIAN_POINT('',(0.099478344536335,-0.056,0.00714400997725772));
#16709=CARTESIAN_POINT('',(0.0989363813641539,-0.056,0.0108863986501357));
#16710=CARTESIAN_POINT('',(0.0989363813641539,-0.057,0.0108863986501357));
#16711=CARTESIAN_POINT('',(0.099297690145608,-0.056,0.0105544347443328));
#16712=CARTESIAN_POINT('',(0.099297690145608,-0.057,0.0105544347443328));
#16713=CARTESIAN_POINT('',(0.099478344536335,-0.056,0.0100216418457927));
#16714=CARTESIAN_POINT('',(0.099478344536335,-0.057,0.0100216418457927));
#16715=CARTESIAN_POINT('',(0.099478344536335,-0.056,0.00928801995451544));
#16716=CARTESIAN_POINT('',(0.099478344536335,-0.057,0.00928801995451544));
#16717=CARTESIAN_POINT('',(0.0989363813641539,-0.056,0.0108863986501357));
#16718=CARTESIAN_POINT('',(0.0989363813641539,-0.056,0.0108863986501357));
#16719=CARTESIAN_POINT('',(0.0989363813641539,-0.056,0.0108863986501357));
#16720=CARTESIAN_POINT('',(0.099478344536335,-0.056,0.0103884527914313));
#16721=CARTESIAN_POINT('',(0.099478344536335,-0.056,0.00928801995451544));
#16722=CARTESIAN_POINT('',(0.0972719766983187,-0.056,0.0113843445088401));
#16723=CARTESIAN_POINT('',(0.0972719766983187,-0.057,0.0113843445088401));
#16724=CARTESIAN_POINT('',(0.0980202710274214,-0.056,0.0113843445088401));
#16725=CARTESIAN_POINT('',(0.0980202710274214,-0.057,0.0113843445088401));
#16726=CARTESIAN_POINT('',(0.0985750725826999,-0.056,0.0112183625559387));
#16727=CARTESIAN_POINT('',(0.0985750725826999,-0.057,0.0112183625559387));
#16728=CARTESIAN_POINT('',(0.0989363813641539,-0.056,0.0108863986501357));
#16729=CARTESIAN_POINT('',(0.0989363813641539,-0.057,0.0108863986501357));
#16730=CARTESIAN_POINT('',(0.0972719766983187,-0.056,0.0113843445088401));
#16731=CARTESIAN_POINT('',(0.0972719766983187,-0.056,0.0113843445088401));
#16732=CARTESIAN_POINT('',(0.0972719766983187,-0.056,0.0113843445088401));
#16733=CARTESIAN_POINT('',(0.0983944181919728,-0.056,0.0113843445088401));
#16734=CARTESIAN_POINT('',(0.0989363813641539,-0.056,0.0108863986501357));
#16735=CARTESIAN_POINT('',(0.0972776270418334,-0.0559999999999997,0.00696767876701801));
#16736=CARTESIAN_POINT('',(0.0961614565603978,-0.056,0.0112412882400411));
#16737=CARTESIAN_POINT('',(0.0961615141254671,-0.056,0.0112410633200493));
#16738=CARTESIAN_POINT('',(0.0972776270418334,-0.056,0.00696767876701801));
#16739=CARTESIAN_POINT('',(0.097259964101125,-0.0559999999999997,0.00688928850807047));
#16740=CARTESIAN_POINT('',(0.0951443083373412,-0.056,0.0108473755597972));
#16741=CARTESIAN_POINT('',(0.095144308340395,-0.056,0.010847375558688));
#16742=CARTESIAN_POINT('',(0.097259964101125,-0.056,0.00688928850807047));
#16743=CARTESIAN_POINT('',(0.0952911975918701,-0.056,0.0104829066099332));
#16744=CARTESIAN_POINT('',(0.0954379219701256,-0.056,0.0101188467463869));
#16745=CARTESIAN_POINT('',(0.0954379219701256,-0.056,0.0101188467463869));
#16746=CARTESIAN_POINT('',(0.0952911975918701,-0.056,0.0104829066099332));
#16747=CARTESIAN_POINT('',(0.0972132869470165,-0.056,0.0105993690851735));
#16748=CARTESIAN_POINT('',(0.0972132869470165,-0.057,0.0105993690851735));
#16749=CARTESIAN_POINT('',(0.0966899699979055,-0.056,0.0105993690851735));
#16750=CARTESIAN_POINT('',(0.0966899699979055,-0.057,0.0105993690851735));
#16751=CARTESIAN_POINT('',(0.0960981816722751,-0.056,0.0104391949722446));
#16752=CARTESIAN_POINT('',(0.0960981816722751,-0.057,0.0104391949722446));
#16753=CARTESIAN_POINT('',(0.0954379219701256,-0.056,0.0101188467463869));
#16754=CARTESIAN_POINT('',(0.0954379219701256,-0.057,0.0101188467463869));
#16755=CARTESIAN_POINT('',(0.0972132869470165,-0.056,0.0105993690851735));
#16756=CARTESIAN_POINT('',(0.0972132869470165,-0.056,0.0105993690851735));
#16757=CARTESIAN_POINT('',(0.0972132869470165,-0.056,0.0105993690851735));
#16758=CARTESIAN_POINT('',(0.0964283115233499,-0.056,0.0105993690851735));
#16759=CARTESIAN_POINT('',(0.0954379219701256,-0.056,0.0101188467463869));
#16760=CARTESIAN_POINT('',(0.0982311873211637,-0.056,0.0102472305773604));
#16761=CARTESIAN_POINT('',(0.0982311873211637,-0.057,0.0102472305773604));
#16762=CARTESIAN_POINT('',(0.0980196596758454,-0.056,0.0104819895825691));
#16763=CARTESIAN_POINT('',(0.0980196596758454,-0.057,0.0104819895825691));
#16764=CARTESIAN_POINT('',(0.0976803595511297,-0.056,0.0105993690851735));
#16765=CARTESIAN_POINT('',(0.0976803595511297,-0.057,0.0105993690851735));
#16766=CARTESIAN_POINT('',(0.0972132869470165,-0.056,0.0105993690851735));
#16767=CARTESIAN_POINT('',(0.0972132869470165,-0.057,0.0105993690851735));
#16768=CARTESIAN_POINT('',(0.0982311873211637,-0.056,0.0102472305773604));
#16769=CARTESIAN_POINT('',(0.0982311873211637,-0.056,0.0102472305773604));
#16770=CARTESIAN_POINT('',(0.0982311873211637,-0.056,0.0102472305773604));
#16771=CARTESIAN_POINT('',(0.0979138958531863,-0.056,0.0105993690851735));
#16772=CARTESIAN_POINT('',(0.0972132869470165,-0.056,0.0105993690851735));
#16773=CARTESIAN_POINT('',(0.0985484787891411,-0.056,0.00915596801408554));
#16774=CARTESIAN_POINT('',(0.0985484787891411,-0.057,0.00915596801408554));
#16775=CARTESIAN_POINT('',(0.0985484787891411,-0.056,0.00964871738439341));
#16776=CARTESIAN_POINT('',(0.0985484787891411,-0.057,0.00964871738439341));
#16777=CARTESIAN_POINT('',(0.098442714966482,-0.056,0.0100124715721517));
#16778=CARTESIAN_POINT('',(0.098442714966482,-0.057,0.0100124715721517));
#16779=CARTESIAN_POINT('',(0.0982311873211637,-0.056,0.0102472305773604));
#16780=CARTESIAN_POINT('',(0.0982311873211637,-0.057,0.0102472305773604));
#16781=CARTESIAN_POINT('',(0.0985484787891411,-0.056,0.00915596801408554));
#16782=CARTESIAN_POINT('',(0.0985484787891411,-0.056,0.00915596801408554));
#16783=CARTESIAN_POINT('',(0.0985484787891411,-0.056,0.00915596801408554));
#16784=CARTESIAN_POINT('',(0.0985484787891411,-0.056,0.00989509206954735));
#16785=CARTESIAN_POINT('',(0.0982311873211637,-0.056,0.0102472305773604));
#16786=CARTESIAN_POINT('',(0.0985484787891411,-0.056,0.00896064118553298));
#16787=CARTESIAN_POINT('',(0.0985484787891411,-0.056,0.00876531435698041));
#16788=CARTESIAN_POINT('',(0.0985484787891411,-0.056,0.00876531435698041));
#16789=CARTESIAN_POINT('',(0.0985484787891411,-0.056,0.00896064118553298));
#16790=CARTESIAN_POINT('',(0.098015685890601,-0.056,0.00874789083706258));
#16791=CARTESIAN_POINT('',(0.0974828929920609,-0.056,0.00873046731714474));
#16792=CARTESIAN_POINT('',(0.0974828929920609,-0.056,0.00873046731714474));
#16793=CARTESIAN_POINT('',(0.098015685890601,-0.056,0.00874789083706258));
#16794=CARTESIAN_POINT('',(0.0944401961979885,-0.056,0.00673684982759886));
#16795=CARTESIAN_POINT('',(0.0944401961979885,-0.057,0.00673684982759886));
#16796=CARTESIAN_POINT('',(0.0944401961979885,-0.056,0.00800479299635635));
#16797=CARTESIAN_POINT('',(0.0944401961979885,-0.057,0.00800479299635635));
#16798=CARTESIAN_POINT('',(0.0954544284626793,-0.056,0.00866933215953831));
#16799=CARTESIAN_POINT('',(0.0954544284626793,-0.057,0.00866933215953831));
#16800=CARTESIAN_POINT('',(0.0974828929920609,-0.056,0.00873046731714474));
#16801=CARTESIAN_POINT('',(0.0974828929920609,-0.057,0.00873046731714474));
#16802=CARTESIAN_POINT('',(0.0944401961979885,-0.056,0.00673684982759886));
#16803=CARTESIAN_POINT('',(0.0944401961979885,-0.056,0.00673684982759886));
#16804=CARTESIAN_POINT('',(0.0944401961979885,-0.056,0.00673684982759886));
#16805=CARTESIAN_POINT('',(0.0944401961979885,-0.056,0.00863876458073509));
#16806=CARTESIAN_POINT('',(0.0974828929920609,-0.056,0.00873046731714474));
#16807=CARTESIAN_POINT('',(0.0949702380144364,-0.056,0.00536681094563862));
#16808=CARTESIAN_POINT('',(0.0949702380144364,-0.057,0.00536681094563862));
#16809=CARTESIAN_POINT('',(0.0946168768034711,-0.056,0.00568838187464848));
#16810=CARTESIAN_POINT('',(0.0946168768034711,-0.057,0.00568838187464848));
#16811=CARTESIAN_POINT('',(0.0944401961979885,-0.056,0.00614506150196856));
#16812=CARTESIAN_POINT('',(0.0944401961979885,-0.057,0.00614506150196856));
#16813=CARTESIAN_POINT('',(0.0944401961979885,-0.056,0.00673684982759886));
#16814=CARTESIAN_POINT('',(0.0944401961979885,-0.057,0.00673684982759886));
#16815=CARTESIAN_POINT('',(0.0949702380144364,-0.056,0.00536681094563862));
#16816=CARTESIAN_POINT('',(0.0949702380144364,-0.056,0.00536681094563862));
#16817=CARTESIAN_POINT('',(0.0949702380144364,-0.056,0.00536681094563862));
#16818=CARTESIAN_POINT('',(0.0944401961979885,-0.056,0.00584916733915341));
#16819=CARTESIAN_POINT('',(0.0944401961979885,-0.056,0.00673684982759886));
#16820=CARTESIAN_POINT('',(0.0964338136875344,-0.056,0.00488445455212384));
#16821=CARTESIAN_POINT('',(0.0964338136875344,-0.057,0.00488445455212384));
#16822=CARTESIAN_POINT('',(0.0958114577831009,-0.056,0.00488445455212384));
#16823=CARTESIAN_POINT('',(0.0958114577831009,-0.057,0.00488445455212384));
#16824=CARTESIAN_POINT('',(0.0953235992254016,-0.056,0.00504524001662877));
#16825=CARTESIAN_POINT('',(0.0953235992254016,-0.057,0.00504524001662877));
#16826=CARTESIAN_POINT('',(0.0949702380144364,-0.056,0.00536681094563862));
#16827=CARTESIAN_POINT('',(0.0949702380144364,-0.057,0.00536681094563862));
#16828=CARTESIAN_POINT('',(0.0964338136875344,-0.056,0.00488445455212384));
#16829=CARTESIAN_POINT('',(0.0964338136875344,-0.056,0.00488445455212384));
#16830=CARTESIAN_POINT('',(0.0964338136875344,-0.056,0.00488445455212384));
#16831=CARTESIAN_POINT('',(0.0955002798308842,-0.056,0.00488445455212384));
#16832=CARTESIAN_POINT('',(0.0949702380144364,-0.056,0.00536681094563862));
#16833=CARTESIAN_POINT('',(0.0976011895220293,-0.056,0.00509445381850195));
#16834=CARTESIAN_POINT('',(0.0976011895220293,-0.057,0.00509445381850195));
#16835=CARTESIAN_POINT('',(0.0972900115698126,-0.056,0.00495445430758321));
#16836=CARTESIAN_POINT('',(0.0972900115698126,-0.057,0.00495445430758321));
#16837=CARTESIAN_POINT('',(0.0969008862916476,-0.056,0.00488445455212384));
#16838=CARTESIAN_POINT('',(0.0969008862916476,-0.057,0.00488445455212384));
#16839=CARTESIAN_POINT('',(0.0964338136875344,-0.056,0.00488445455212384));
#16840=CARTESIAN_POINT('',(0.0964338136875344,-0.057,0.00488445455212384));
#16841=CARTESIAN_POINT('',(0.0976011895220293,-0.056,0.00509445381850195));
#16842=CARTESIAN_POINT('',(0.0976011895220293,-0.056,0.00509445381850195));
#16843=CARTESIAN_POINT('',(0.0976011895220293,-0.056,0.00509445381850195));
#16844=CARTESIAN_POINT('',(0.0971344225937042,-0.056,0.00488445455212384));
#16845=CARTESIAN_POINT('',(0.0964338136875344,-0.056,0.00488445455212384));
#16846=CARTESIAN_POINT('',(0.0985374744607719,-0.056,0.00589501870735823));
#16847=CARTESIAN_POINT('',(0.0985374744607719,-0.057,0.00589501870735823));
#16848=CARTESIAN_POINT('',(0.098224462453827,-0.056,0.00550130829237278));
#16849=CARTESIAN_POINT('',(0.098224462453827,-0.057,0.00550130829237278));
#16850=CARTESIAN_POINT('',(0.0979123674742461,-0.056,0.00523445332942069));
#16851=CARTESIAN_POINT('',(0.0979123674742461,-0.057,0.00523445332942069));
#16852=CARTESIAN_POINT('',(0.0976011895220293,-0.056,0.00509445381850195));
#16853=CARTESIAN_POINT('',(0.0976011895220293,-0.057,0.00509445381850195));
#16854=CARTESIAN_POINT('',(0.0985374744607719,-0.056,0.00589501870735823));
#16855=CARTESIAN_POINT('',(0.0985374744607719,-0.056,0.00589501870735823));
#16856=CARTESIAN_POINT('',(0.0985374744607719,-0.056,0.00589501870735823));
#16857=CARTESIAN_POINT('',(0.0980679564503545,-0.056,0.00530445308488006));
#16858=CARTESIAN_POINT('',(0.0976011895220293,-0.056,0.00509445381850195));
#16859=CARTESIAN_POINT('',(0.0985604001448743,-0.056,0.00589501870735823));
#16860=CARTESIAN_POINT('',(0.0985604001448743,-0.056,0.00589501870735823));
#16861=CARTESIAN_POINT('',(0.0980193540000574,-0.056,0.00615820556085394));
#16862=CARTESIAN_POINT('',(0.0980193540000574,-0.057,0.00615820556085394));
#16863=CARTESIAN_POINT('',(0.0983574314216209,-0.056,0.00648283324774411));
#16864=CARTESIAN_POINT('',(0.0983574314216209,-0.057,0.00648283324774411));
#16865=CARTESIAN_POINT('',(0.0985264701324027,-0.056,0.00693737314454797));
#16866=CARTESIAN_POINT('',(0.0985264701324027,-0.057,0.00693737314454797));
#16867=CARTESIAN_POINT('',(0.0985264701324027,-0.056,0.0075218252512655));
#16868=CARTESIAN_POINT('',(0.0985264701324027,-0.057,0.0075218252512655));
#16869=CARTESIAN_POINT('',(0.0980193540000574,-0.057,0.00615820556085394));
#16870=CARTESIAN_POINT('',(0.0985264701324027,-0.057,0.0066451470911892));
#16871=CARTESIAN_POINT('',(0.0985264701324027,-0.057,0.0075218252512655));
#16872=CARTESIAN_POINT('',(0.0980193540000574,-0.056,0.00615820556085394));
#16873=CARTESIAN_POINT('',(0.0985264701324027,-0.056,0.0066451470911892));
#16874=CARTESIAN_POINT('',(0.0985264701324027,-0.056,0.0075218252512655));
#16875=CARTESIAN_POINT('',(-0.011379711159314,-0.056,0.0325));
#16876=CARTESIAN_POINT('',(0.131733865041067,-0.056,0.0105883647568043));
#16877=CARTESIAN_POINT('',(0.131733865041067,-0.057,0.0105883647568043));
#16878=CARTESIAN_POINT('',(0.131084609667286,-0.056,0.0105883647568043));
#16879=CARTESIAN_POINT('',(0.131084609667286,-0.057,0.0105883647568043));
#16880=CARTESIAN_POINT('',(0.130616620035809,-0.056,0.0104022082018927));
#16881=CARTESIAN_POINT('',(0.130616620035809,-0.057,0.0104022082018927));
#16882=CARTESIAN_POINT('',(0.130329896146635,-0.056,0.0100298950920695));
#16883=CARTESIAN_POINT('',(0.130329896146635,-0.057,0.0100298950920695));
#16884=CARTESIAN_POINT('',(0.131733865041067,-0.057,0.0105883647568043));
#16885=CARTESIAN_POINT('',(0.130759981980396,-0.057,0.0105883647568043));
#16886=CARTESIAN_POINT('',(0.130329896146635,-0.057,0.0100298950920695));
#16887=CARTESIAN_POINT('',(0.131733865041067,-0.057,0.0105883647568043));
#16888=CARTESIAN_POINT('',(0.130329896146635,-0.057,0.0100298950920695));
#16889=CARTESIAN_POINT('',(0.131733865041067,-0.056,0.0105883647568043));
#16890=CARTESIAN_POINT('',(0.131733865041067,-0.056,0.0105883647568043));
#16891=CARTESIAN_POINT('',(0.131733865041067,-0.056,0.0105883647568043));
#16892=CARTESIAN_POINT('',(0.130759981980396,-0.056,0.0105883647568043));
#16893=CARTESIAN_POINT('',(0.130329896146635,-0.056,0.0100298950920695));
#16894=CARTESIAN_POINT('',(0.130329896146635,-0.056,0.0100298950920695));
#16895=CARTESIAN_POINT('',(0.130329896146635,-0.056,0.0100298950920695));
#16896=CARTESIAN_POINT('',(0.133062637691643,-0.056,0.00998679480595701));
#16897=CARTESIAN_POINT('',(0.133062637691643,-0.057,0.00998679480595701));
#16898=CARTESIAN_POINT('',(0.132775913802468,-0.056,0.0103878414398552));
#16899=CARTESIAN_POINT('',(0.132775913802468,-0.057,0.0103878414398552));
#16900=CARTESIAN_POINT('',(0.13233298958561,-0.056,0.0105883647568043));
#16901=CARTESIAN_POINT('',(0.13233298958561,-0.057,0.0105883647568043));
#16902=CARTESIAN_POINT('',(0.131733865041067,-0.056,0.0105883647568043));
#16903=CARTESIAN_POINT('',(0.131733865041067,-0.057,0.0105883647568043));
#16904=CARTESIAN_POINT('',(0.133062637691643,-0.057,0.00998679480595701));
#16905=CARTESIAN_POINT('',(0.132632551857881,-0.057,0.0105883647568043));
#16906=CARTESIAN_POINT('',(0.131733865041067,-0.057,0.0105883647568043));
#16907=CARTESIAN_POINT('',(0.133062637691643,-0.057,0.00998679480595701));
#16908=CARTESIAN_POINT('',(0.133062637691643,-0.056,0.00998679480595701));
#16909=CARTESIAN_POINT('',(0.133062637691643,-0.056,0.00998679480595701));
#16910=CARTESIAN_POINT('',(0.133062637691643,-0.056,0.00998679480595701));
#16911=CARTESIAN_POINT('',(0.132632551857881,-0.056,0.0105883647568043));
#16912=CARTESIAN_POINT('',(0.131733865041067,-0.056,0.0105883647568043));
#16913=CARTESIAN_POINT('',(0.133492723525404,-0.056,0.0081582422419485));
#16914=CARTESIAN_POINT('',(0.133492723525404,-0.057,0.0081582422419485));
#16915=CARTESIAN_POINT('',(0.133492723525404,-0.056,0.00897623065072262));
#16916=CARTESIAN_POINT('',(0.133492723525404,-0.057,0.00897623065072262));
#16917=CARTESIAN_POINT('',(0.133349361580817,-0.056,0.00958574817205879));
#16918=CARTESIAN_POINT('',(0.133349361580817,-0.057,0.00958574817205879));
#16919=CARTESIAN_POINT('',(0.133062637691643,-0.056,0.00998679480595701));
#16920=CARTESIAN_POINT('',(0.133062637691643,-0.057,0.00998679480595701));
#16921=CARTESIAN_POINT('',(0.133492723525404,-0.057,0.0081582422419485));
#16922=CARTESIAN_POINT('',(0.133492723525404,-0.057,0.00938522485510968));
#16923=CARTESIAN_POINT('',(0.133062637691643,-0.057,0.00998679480595701));
#16924=CARTESIAN_POINT('',(0.133492723525404,-0.057,0.0081582422419485));
#16925=CARTESIAN_POINT('',(0.133492723525404,-0.056,0.0081582422419485));
#16926=CARTESIAN_POINT('',(0.133492723525404,-0.056,0.0081582422419485));
#16927=CARTESIAN_POINT('',(0.133492723525404,-0.056,0.0081582422419485));
#16928=CARTESIAN_POINT('',(0.133492723525404,-0.056,0.00938522485510968));
#16929=CARTESIAN_POINT('',(0.133062637691643,-0.056,0.00998679480595701));
#16930=CARTESIAN_POINT('',(0.133062637691643,-0.056,0.00632143643166312));
#16931=CARTESIAN_POINT('',(0.133062637691643,-0.057,0.00632143643166312));
#16932=CARTESIAN_POINT('',(0.133349361580817,-0.056,0.00674754848017999));
#16933=CARTESIAN_POINT('',(0.133349361580817,-0.057,0.00674754848017999));
#16934=CARTESIAN_POINT('',(0.133492723525404,-0.056,0.00735981708360845));
#16935=CARTESIAN_POINT('',(0.133492723525404,-0.057,0.00735981708360845));
#16936=CARTESIAN_POINT('',(0.133492723525404,-0.056,0.0081582422419485));
#16937=CARTESIAN_POINT('',(0.133492723525404,-0.057,0.0081582422419485));
#16938=CARTESIAN_POINT('',(0.133062637691643,-0.057,0.00632143643166312));
#16939=CARTESIAN_POINT('',(0.133492723525404,-0.057,0.00696060450443842));
#16940=CARTESIAN_POINT('',(0.133492723525404,-0.057,0.0081582422419485));
#16941=CARTESIAN_POINT('',(0.133062637691643,-0.057,0.00632143643166312));
#16942=CARTESIAN_POINT('',(0.133062637691643,-0.056,0.00632143643166312));
#16943=CARTESIAN_POINT('',(0.133062637691643,-0.056,0.00632143643166312));
#16944=CARTESIAN_POINT('',(0.133062637691643,-0.056,0.00632143643166312));
#16945=CARTESIAN_POINT('',(0.133492723525404,-0.056,0.00696060450443842));
#16946=CARTESIAN_POINT('',(0.133492723525404,-0.056,0.0081582422419485));
#16947=CARTESIAN_POINT('',(0.131755873697805,-0.056,0.00568226835888783));
#16948=CARTESIAN_POINT('',(0.131755873697805,-0.057,0.00568226835888783));
#16949=CARTESIAN_POINT('',(0.132340325804523,-0.056,0.00568226835888783));
#16950=CARTESIAN_POINT('',(0.132340325804523,-0.057,0.00568226835888783));
#16951=CARTESIAN_POINT('',(0.132775913802468,-0.056,0.00589532438314626));
#16952=CARTESIAN_POINT('',(0.132775913802468,-0.057,0.00589532438314626));
#16953=CARTESIAN_POINT('',(0.133062637691643,-0.056,0.00632143643166312));
#16954=CARTESIAN_POINT('',(0.133062637691643,-0.057,0.00632143643166312));
#16955=CARTESIAN_POINT('',(0.131755873697805,-0.057,0.00568226835888783));
#16956=CARTESIAN_POINT('',(0.132632551857881,-0.057,0.00568226835888783));
#16957=CARTESIAN_POINT('',(0.133062637691643,-0.057,0.00632143643166312));
#16958=CARTESIAN_POINT('',(0.131755873697805,-0.057,0.00568226835888783));
#16959=CARTESIAN_POINT('',(0.131755873697805,-0.056,0.00568226835888783));
#16960=CARTESIAN_POINT('',(0.131755873697805,-0.056,0.00568226835888783));
#16961=CARTESIAN_POINT('',(0.131755873697805,-0.056,0.00568226835888783));
#16962=CARTESIAN_POINT('',(0.132632551857881,-0.056,0.00568226835888783));
#16963=CARTESIAN_POINT('',(0.133062637691643,-0.056,0.00632143643166312));
#16964=CARTESIAN_POINT('',(0.130340900475004,-0.056,0.00625265937935588));
#16965=CARTESIAN_POINT('',(0.130340900475004,-0.057,0.00625265937935588));
#16966=CARTESIAN_POINT('',(0.130634960583091,-0.056,0.00587239869904385));
#16967=CARTESIAN_POINT('',(0.130634960583091,-0.057,0.00587239869904385));
#16968=CARTESIAN_POINT('',(0.131106618324025,-0.056,0.00568226835888783));
#16969=CARTESIAN_POINT('',(0.131106618324025,-0.057,0.00568226835888783));
#16970=CARTESIAN_POINT('',(0.131755873697805,-0.056,0.00568226835888783));
#16971=CARTESIAN_POINT('',(0.131755873697805,-0.057,0.00568226835888783));
#16972=CARTESIAN_POINT('',(0.130340900475004,-0.057,0.00625265937935588));
#16973=CARTESIAN_POINT('',(0.130781990637135,-0.057,0.00568226835888783));
#16974=CARTESIAN_POINT('',(0.131755873697805,-0.057,0.00568226835888783));
#16975=CARTESIAN_POINT('',(0.130340900475004,-0.057,0.00625265937935588));
#16976=CARTESIAN_POINT('',(0.130340900475004,-0.056,0.00625265937935588));
#16977=CARTESIAN_POINT('',(0.130340900475004,-0.056,0.00625265937935588));
#16978=CARTESIAN_POINT('',(0.130340900475004,-0.056,0.00625265937935588));
#16979=CARTESIAN_POINT('',(0.130781990637135,-0.056,0.00568226835888783));
#16980=CARTESIAN_POINT('',(0.131755873697805,-0.056,0.00568226835888783));
#16981=CARTESIAN_POINT('',(0.129899810312874,-0.056,0.00814723791357934));
#16982=CARTESIAN_POINT('',(0.129899810312874,-0.057,0.00814723791357934));
#16983=CARTESIAN_POINT('',(0.129899810312874,-0.056,0.0072644462377424));
#16984=CARTESIAN_POINT('',(0.129899810312874,-0.057,0.0072644462377424));
#16985=CARTESIAN_POINT('',(0.130046840366917,-0.056,0.00663292005966791));
#16986=CARTESIAN_POINT('',(0.130046840366917,-0.057,0.00663292005966791));
#16987=CARTESIAN_POINT('',(0.130340900475004,-0.056,0.00625265937935588));
#16988=CARTESIAN_POINT('',(0.130340900475004,-0.057,0.00625265937935588));
#16989=CARTESIAN_POINT('',(0.129899810312874,-0.057,0.00814723791357934));
#16990=CARTESIAN_POINT('',(0.129899810312874,-0.057,0.00682305039982393));
#16991=CARTESIAN_POINT('',(0.130340900475004,-0.057,0.00625265937935588));
#16992=CARTESIAN_POINT('',(0.129899810312874,-0.057,0.00814723791357934));
#16993=CARTESIAN_POINT('',(0.129899810312874,-0.056,0.00814723791357934));
#16994=CARTESIAN_POINT('',(0.129899810312874,-0.056,0.00814723791357934));
#16995=CARTESIAN_POINT('',(0.129899810312874,-0.056,0.00814723791357934));
#16996=CARTESIAN_POINT('',(0.129899810312874,-0.056,0.00682305039982393));
#16997=CARTESIAN_POINT('',(0.130340900475004,-0.056,0.00625265937935588));
#16998=CARTESIAN_POINT('',(0.131871419145681,-0.056,0.0113843445088401));
#16999=CARTESIAN_POINT('',(0.131871419145681,-0.057,0.0113843445088401));
#17000=CARTESIAN_POINT('',(0.132696743773368,-0.056,0.0113843445088401));
#17001=CARTESIAN_POINT('',(0.132696743773368,-0.057,0.0113843445088401));
#17002=CARTESIAN_POINT('',(0.133337745900872,-0.056,0.0111025114322745));
#17003=CARTESIAN_POINT('',(0.133337745900872,-0.057,0.0111025114322745));
#17004=CARTESIAN_POINT('',(0.133794425528192,-0.056,0.0105388452791431));
#17005=CARTESIAN_POINT('',(0.133794425528192,-0.057,0.0105388452791431));
#17006=CARTESIAN_POINT('',(0.131871419145681,-0.056,0.0113843445088401));
#17007=CARTESIAN_POINT('',(0.131871419145681,-0.056,0.0113843445088401));
#17008=CARTESIAN_POINT('',(0.131871419145681,-0.056,0.0113843445088401));
#17009=CARTESIAN_POINT('',(0.133109406087212,-0.056,0.0113843445088401));
#17010=CARTESIAN_POINT('',(0.133794425528192,-0.056,0.0105388452791431));
#17011=CARTESIAN_POINT('',(0.133794425528192,-0.056,0.0105388452791431));
#17012=CARTESIAN_POINT('',(0.133794425528192,-0.056,0.0105388452791431));
#17013=CARTESIAN_POINT('',(0.129899810312874,-0.056,0.0104453084880053));
#17014=CARTESIAN_POINT('',(0.129899810312874,-0.057,0.0104453084880053));
#17015=CARTESIAN_POINT('',(0.130342428853944,-0.056,0.0110713325018952));
#17016=CARTESIAN_POINT('',(0.130342428853944,-0.057,0.0110713325018952));
#17017=CARTESIAN_POINT('',(0.130999631798213,-0.056,0.0113843445088401));
#17018=CARTESIAN_POINT('',(0.130999631798213,-0.057,0.0113843445088401));
#17019=CARTESIAN_POINT('',(0.131871419145681,-0.056,0.0113843445088401));
#17020=CARTESIAN_POINT('',(0.131871419145681,-0.057,0.0113843445088401));
#17021=CARTESIAN_POINT('',(0.129899810312874,-0.056,0.0104453084880053));
#17022=CARTESIAN_POINT('',(0.129899810312874,-0.056,0.0104453084880053));
#17023=CARTESIAN_POINT('',(0.129899810312874,-0.056,0.0104453084880053));
#17024=CARTESIAN_POINT('',(0.13056373812448,-0.056,0.0113843445088401));
#17025=CARTESIAN_POINT('',(0.131871419145681,-0.056,0.0113843445088401));
#17026=CARTESIAN_POINT('',(0.129876884628771,-0.056,0.0104453084880053));
#17027=CARTESIAN_POINT('',(0.12985447417859,-0.056,0.0104453084880053));
#17028=CARTESIAN_POINT('',(0.12985447417859,-0.056,0.0104453084880053));
#17029=CARTESIAN_POINT('',(0.129876884628771,-0.056,0.0104453084880053));
#17030=CARTESIAN_POINT('',(0.113148170121388,-0.055999999999997,0.0116729855109227));
#17031=CARTESIAN_POINT('',(0.129899810312874,-0.056,0.0117511554544788));
#17032=CARTESIAN_POINT('',(0.129899574912059,-0.05600000025,0.0117511543560031));
#17033=CARTESIAN_POINT('',(0.113148170121388,-0.056,0.0116729855109227));
#17034=CARTESIAN_POINT('',(0.129899810312874,-0.056,0.0128350817988409));
#17035=CARTESIAN_POINT('',(0.129899810312874,-0.056,0.013919008143203));
#17036=CARTESIAN_POINT('',(0.129899810312874,-0.056,0.013919008143203));
#17037=CARTESIAN_POINT('',(0.129899810312874,-0.056,0.0128350817988409));
#17038=CARTESIAN_POINT('',(0.129423873110908,-0.056,0.013919008143203));
#17039=CARTESIAN_POINT('',(0.128947935908941,-0.056,0.013919008143203));
#17040=CARTESIAN_POINT('',(0.128947935908941,-0.056,0.013919008143203));
#17041=CARTESIAN_POINT('',(0.129423873110908,-0.056,0.013919008143203));
#17042=CARTESIAN_POINT('',(0.128947935908941,-0.056,0.0094595040716015));
#17043=CARTESIAN_POINT('',(0.128947935908941,-0.056,0.005));
#17044=CARTESIAN_POINT('',(0.128947935908941,-0.056,0.005));
#17045=CARTESIAN_POINT('',(0.128947935908941,-0.056,0.0094595040716015));
#17046=CARTESIAN_POINT('',(0.129289070088385,-0.056,0.005));
#17047=CARTESIAN_POINT('',(0.129630204267829,-0.056,0.005));
#17048=CARTESIAN_POINT('',(0.129630204267829,-0.056,0.005));
#17049=CARTESIAN_POINT('',(0.129289070088385,-0.056,0.005));
#17050=CARTESIAN_POINT('',(0.129730160250516,-0.056,0.00540440906756658));
#17051=CARTESIAN_POINT('',(0.129830116233202,-0.056,0.00580881813513316));
#17052=CARTESIAN_POINT('',(0.129830116233202,-0.056,0.00580881813513316));
#17053=CARTESIAN_POINT('',(0.129730160250516,-0.056,0.00540440906756658));
#17054=CARTESIAN_POINT('',(0.129864963273038,-0.056,0.00580881813513316));
#17055=CARTESIAN_POINT('',(0.129899810312874,-0.056,0.00580881813513316));
#17056=CARTESIAN_POINT('',(0.12990015109734,-0.056,0.00580905981824902));
#17057=CARTESIAN_POINT('',(0.129864963273038,-0.056,0.00580881813513316));
#17058=CARTESIAN_POINT('',(0.13161022281343,-0.056,0.00702183651772138));
#17059=CARTESIAN_POINT('',(0.130749894679391,-0.056,0.00511096031105569));
#17060=CARTESIAN_POINT('',(0.130749894679391,-0.056,0.00511096031105569));
#17061=CARTESIAN_POINT('',(0.13161022281343,-0.056,0.00702183651772138));
#17062=CARTESIAN_POINT('',(0.131871419145681,-0.056,0.00488445455212384));
#17063=CARTESIAN_POINT('',(0.131871419145681,-0.057,0.00488445455212384));
#17064=CARTESIAN_POINT('',(0.131461813589718,-0.056,0.00488445455212384));
#17065=CARTESIAN_POINT('',(0.131461813589718,-0.057,0.00488445455212384));
#17066=CARTESIAN_POINT('',(0.131087972100955,-0.056,0.00495995647176779));
#17067=CARTESIAN_POINT('',(0.131087972100955,-0.057,0.00495995647176779));
#17068=CARTESIAN_POINT('',(0.130749894679391,-0.056,0.00511096031105569));
#17069=CARTESIAN_POINT('',(0.130749894679391,-0.057,0.00511096031105569));
#17070=CARTESIAN_POINT('',(0.131871419145681,-0.056,0.00488445455212384));
#17071=CARTESIAN_POINT('',(0.131871419145681,-0.056,0.00488445455212384));
#17072=CARTESIAN_POINT('',(0.131871419145681,-0.056,0.00488445455212384));
#17073=CARTESIAN_POINT('',(0.131257010811737,-0.056,0.00488445455212384));
#17074=CARTESIAN_POINT('',(0.130749894679391,-0.056,0.00511096031105569));
#17075=CARTESIAN_POINT('',(0.133788923364007,-0.056,0.00574187513755411));
#17076=CARTESIAN_POINT('',(0.133788923364007,-0.057,0.00574187513755411));
#17077=CARTESIAN_POINT('',(0.133328575627231,-0.056,0.00517026141393393));
#17078=CARTESIAN_POINT('',(0.133328575627231,-0.057,0.00517026141393393));
#17079=CARTESIAN_POINT('',(0.132689407554455,-0.056,0.00488445455212384));
#17080=CARTESIAN_POINT('',(0.132689407554455,-0.057,0.00488445455212384));
#17081=CARTESIAN_POINT('',(0.131871419145681,-0.056,0.00488445455212384));
#17082=CARTESIAN_POINT('',(0.131871419145681,-0.057,0.00488445455212384));
#17083=CARTESIAN_POINT('',(0.133788923364007,-0.056,0.00574187513755411));
#17084=CARTESIAN_POINT('',(0.133788923364007,-0.056,0.00574187513755411));
#17085=CARTESIAN_POINT('',(0.133788923364007,-0.056,0.00574187513755411));
#17086=CARTESIAN_POINT('',(0.133098401758842,-0.056,0.00488445455212384));
#17087=CARTESIAN_POINT('',(0.131871419145681,-0.056,0.00488445455212384));
#17088=CARTESIAN_POINT('',(0.134479444969172,-0.056,0.00814723791357934));
#17089=CARTESIAN_POINT('',(0.134479444969172,-0.057,0.00814723791357934));
#17090=CARTESIAN_POINT('',(0.134479444969172,-0.056,0.0071152764531827));
#17091=CARTESIAN_POINT('',(0.134479444969172,-0.057,0.0071152764531827));
#17092=CARTESIAN_POINT('',(0.134249271100784,-0.056,0.00631348886117429));
#17093=CARTESIAN_POINT('',(0.134249271100784,-0.057,0.00631348886117429));
#17094=CARTESIAN_POINT('',(0.133788923364007,-0.056,0.00574187513755411));
#17095=CARTESIAN_POINT('',(0.133788923364007,-0.057,0.00574187513755411));
#17096=CARTESIAN_POINT('',(0.134479444969172,-0.056,0.00814723791357934));
#17097=CARTESIAN_POINT('',(0.134479444969172,-0.056,0.00814723791357934));
#17098=CARTESIAN_POINT('',(0.134479444969172,-0.056,0.00814723791357934));
#17099=CARTESIAN_POINT('',(0.134479444969172,-0.056,0.00659929572298438));
#17100=CARTESIAN_POINT('',(0.133788923364007,-0.056,0.00574187513755411));
#17101=CARTESIAN_POINT('',(0.133794425528192,-0.056,0.0105388452791431));
#17102=CARTESIAN_POINT('',(0.133794425528192,-0.057,0.0105388452791431));
#17103=CARTESIAN_POINT('',(0.134251105155512,-0.056,0.00997517912601178));
#17104=CARTESIAN_POINT('',(0.134251105155512,-0.057,0.00997517912601178));
#17105=CARTESIAN_POINT('',(0.134479444969172,-0.056,0.00917797667082385));
#17106=CARTESIAN_POINT('',(0.134479444969172,-0.057,0.00917797667082385));
#17107=CARTESIAN_POINT('',(0.134479444969172,-0.056,0.00814723791357934));
#17108=CARTESIAN_POINT('',(0.134479444969172,-0.057,0.00814723791357934));
#17109=CARTESIAN_POINT('',(0.133794425528192,-0.056,0.0105388452791431));
#17110=CARTESIAN_POINT('',(0.134479444969172,-0.056,0.00969334604944611));
#17111=CARTESIAN_POINT('',(0.134479444969172,-0.056,0.00814723791357934));
#17112=CARTESIAN_POINT('',(0.130329896146635,-0.056,0.0100298950920695));
#17113=CARTESIAN_POINT('',(0.130329896146635,-0.057,0.0100298950920695));
#17114=CARTESIAN_POINT('',(0.130043172257461,-0.056,0.00965758198224635));
#17115=CARTESIAN_POINT('',(0.130043172257461,-0.057,0.00965758198224635));
#17116=CARTESIAN_POINT('',(0.129899810312874,-0.056,0.00903002958941628));
#17117=CARTESIAN_POINT('',(0.129899810312874,-0.057,0.00903002958941628));
#17118=CARTESIAN_POINT('',(0.129899810312874,-0.056,0.00814723791357934));
#17119=CARTESIAN_POINT('',(0.129899810312874,-0.057,0.00814723791357934));
#17120=CARTESIAN_POINT('',(0.130329896146635,-0.057,0.0100298950920695));
#17121=CARTESIAN_POINT('',(0.129899810312874,-0.057,0.00947142542733475));
#17122=CARTESIAN_POINT('',(0.129899810312874,-0.057,0.00814723791357934));
#17123=CARTESIAN_POINT('',(0.130329896146635,-0.056,0.0100298950920695));
#17124=CARTESIAN_POINT('',(0.129899810312874,-0.056,0.00947142542733475));
#17125=CARTESIAN_POINT('',(0.129899810312874,-0.056,0.00814723791357934));
#17126=CARTESIAN_POINT('',(-0.011379711159314,-0.056,0.0325));
#17127=CARTESIAN_POINT('',(0.0922677583724438,-0.056,0.005));
#17128=CARTESIAN_POINT('',(0.0927546999027791,-0.056,0.005));
#17129=CARTESIAN_POINT('',(0.0927546999027791,-0.056,0.005));
#17130=CARTESIAN_POINT('',(0.0922677583724438,-0.056,0.005));
#17131=CARTESIAN_POINT('',(0.0917808168421086,-0.056,0.005));
#17132=CARTESIAN_POINT('',(0.0917808168421086,-0.056,0.005));
#17133=CARTESIAN_POINT('',(0.0927546999027791,-0.056,0.00918989802655711));
#17134=CARTESIAN_POINT('',(0.0927546999027791,-0.056,0.0133797960531142));
#17135=CARTESIAN_POINT('',(0.0927546999027791,-0.056,0.0133797960531142));
#17136=CARTESIAN_POINT('',(0.0927546999027791,-0.056,0.00918989802655711));
#17137=CARTESIAN_POINT('',(0.0922677583724438,-0.056,0.0133797960531142));
#17138=CARTESIAN_POINT('',(0.0917808168421086,-0.056,0.0133797960531142));
#17139=CARTESIAN_POINT('',(0.0917808168421086,-0.056,0.0133797960531142));
#17140=CARTESIAN_POINT('',(0.0922677583724438,-0.056,0.0133797960531142));
#17141=CARTESIAN_POINT('',(0.0917808168421086,-0.056,0.0115970948573105));
#17142=CARTESIAN_POINT('',(0.0917808168421086,-0.056,0.00981439366150686));
#17143=CARTESIAN_POINT('',(0.0917808168421086,-0.056,0.00981439366150686));
#17144=CARTESIAN_POINT('',(0.0917808168421086,-0.056,0.0115970948573105));
#17145=CARTESIAN_POINT('',(0.0895735319767282,-0.056,0.00981439366150686));
#17146=CARTESIAN_POINT('',(0.0873662471113478,-0.056,0.00981439366150686));
#17147=CARTESIAN_POINT('',(0.0873662471113478,-0.056,0.00981439366150686));
#17148=CARTESIAN_POINT('',(0.0895735319767282,-0.056,0.00981439366150686));
#17149=CARTESIAN_POINT('',(0.0873662471113478,-0.056,0.0115970948573105));
#17150=CARTESIAN_POINT('',(0.0873662471113478,-0.056,0.0133797960531142));
#17151=CARTESIAN_POINT('',(0.0873662471113478,-0.056,0.0133797960531142));
#17152=CARTESIAN_POINT('',(0.0873662471113478,-0.056,0.0115970948573105));
#17153=CARTESIAN_POINT('',(0.0868793055810126,-0.056,0.0133797960531142));
#17154=CARTESIAN_POINT('',(0.0863923640506773,-0.056,0.0133797960531142));
#17155=CARTESIAN_POINT('',(0.0863923640506773,-0.056,0.0133797960531142));
#17156=CARTESIAN_POINT('',(0.0868793055810126,-0.056,0.0133797960531142));
#17157=CARTESIAN_POINT('',(0.0863923640506773,-0.056,0.00918989802655711));
#17158=CARTESIAN_POINT('',(0.0863923640506773,-0.056,0.005));
#17159=CARTESIAN_POINT('',(0.0863923640506773,-0.056,0.005));
#17160=CARTESIAN_POINT('',(0.0863923640506773,-0.056,0.00918989802655711));
#17161=CARTESIAN_POINT('',(0.0868793055810126,-0.056,0.005));
#17162=CARTESIAN_POINT('',(0.0873662471113478,-0.056,0.005));
#17163=CARTESIAN_POINT('',(0.0873662471113478,-0.056,0.005));
#17164=CARTESIAN_POINT('',(0.0868793055810126,-0.056,0.005));
#17165=CARTESIAN_POINT('',(0.0873662471113478,-0.056,0.00697160883280757));
#17166=CARTESIAN_POINT('',(0.0873662471113478,-0.056,0.00894321766561514));
#17167=CARTESIAN_POINT('',(0.0873662471113478,-0.056,0.00894321766561514));
#17168=CARTESIAN_POINT('',(0.0873662471113478,-0.056,0.00697160883280757));
#17169=CARTESIAN_POINT('',(0.0895735319767282,-0.056,0.00894321766561514));
#17170=CARTESIAN_POINT('',(0.0917808168421086,-0.056,0.00894321766561514));
#17171=CARTESIAN_POINT('',(0.0917808168421086,-0.056,0.00894321766561514));
#17172=CARTESIAN_POINT('',(0.0895735319767282,-0.056,0.00894321766561514));
#17173=CARTESIAN_POINT('',(0.0917808168421086,-0.056,0.00697160883280757));
#17174=CARTESIAN_POINT('',(0.0917808168421086,-0.056,0.00697160883280757));
#17175=CARTESIAN_POINT('',(-0.011379711159314,-0.056,0.0325));
#17176=CARTESIAN_POINT('',(5.55111512312578E-17,-0.057,0.065));
#17177=CARTESIAN_POINT('',(5.55111512312578E-17,-0.057,0.065));
#17178=CARTESIAN_POINT('',(0.160048514604569,-0.035,0.06));
#17179=CARTESIAN_POINT('',(0.167548514604569,-0.035,0.06));
#17180=CARTESIAN_POINT('',(0.167548514604569,-0.035,0.06));
#17181=CARTESIAN_POINT('',(0.160048514604569,-0.035,0.06));
#17182=CARTESIAN_POINT('',(0.152548514604569,-0.035,0.06));
#17183=CARTESIAN_POINT('',(0.152548514604569,-0.035,0.06));
#17184=CARTESIAN_POINT('',(0.167548514604569,2.08166817117217E-17,0.06));
#17185=CARTESIAN_POINT('',(0.167548514604569,0.035,0.06));
#17186=CARTESIAN_POINT('',(0.167548514604569,0.035,0.06));
#17187=CARTESIAN_POINT('',(0.167548514604569,2.08166817117217E-17,0.06));
#17188=CARTESIAN_POINT('',(0.160048514604569,0.035,0.06));
#17189=CARTESIAN_POINT('',(0.152548514604569,0.035,0.06));
#17190=CARTESIAN_POINT('',(0.152548514604569,0.035,0.06));
#17191=CARTESIAN_POINT('',(0.160048514604569,0.035,0.06));
#17192=CARTESIAN_POINT('',(0.152548514604569,2.08166817117217E-17,0.06));
#17193=CARTESIAN_POINT('',(0.152548514604569,2.08166817117217E-17,0.06));
#17194=CARTESIAN_POINT('',(0.1605,1.38777878078145E-17,0.06));
#17195=MECHANICAL_DESIGN_GEOMETRIC_PRESENTATION_REPRESENTATION('',(#9233),
#17287);
#17196=MECHANICAL_DESIGN_GEOMETRIC_PRESENTATION_REPRESENTATION('',(#9234),
#17288);
#17197=MECHANICAL_DESIGN_GEOMETRIC_PRESENTATION_REPRESENTATION('',(#9235),
#17289);
#17198=MECHANICAL_DESIGN_GEOMETRIC_PRESENTATION_REPRESENTATION('',(#9236),
#17290);
#17199=MECHANICAL_DESIGN_GEOMETRIC_PRESENTATION_REPRESENTATION('',(#9237),
#17291);
#17200=MECHANICAL_DESIGN_GEOMETRIC_PRESENTATION_REPRESENTATION('',(#9238),
#17292);
#17201=MECHANICAL_DESIGN_GEOMETRIC_PRESENTATION_REPRESENTATION('',(#9239),
#17293);
#17202=MECHANICAL_DESIGN_GEOMETRIC_PRESENTATION_REPRESENTATION('',(#9240),
#17294);
#17203=MECHANICAL_DESIGN_GEOMETRIC_PRESENTATION_REPRESENTATION('',(#9241),
#17295);
#17204=MECHANICAL_DESIGN_GEOMETRIC_PRESENTATION_REPRESENTATION('',(#9242),
#17296);
#17205=MECHANICAL_DESIGN_GEOMETRIC_PRESENTATION_REPRESENTATION('',(#9243),
#17297);
#17206=MECHANICAL_DESIGN_GEOMETRIC_PRESENTATION_REPRESENTATION('',(#9244),
#17298);
#17207=MECHANICAL_DESIGN_GEOMETRIC_PRESENTATION_REPRESENTATION('',(#9245),
#17299);
#17208=MECHANICAL_DESIGN_GEOMETRIC_PRESENTATION_REPRESENTATION('',(#9246),
#17300);
#17209=MECHANICAL_DESIGN_GEOMETRIC_PRESENTATION_REPRESENTATION('',(#9247),
#17301);
#17210=MECHANICAL_DESIGN_GEOMETRIC_PRESENTATION_REPRESENTATION('',(#9248),
#17302);
#17211=MECHANICAL_DESIGN_GEOMETRIC_PRESENTATION_REPRESENTATION('',(#9249),
#17303);
#17212=MECHANICAL_DESIGN_GEOMETRIC_PRESENTATION_REPRESENTATION('',(#9250),
#17304);
#17213=MECHANICAL_DESIGN_GEOMETRIC_PRESENTATION_REPRESENTATION('',(#9251),
#17305);
#17214=MECHANICAL_DESIGN_GEOMETRIC_PRESENTATION_REPRESENTATION('',(#9252),
#17306);
#17215=MECHANICAL_DESIGN_GEOMETRIC_PRESENTATION_REPRESENTATION('',(#9253),
#17307);
#17216=MECHANICAL_DESIGN_GEOMETRIC_PRESENTATION_REPRESENTATION('',(#9254),
#17308);
#17217=MECHANICAL_DESIGN_GEOMETRIC_PRESENTATION_REPRESENTATION('',(#9255),
#17309);
#17218=MECHANICAL_DESIGN_GEOMETRIC_PRESENTATION_REPRESENTATION('',(#9256),
#17310);
#17219=MECHANICAL_DESIGN_GEOMETRIC_PRESENTATION_REPRESENTATION('',(#9257),
#17311);
#17220=MECHANICAL_DESIGN_GEOMETRIC_PRESENTATION_REPRESENTATION('',(#9258),
#17312);
#17221=MECHANICAL_DESIGN_GEOMETRIC_PRESENTATION_REPRESENTATION('',(#9259),
#17313);
#17222=MECHANICAL_DESIGN_GEOMETRIC_PRESENTATION_REPRESENTATION('',(#9260),
#17314);
#17223=MECHANICAL_DESIGN_GEOMETRIC_PRESENTATION_REPRESENTATION('',(#9261),
#17315);
#17224=MECHANICAL_DESIGN_GEOMETRIC_PRESENTATION_REPRESENTATION('',(#9262),
#17316);
#17225=MECHANICAL_DESIGN_GEOMETRIC_PRESENTATION_REPRESENTATION('',(#9263),
#17317);
#17226=MECHANICAL_DESIGN_GEOMETRIC_PRESENTATION_REPRESENTATION('',(#9264),
#17318);
#17227=MECHANICAL_DESIGN_GEOMETRIC_PRESENTATION_REPRESENTATION('',(#9265),
#17319);
#17228=MECHANICAL_DESIGN_GEOMETRIC_PRESENTATION_REPRESENTATION('',(#9266),
#17320);
#17229=MECHANICAL_DESIGN_GEOMETRIC_PRESENTATION_REPRESENTATION('',(#9267),
#17321);
#17230=MECHANICAL_DESIGN_GEOMETRIC_PRESENTATION_REPRESENTATION('',(#9268),
#17322);
#17231=MECHANICAL_DESIGN_GEOMETRIC_PRESENTATION_REPRESENTATION('',(#9269),
#17323);
#17232=MECHANICAL_DESIGN_GEOMETRIC_PRESENTATION_REPRESENTATION('',(#9270),
#17324);
#17233=MECHANICAL_DESIGN_GEOMETRIC_PRESENTATION_REPRESENTATION('',(#9271),
#17325);
#17234=MECHANICAL_DESIGN_GEOMETRIC_PRESENTATION_REPRESENTATION('',(#9272),
#17326);
#17235=MECHANICAL_DESIGN_GEOMETRIC_PRESENTATION_REPRESENTATION('',(#9273),
#17327);
#17236=MECHANICAL_DESIGN_GEOMETRIC_PRESENTATION_REPRESENTATION('',(#9274),
#17328);
#17237=MECHANICAL_DESIGN_GEOMETRIC_PRESENTATION_REPRESENTATION('',(#9275),
#17329);
#17238=MECHANICAL_DESIGN_GEOMETRIC_PRESENTATION_REPRESENTATION('',(#9276),
#17330);
#17239=MECHANICAL_DESIGN_GEOMETRIC_PRESENTATION_REPRESENTATION('',(#9277),
#17331);
#17240=MECHANICAL_DESIGN_GEOMETRIC_PRESENTATION_REPRESENTATION('',(#9278),
#17332);
#17241=MECHANICAL_DESIGN_GEOMETRIC_PRESENTATION_REPRESENTATION('',(#9279),
#17333);
#17242=MECHANICAL_DESIGN_GEOMETRIC_PRESENTATION_REPRESENTATION('',(#9280),
#17334);
#17243=MECHANICAL_DESIGN_GEOMETRIC_PRESENTATION_REPRESENTATION('',(#9281),
#17335);
#17244=MECHANICAL_DESIGN_GEOMETRIC_PRESENTATION_REPRESENTATION('',(#9282),
#17336);
#17245=MECHANICAL_DESIGN_GEOMETRIC_PRESENTATION_REPRESENTATION('',(#9283),
#17337);
#17246=MECHANICAL_DESIGN_GEOMETRIC_PRESENTATION_REPRESENTATION('',(#9284),
#17338);
#17247=MECHANICAL_DESIGN_GEOMETRIC_PRESENTATION_REPRESENTATION('',(#9285),
#17339);
#17248=MECHANICAL_DESIGN_GEOMETRIC_PRESENTATION_REPRESENTATION('',(#9286),
#17340);
#17249=MECHANICAL_DESIGN_GEOMETRIC_PRESENTATION_REPRESENTATION('',(#9287),
#17341);
#17250=MECHANICAL_DESIGN_GEOMETRIC_PRESENTATION_REPRESENTATION('',(#9288),
#17342);
#17251=MECHANICAL_DESIGN_GEOMETRIC_PRESENTATION_REPRESENTATION('',(#9289),
#17343);
#17252=MECHANICAL_DESIGN_GEOMETRIC_PRESENTATION_REPRESENTATION('',(#9290),
#17344);
#17253=MECHANICAL_DESIGN_GEOMETRIC_PRESENTATION_REPRESENTATION('',(#9291),
#17345);
#17254=MECHANICAL_DESIGN_GEOMETRIC_PRESENTATION_REPRESENTATION('',(#9292),
#17346);
#17255=MECHANICAL_DESIGN_GEOMETRIC_PRESENTATION_REPRESENTATION('',(#9293),
#17347);
#17256=MECHANICAL_DESIGN_GEOMETRIC_PRESENTATION_REPRESENTATION('',(#9294),
#17348);
#17257=MECHANICAL_DESIGN_GEOMETRIC_PRESENTATION_REPRESENTATION('',(#9295),
#17349);
#17258=MECHANICAL_DESIGN_GEOMETRIC_PRESENTATION_REPRESENTATION('',(#9296),
#17350);
#17259=MECHANICAL_DESIGN_GEOMETRIC_PRESENTATION_REPRESENTATION('',(#9297),
#17351);
#17260=MECHANICAL_DESIGN_GEOMETRIC_PRESENTATION_REPRESENTATION('',(#9298),
#17352);
#17261=MECHANICAL_DESIGN_GEOMETRIC_PRESENTATION_REPRESENTATION('',(#9299),
#17353);
#17262=MECHANICAL_DESIGN_GEOMETRIC_PRESENTATION_REPRESENTATION('',(#9300),
#17354);
#17263=MECHANICAL_DESIGN_GEOMETRIC_PRESENTATION_REPRESENTATION('',(#9301),
#17355);
#17264=MECHANICAL_DESIGN_GEOMETRIC_PRESENTATION_REPRESENTATION('',(#9302),
#17356);
#17265=MECHANICAL_DESIGN_GEOMETRIC_PRESENTATION_REPRESENTATION('',(#9303),
#17357);
#17266=MECHANICAL_DESIGN_GEOMETRIC_PRESENTATION_REPRESENTATION('',(#9304),
#17358);
#17267=MECHANICAL_DESIGN_GEOMETRIC_PRESENTATION_REPRESENTATION('',(#9305),
#17359);
#17268=MECHANICAL_DESIGN_GEOMETRIC_PRESENTATION_REPRESENTATION('',(#9306),
#17360);
#17269=MECHANICAL_DESIGN_GEOMETRIC_PRESENTATION_REPRESENTATION('',(#9307),
#17361);
#17270=MECHANICAL_DESIGN_GEOMETRIC_PRESENTATION_REPRESENTATION('',(#9308),
#17362);
#17271=MECHANICAL_DESIGN_GEOMETRIC_PRESENTATION_REPRESENTATION('',(#9309),
#17363);
#17272=MECHANICAL_DESIGN_GEOMETRIC_PRESENTATION_REPRESENTATION('',(#9310),
#17364);
#17273=MECHANICAL_DESIGN_GEOMETRIC_PRESENTATION_REPRESENTATION('',(#9311),
#17365);
#17274=MECHANICAL_DESIGN_GEOMETRIC_PRESENTATION_REPRESENTATION('',(#9312),
#17366);
#17275=MECHANICAL_DESIGN_GEOMETRIC_PRESENTATION_REPRESENTATION('',(#9313),
#17367);
#17276=MECHANICAL_DESIGN_GEOMETRIC_PRESENTATION_REPRESENTATION('',(#9314),
#17368);
#17277=MECHANICAL_DESIGN_GEOMETRIC_PRESENTATION_REPRESENTATION('',(#9315),
#17369);
#17278=MECHANICAL_DESIGN_GEOMETRIC_PRESENTATION_REPRESENTATION('',(#9316),
#17370);
#17279=MECHANICAL_DESIGN_GEOMETRIC_PRESENTATION_REPRESENTATION('',(#9317),
#17371);
#17280=MECHANICAL_DESIGN_GEOMETRIC_PRESENTATION_REPRESENTATION('',(#9318),
#17372);
#17281=MECHANICAL_DESIGN_GEOMETRIC_PRESENTATION_REPRESENTATION('',(#9319),
#17373);
#17282=MECHANICAL_DESIGN_GEOMETRIC_PRESENTATION_REPRESENTATION('',(#9320),
#17374);
#17283=MECHANICAL_DESIGN_GEOMETRIC_PRESENTATION_REPRESENTATION('',(#9321),
#17375);
#17284=MECHANICAL_DESIGN_GEOMETRIC_PRESENTATION_REPRESENTATION('',(#9322),
#17376);
#17285=MECHANICAL_DESIGN_GEOMETRIC_PRESENTATION_REPRESENTATION('',(#9323),
#17377);
#17286=MECHANICAL_DESIGN_GEOMETRIC_PRESENTATION_REPRESENTATION('',(#9324),
#17378);
#17287=(
GEOMETRIC_REPRESENTATION_CONTEXT(3)
GLOBAL_UNCERTAINTY_ASSIGNED_CONTEXT((#17379))
GLOBAL_UNIT_ASSIGNED_CONTEXT((#17655,#17563,#17471))
REPRESENTATION_CONTEXT('Part 14','TOP_LEVEL_ASSEMBLY_PART')
);
#17288=(
GEOMETRIC_REPRESENTATION_CONTEXT(3)
GLOBAL_UNCERTAINTY_ASSIGNED_CONTEXT((#17380))
GLOBAL_UNIT_ASSIGNED_CONTEXT((#17656,#17564,#17472))
REPRESENTATION_CONTEXT('Part 15','TOP_LEVEL_ASSEMBLY_PART')
);
#17289=(
GEOMETRIC_REPRESENTATION_CONTEXT(3)
GLOBAL_UNCERTAINTY_ASSIGNED_CONTEXT((#17381))
GLOBAL_UNIT_ASSIGNED_CONTEXT((#17657,#17565,#17473))
REPRESENTATION_CONTEXT('Part 16','TOP_LEVEL_ASSEMBLY_PART')
);
#17290=(
GEOMETRIC_REPRESENTATION_CONTEXT(3)
GLOBAL_UNCERTAINTY_ASSIGNED_CONTEXT((#17382))
GLOBAL_UNIT_ASSIGNED_CONTEXT((#17658,#17566,#17474))
REPRESENTATION_CONTEXT('Part 17','TOP_LEVEL_ASSEMBLY_PART')
);
#17291=(
GEOMETRIC_REPRESENTATION_CONTEXT(3)
GLOBAL_UNCERTAINTY_ASSIGNED_CONTEXT((#17383))
GLOBAL_UNIT_ASSIGNED_CONTEXT((#17659,#17567,#17475))
REPRESENTATION_CONTEXT('Part 18','TOP_LEVEL_ASSEMBLY_PART')
);
#17292=(
GEOMETRIC_REPRESENTATION_CONTEXT(3)
GLOBAL_UNCERTAINTY_ASSIGNED_CONTEXT((#17384))
GLOBAL_UNIT_ASSIGNED_CONTEXT((#17660,#17568,#17476))
REPRESENTATION_CONTEXT('Part 19','TOP_LEVEL_ASSEMBLY_PART')
);
#17293=(
GEOMETRIC_REPRESENTATION_CONTEXT(3)
GLOBAL_UNCERTAINTY_ASSIGNED_CONTEXT((#17385))
GLOBAL_UNIT_ASSIGNED_CONTEXT((#17661,#17569,#17477))
REPRESENTATION_CONTEXT('Part 20','TOP_LEVEL_ASSEMBLY_PART')
);
#17294=(
GEOMETRIC_REPRESENTATION_CONTEXT(3)
GLOBAL_UNCERTAINTY_ASSIGNED_CONTEXT((#17386))
GLOBAL_UNIT_ASSIGNED_CONTEXT((#17662,#17570,#17478))
REPRESENTATION_CONTEXT('Part 21','TOP_LEVEL_ASSEMBLY_PART')
);
#17295=(
GEOMETRIC_REPRESENTATION_CONTEXT(3)
GLOBAL_UNCERTAINTY_ASSIGNED_CONTEXT((#17387))
GLOBAL_UNIT_ASSIGNED_CONTEXT((#17663,#17571,#17479))
REPRESENTATION_CONTEXT('Part 22','TOP_LEVEL_ASSEMBLY_PART')
);
#17296=(
GEOMETRIC_REPRESENTATION_CONTEXT(3)
GLOBAL_UNCERTAINTY_ASSIGNED_CONTEXT((#17388))
GLOBAL_UNIT_ASSIGNED_CONTEXT((#17664,#17572,#17480))
REPRESENTATION_CONTEXT('Part 44','TOP_LEVEL_ASSEMBLY_PART')
);
#17297=(
GEOMETRIC_REPRESENTATION_CONTEXT(3)
GLOBAL_UNCERTAINTY_ASSIGNED_CONTEXT((#17389))
GLOBAL_UNIT_ASSIGNED_CONTEXT((#17665,#17573,#17481))
REPRESENTATION_CONTEXT('Part 46','TOP_LEVEL_ASSEMBLY_PART')
);
#17298=(
GEOMETRIC_REPRESENTATION_CONTEXT(3)
GLOBAL_UNCERTAINTY_ASSIGNED_CONTEXT((#17390))
GLOBAL_UNIT_ASSIGNED_CONTEXT((#17666,#17574,#17482))
REPRESENTATION_CONTEXT('Part 47','TOP_LEVEL_ASSEMBLY_PART')
);
#17299=(
GEOMETRIC_REPRESENTATION_CONTEXT(3)
GLOBAL_UNCERTAINTY_ASSIGNED_CONTEXT((#17391))
GLOBAL_UNIT_ASSIGNED_CONTEXT((#17667,#17575,#17483))
REPRESENTATION_CONTEXT('Part 48','TOP_LEVEL_ASSEMBLY_PART')
);
#17300=(
GEOMETRIC_REPRESENTATION_CONTEXT(3)
GLOBAL_UNCERTAINTY_ASSIGNED_CONTEXT((#17392))
GLOBAL_UNIT_ASSIGNED_CONTEXT((#17668,#17576,#17484))
REPRESENTATION_CONTEXT('Part 49','TOP_LEVEL_ASSEMBLY_PART')
);
#17301=(
GEOMETRIC_REPRESENTATION_CONTEXT(3)
GLOBAL_UNCERTAINTY_ASSIGNED_CONTEXT((#17393))
GLOBAL_UNIT_ASSIGNED_CONTEXT((#17669,#17577,#17485))
REPRESENTATION_CONTEXT('Part 51','TOP_LEVEL_ASSEMBLY_PART')
);
#17302=(
GEOMETRIC_REPRESENTATION_CONTEXT(3)
GLOBAL_UNCERTAINTY_ASSIGNED_CONTEXT((#17394))
GLOBAL_UNIT_ASSIGNED_CONTEXT((#17670,#17578,#17486))
REPRESENTATION_CONTEXT('Part 52','TOP_LEVEL_ASSEMBLY_PART')
);
#17303=(
GEOMETRIC_REPRESENTATION_CONTEXT(3)
GLOBAL_UNCERTAINTY_ASSIGNED_CONTEXT((#17395))
GLOBAL_UNIT_ASSIGNED_CONTEXT((#17671,#17579,#17487))
REPRESENTATION_CONTEXT('Part 53','TOP_LEVEL_ASSEMBLY_PART')
);
#17304=(
GEOMETRIC_REPRESENTATION_CONTEXT(3)
GLOBAL_UNCERTAINTY_ASSIGNED_CONTEXT((#17396))
GLOBAL_UNIT_ASSIGNED_CONTEXT((#17672,#17580,#17488))
REPRESENTATION_CONTEXT('Part 54','TOP_LEVEL_ASSEMBLY_PART')
);
#17305=(
GEOMETRIC_REPRESENTATION_CONTEXT(3)
GLOBAL_UNCERTAINTY_ASSIGNED_CONTEXT((#17397))
GLOBAL_UNIT_ASSIGNED_CONTEXT((#17673,#17581,#17489))
REPRESENTATION_CONTEXT('Part 56','TOP_LEVEL_ASSEMBLY_PART')
);
#17306=(
GEOMETRIC_REPRESENTATION_CONTEXT(3)
GLOBAL_UNCERTAINTY_ASSIGNED_CONTEXT((#17398))
GLOBAL_UNIT_ASSIGNED_CONTEXT((#17674,#17582,#17490))
REPRESENTATION_CONTEXT('Part 57','TOP_LEVEL_ASSEMBLY_PART')
);
#17307=(
GEOMETRIC_REPRESENTATION_CONTEXT(3)
GLOBAL_UNCERTAINTY_ASSIGNED_CONTEXT((#17399))
GLOBAL_UNIT_ASSIGNED_CONTEXT((#17675,#17583,#17491))
REPRESENTATION_CONTEXT('Part 58','TOP_LEVEL_ASSEMBLY_PART')
);
#17308=(
GEOMETRIC_REPRESENTATION_CONTEXT(3)
GLOBAL_UNCERTAINTY_ASSIGNED_CONTEXT((#17400))
GLOBAL_UNIT_ASSIGNED_CONTEXT((#17676,#17584,#17492))
REPRESENTATION_CONTEXT('Part 78','TOP_LEVEL_ASSEMBLY_PART')
);
#17309=(
GEOMETRIC_REPRESENTATION_CONTEXT(3)
GLOBAL_UNCERTAINTY_ASSIGNED_CONTEXT((#17401))
GLOBAL_UNIT_ASSIGNED_CONTEXT((#17677,#17585,#17493))
REPRESENTATION_CONTEXT('Part 79','TOP_LEVEL_ASSEMBLY_PART')
);
#17310=(
GEOMETRIC_REPRESENTATION_CONTEXT(3)
GLOBAL_UNCERTAINTY_ASSIGNED_CONTEXT((#17402))
GLOBAL_UNIT_ASSIGNED_CONTEXT((#17678,#17586,#17494))
REPRESENTATION_CONTEXT('Part 80','TOP_LEVEL_ASSEMBLY_PART')
);
#17311=(
GEOMETRIC_REPRESENTATION_CONTEXT(3)
GLOBAL_UNCERTAINTY_ASSIGNED_CONTEXT((#17403))
GLOBAL_UNIT_ASSIGNED_CONTEXT((#17679,#17587,#17495))
REPRESENTATION_CONTEXT('Part 81','TOP_LEVEL_ASSEMBLY_PART')
);
#17312=(
GEOMETRIC_REPRESENTATION_CONTEXT(3)
GLOBAL_UNCERTAINTY_ASSIGNED_CONTEXT((#17404))
GLOBAL_UNIT_ASSIGNED_CONTEXT((#17680,#17588,#17496))
REPRESENTATION_CONTEXT('Part 82','TOP_LEVEL_ASSEMBLY_PART')
);
#17313=(
GEOMETRIC_REPRESENTATION_CONTEXT(3)
GLOBAL_UNCERTAINTY_ASSIGNED_CONTEXT((#17405))
GLOBAL_UNIT_ASSIGNED_CONTEXT((#17681,#17589,#17497))
REPRESENTATION_CONTEXT('Part 83','TOP_LEVEL_ASSEMBLY_PART')
);
#17314=(
GEOMETRIC_REPRESENTATION_CONTEXT(3)
GLOBAL_UNCERTAINTY_ASSIGNED_CONTEXT((#17406))
GLOBAL_UNIT_ASSIGNED_CONTEXT((#17682,#17590,#17498))
REPRESENTATION_CONTEXT('Part 84','TOP_LEVEL_ASSEMBLY_PART')
);
#17315=(
GEOMETRIC_REPRESENTATION_CONTEXT(3)
GLOBAL_UNCERTAINTY_ASSIGNED_CONTEXT((#17407))
GLOBAL_UNIT_ASSIGNED_CONTEXT((#17683,#17591,#17499))
REPRESENTATION_CONTEXT('Part 85','TOP_LEVEL_ASSEMBLY_PART')
);
#17316=(
GEOMETRIC_REPRESENTATION_CONTEXT(3)
GLOBAL_UNCERTAINTY_ASSIGNED_CONTEXT((#17408))
GLOBAL_UNIT_ASSIGNED_CONTEXT((#17684,#17592,#17500))
REPRESENTATION_CONTEXT('Part 86','TOP_LEVEL_ASSEMBLY_PART')
);
#17317=(
GEOMETRIC_REPRESENTATION_CONTEXT(3)
GLOBAL_UNCERTAINTY_ASSIGNED_CONTEXT((#17409))
GLOBAL_UNIT_ASSIGNED_CONTEXT((#17685,#17593,#17501))
REPRESENTATION_CONTEXT('Part 87','TOP_LEVEL_ASSEMBLY_PART')
);
#17318=(
GEOMETRIC_REPRESENTATION_CONTEXT(3)
GLOBAL_UNCERTAINTY_ASSIGNED_CONTEXT((#17410))
GLOBAL_UNIT_ASSIGNED_CONTEXT((#17686,#17594,#17502))
REPRESENTATION_CONTEXT('Part 2','TOP_LEVEL_ASSEMBLY_PART')
);
#17319=(
GEOMETRIC_REPRESENTATION_CONTEXT(3)
GLOBAL_UNCERTAINTY_ASSIGNED_CONTEXT((#17411))
GLOBAL_UNIT_ASSIGNED_CONTEXT((#17687,#17595,#17503))
REPRESENTATION_CONTEXT('Part 3','TOP_LEVEL_ASSEMBLY_PART')
);
#17320=(
GEOMETRIC_REPRESENTATION_CONTEXT(3)
GLOBAL_UNCERTAINTY_ASSIGNED_CONTEXT((#17412))
GLOBAL_UNIT_ASSIGNED_CONTEXT((#17688,#17596,#17504))
REPRESENTATION_CONTEXT('Part 4','TOP_LEVEL_ASSEMBLY_PART')
);
#17321=(
GEOMETRIC_REPRESENTATION_CONTEXT(3)
GLOBAL_UNCERTAINTY_ASSIGNED_CONTEXT((#17413))
GLOBAL_UNIT_ASSIGNED_CONTEXT((#17689,#17597,#17505))
REPRESENTATION_CONTEXT('Part 5','TOP_LEVEL_ASSEMBLY_PART')
);
#17322=(
GEOMETRIC_REPRESENTATION_CONTEXT(3)
GLOBAL_UNCERTAINTY_ASSIGNED_CONTEXT((#17414))
GLOBAL_UNIT_ASSIGNED_CONTEXT((#17690,#17598,#17506))
REPRESENTATION_CONTEXT('Part 6','TOP_LEVEL_ASSEMBLY_PART')
);
#17323=(
GEOMETRIC_REPRESENTATION_CONTEXT(3)
GLOBAL_UNCERTAINTY_ASSIGNED_CONTEXT((#17415))
GLOBAL_UNIT_ASSIGNED_CONTEXT((#17691,#17599,#17507))
REPRESENTATION_CONTEXT('Part 7','TOP_LEVEL_ASSEMBLY_PART')
);
#17324=(
GEOMETRIC_REPRESENTATION_CONTEXT(3)
GLOBAL_UNCERTAINTY_ASSIGNED_CONTEXT((#17416))
GLOBAL_UNIT_ASSIGNED_CONTEXT((#17692,#17600,#17508))
REPRESENTATION_CONTEXT('Part 8','TOP_LEVEL_ASSEMBLY_PART')
);
#17325=(
GEOMETRIC_REPRESENTATION_CONTEXT(3)
GLOBAL_UNCERTAINTY_ASSIGNED_CONTEXT((#17417))
GLOBAL_UNIT_ASSIGNED_CONTEXT((#17693,#17601,#17509))
REPRESENTATION_CONTEXT('Part 9','TOP_LEVEL_ASSEMBLY_PART')
);
#17326=(
GEOMETRIC_REPRESENTATION_CONTEXT(3)
GLOBAL_UNCERTAINTY_ASSIGNED_CONTEXT((#17418))
GLOBAL_UNIT_ASSIGNED_CONTEXT((#17694,#17602,#17510))
REPRESENTATION_CONTEXT('Part 10','TOP_LEVEL_ASSEMBLY_PART')
);
#17327=(
GEOMETRIC_REPRESENTATION_CONTEXT(3)
GLOBAL_UNCERTAINTY_ASSIGNED_CONTEXT((#17419))
GLOBAL_UNIT_ASSIGNED_CONTEXT((#17695,#17603,#17511))
REPRESENTATION_CONTEXT('Part 12','TOP_LEVEL_ASSEMBLY_PART')
);
#17328=(
GEOMETRIC_REPRESENTATION_CONTEXT(3)
GLOBAL_UNCERTAINTY_ASSIGNED_CONTEXT((#17420))
GLOBAL_UNIT_ASSIGNED_CONTEXT((#17696,#17604,#17512))
REPRESENTATION_CONTEXT('Part 13','TOP_LEVEL_ASSEMBLY_PART')
);
#17329=(
GEOMETRIC_REPRESENTATION_CONTEXT(3)
GLOBAL_UNCERTAINTY_ASSIGNED_CONTEXT((#17421))
GLOBAL_UNIT_ASSIGNED_CONTEXT((#17697,#17605,#17513))
REPRESENTATION_CONTEXT('Part 23','TOP_LEVEL_ASSEMBLY_PART')
);
#17330=(
GEOMETRIC_REPRESENTATION_CONTEXT(3)
GLOBAL_UNCERTAINTY_ASSIGNED_CONTEXT((#17422))
GLOBAL_UNIT_ASSIGNED_CONTEXT((#17698,#17606,#17514))
REPRESENTATION_CONTEXT('Part 24','TOP_LEVEL_ASSEMBLY_PART')
);
#17331=(
GEOMETRIC_REPRESENTATION_CONTEXT(3)
GLOBAL_UNCERTAINTY_ASSIGNED_CONTEXT((#17423))
GLOBAL_UNIT_ASSIGNED_CONTEXT((#17699,#17607,#17515))
REPRESENTATION_CONTEXT('Part 25','TOP_LEVEL_ASSEMBLY_PART')
);
#17332=(
GEOMETRIC_REPRESENTATION_CONTEXT(3)
GLOBAL_UNCERTAINTY_ASSIGNED_CONTEXT((#17424))
GLOBAL_UNIT_ASSIGNED_CONTEXT((#17700,#17608,#17516))
REPRESENTATION_CONTEXT('Part 26','TOP_LEVEL_ASSEMBLY_PART')
);
#17333=(
GEOMETRIC_REPRESENTATION_CONTEXT(3)
GLOBAL_UNCERTAINTY_ASSIGNED_CONTEXT((#17425))
GLOBAL_UNIT_ASSIGNED_CONTEXT((#17701,#17609,#17517))
REPRESENTATION_CONTEXT('Part 27','TOP_LEVEL_ASSEMBLY_PART')
);
#17334=(
GEOMETRIC_REPRESENTATION_CONTEXT(3)
GLOBAL_UNCERTAINTY_ASSIGNED_CONTEXT((#17426))
GLOBAL_UNIT_ASSIGNED_CONTEXT((#17702,#17610,#17518))
REPRESENTATION_CONTEXT('Part 28','TOP_LEVEL_ASSEMBLY_PART')
);
#17335=(
GEOMETRIC_REPRESENTATION_CONTEXT(3)
GLOBAL_UNCERTAINTY_ASSIGNED_CONTEXT((#17427))
GLOBAL_UNIT_ASSIGNED_CONTEXT((#17703,#17611,#17519))
REPRESENTATION_CONTEXT('Part 29','TOP_LEVEL_ASSEMBLY_PART')
);
#17336=(
GEOMETRIC_REPRESENTATION_CONTEXT(3)
GLOBAL_UNCERTAINTY_ASSIGNED_CONTEXT((#17428))
GLOBAL_UNIT_ASSIGNED_CONTEXT((#17704,#17612,#17520))
REPRESENTATION_CONTEXT('Part 30','TOP_LEVEL_ASSEMBLY_PART')
);
#17337=(
GEOMETRIC_REPRESENTATION_CONTEXT(3)
GLOBAL_UNCERTAINTY_ASSIGNED_CONTEXT((#17429))
GLOBAL_UNIT_ASSIGNED_CONTEXT((#17705,#17613,#17521))
REPRESENTATION_CONTEXT('Part 31','TOP_LEVEL_ASSEMBLY_PART')
);
#17338=(
GEOMETRIC_REPRESENTATION_CONTEXT(3)
GLOBAL_UNCERTAINTY_ASSIGNED_CONTEXT((#17430))
GLOBAL_UNIT_ASSIGNED_CONTEXT((#17706,#17614,#17522))
REPRESENTATION_CONTEXT('Part 32','TOP_LEVEL_ASSEMBLY_PART')
);
#17339=(
GEOMETRIC_REPRESENTATION_CONTEXT(3)
GLOBAL_UNCERTAINTY_ASSIGNED_CONTEXT((#17431))
GLOBAL_UNIT_ASSIGNED_CONTEXT((#17707,#17615,#17523))
REPRESENTATION_CONTEXT('Part 33','TOP_LEVEL_ASSEMBLY_PART')
);
#17340=(
GEOMETRIC_REPRESENTATION_CONTEXT(3)
GLOBAL_UNCERTAINTY_ASSIGNED_CONTEXT((#17432))
GLOBAL_UNIT_ASSIGNED_CONTEXT((#17708,#17616,#17524))
REPRESENTATION_CONTEXT('Part 34','TOP_LEVEL_ASSEMBLY_PART')
);
#17341=(
GEOMETRIC_REPRESENTATION_CONTEXT(3)
GLOBAL_UNCERTAINTY_ASSIGNED_CONTEXT((#17433))
GLOBAL_UNIT_ASSIGNED_CONTEXT((#17709,#17617,#17525))
REPRESENTATION_CONTEXT('Part 35','TOP_LEVEL_ASSEMBLY_PART')
);
#17342=(
GEOMETRIC_REPRESENTATION_CONTEXT(3)
GLOBAL_UNCERTAINTY_ASSIGNED_CONTEXT((#17434))
GLOBAL_UNIT_ASSIGNED_CONTEXT((#17710,#17618,#17526))
REPRESENTATION_CONTEXT('Part 36','TOP_LEVEL_ASSEMBLY_PART')
);
#17343=(
GEOMETRIC_REPRESENTATION_CONTEXT(3)
GLOBAL_UNCERTAINTY_ASSIGNED_CONTEXT((#17435))
GLOBAL_UNIT_ASSIGNED_CONTEXT((#17711,#17619,#17527))
REPRESENTATION_CONTEXT('Part 37','TOP_LEVEL_ASSEMBLY_PART')
);
#17344=(
GEOMETRIC_REPRESENTATION_CONTEXT(3)
GLOBAL_UNCERTAINTY_ASSIGNED_CONTEXT((#17436))
GLOBAL_UNIT_ASSIGNED_CONTEXT((#17712,#17620,#17528))
REPRESENTATION_CONTEXT('Part 38','TOP_LEVEL_ASSEMBLY_PART')
);
#17345=(
GEOMETRIC_REPRESENTATION_CONTEXT(3)
GLOBAL_UNCERTAINTY_ASSIGNED_CONTEXT((#17437))
GLOBAL_UNIT_ASSIGNED_CONTEXT((#17713,#17621,#17529))
REPRESENTATION_CONTEXT('Part 39','TOP_LEVEL_ASSEMBLY_PART')
);
#17346=(
GEOMETRIC_REPRESENTATION_CONTEXT(3)
GLOBAL_UNCERTAINTY_ASSIGNED_CONTEXT((#17438))
GLOBAL_UNIT_ASSIGNED_CONTEXT((#17714,#17622,#17530))
REPRESENTATION_CONTEXT('Part 40','TOP_LEVEL_ASSEMBLY_PART')
);
#17347=(
GEOMETRIC_REPRESENTATION_CONTEXT(3)
GLOBAL_UNCERTAINTY_ASSIGNED_CONTEXT((#17439))
GLOBAL_UNIT_ASSIGNED_CONTEXT((#17715,#17623,#17531))
REPRESENTATION_CONTEXT('Part 41','TOP_LEVEL_ASSEMBLY_PART')
);
#17348=(
GEOMETRIC_REPRESENTATION_CONTEXT(3)
GLOBAL_UNCERTAINTY_ASSIGNED_CONTEXT((#17440))
GLOBAL_UNIT_ASSIGNED_CONTEXT((#17716,#17624,#17532))
REPRESENTATION_CONTEXT('Part 42','TOP_LEVEL_ASSEMBLY_PART')
);
#17349=(
GEOMETRIC_REPRESENTATION_CONTEXT(3)
GLOBAL_UNCERTAINTY_ASSIGNED_CONTEXT((#17441))
GLOBAL_UNIT_ASSIGNED_CONTEXT((#17717,#17625,#17533))
REPRESENTATION_CONTEXT('Part 43','TOP_LEVEL_ASSEMBLY_PART')
);
#17350=(
GEOMETRIC_REPRESENTATION_CONTEXT(3)
GLOBAL_UNCERTAINTY_ASSIGNED_CONTEXT((#17442))
GLOBAL_UNIT_ASSIGNED_CONTEXT((#17718,#17626,#17534))
REPRESENTATION_CONTEXT('Part 45','TOP_LEVEL_ASSEMBLY_PART')
);
#17351=(
GEOMETRIC_REPRESENTATION_CONTEXT(3)
GLOBAL_UNCERTAINTY_ASSIGNED_CONTEXT((#17443))
GLOBAL_UNIT_ASSIGNED_CONTEXT((#17719,#17627,#17535))
REPRESENTATION_CONTEXT('Part 50','TOP_LEVEL_ASSEMBLY_PART')
);
#17352=(
GEOMETRIC_REPRESENTATION_CONTEXT(3)
GLOBAL_UNCERTAINTY_ASSIGNED_CONTEXT((#17444))
GLOBAL_UNIT_ASSIGNED_CONTEXT((#17720,#17628,#17536))
REPRESENTATION_CONTEXT('Part 55','TOP_LEVEL_ASSEMBLY_PART')
);
#17353=(
GEOMETRIC_REPRESENTATION_CONTEXT(3)
GLOBAL_UNCERTAINTY_ASSIGNED_CONTEXT((#17445))
GLOBAL_UNIT_ASSIGNED_CONTEXT((#17721,#17629,#17537))
REPRESENTATION_CONTEXT('Part 59','TOP_LEVEL_ASSEMBLY_PART')
);
#17354=(
GEOMETRIC_REPRESENTATION_CONTEXT(3)
GLOBAL_UNCERTAINTY_ASSIGNED_CONTEXT((#17446))
GLOBAL_UNIT_ASSIGNED_CONTEXT((#17722,#17630,#17538))
REPRESENTATION_CONTEXT('Part 60','TOP_LEVEL_ASSEMBLY_PART')
);
#17355=(
GEOMETRIC_REPRESENTATION_CONTEXT(3)
GLOBAL_UNCERTAINTY_ASSIGNED_CONTEXT((#17447))
GLOBAL_UNIT_ASSIGNED_CONTEXT((#17723,#17631,#17539))
REPRESENTATION_CONTEXT('Part 61','TOP_LEVEL_ASSEMBLY_PART')
);
#17356=(
GEOMETRIC_REPRESENTATION_CONTEXT(3)
GLOBAL_UNCERTAINTY_ASSIGNED_CONTEXT((#17448))
GLOBAL_UNIT_ASSIGNED_CONTEXT((#17724,#17632,#17540))
REPRESENTATION_CONTEXT('Part 62','TOP_LEVEL_ASSEMBLY_PART')
);
#17357=(
GEOMETRIC_REPRESENTATION_CONTEXT(3)
GLOBAL_UNCERTAINTY_ASSIGNED_CONTEXT((#17449))
GLOBAL_UNIT_ASSIGNED_CONTEXT((#17725,#17633,#17541))
REPRESENTATION_CONTEXT('Part 63','TOP_LEVEL_ASSEMBLY_PART')
);
#17358=(
GEOMETRIC_REPRESENTATION_CONTEXT(3)
GLOBAL_UNCERTAINTY_ASSIGNED_CONTEXT((#17450))
GLOBAL_UNIT_ASSIGNED_CONTEXT((#17726,#17634,#17542))
REPRESENTATION_CONTEXT('Part 64','TOP_LEVEL_ASSEMBLY_PART')
);
#17359=(
GEOMETRIC_REPRESENTATION_CONTEXT(3)
GLOBAL_UNCERTAINTY_ASSIGNED_CONTEXT((#17451))
GLOBAL_UNIT_ASSIGNED_CONTEXT((#17727,#17635,#17543))
REPRESENTATION_CONTEXT('Part 65','TOP_LEVEL_ASSEMBLY_PART')
);
#17360=(
GEOMETRIC_REPRESENTATION_CONTEXT(3)
GLOBAL_UNCERTAINTY_ASSIGNED_CONTEXT((#17452))
GLOBAL_UNIT_ASSIGNED_CONTEXT((#17728,#17636,#17544))
REPRESENTATION_CONTEXT('Part 66','TOP_LEVEL_ASSEMBLY_PART')
);
#17361=(
GEOMETRIC_REPRESENTATION_CONTEXT(3)
GLOBAL_UNCERTAINTY_ASSIGNED_CONTEXT((#17453))
GLOBAL_UNIT_ASSIGNED_CONTEXT((#17729,#17637,#17545))
REPRESENTATION_CONTEXT('Part 67','TOP_LEVEL_ASSEMBLY_PART')
);
#17362=(
GEOMETRIC_REPRESENTATION_CONTEXT(3)
GLOBAL_UNCERTAINTY_ASSIGNED_CONTEXT((#17454))
GLOBAL_UNIT_ASSIGNED_CONTEXT((#17730,#17638,#17546))
REPRESENTATION_CONTEXT('Part 68','TOP_LEVEL_ASSEMBLY_PART')
);
#17363=(
GEOMETRIC_REPRESENTATION_CONTEXT(3)
GLOBAL_UNCERTAINTY_ASSIGNED_CONTEXT((#17455))
GLOBAL_UNIT_ASSIGNED_CONTEXT((#17731,#17639,#17547))
REPRESENTATION_CONTEXT('Part 69','TOP_LEVEL_ASSEMBLY_PART')
);
#17364=(
GEOMETRIC_REPRESENTATION_CONTEXT(3)
GLOBAL_UNCERTAINTY_ASSIGNED_CONTEXT((#17456))
GLOBAL_UNIT_ASSIGNED_CONTEXT((#17732,#17640,#17548))
REPRESENTATION_CONTEXT('Part 70','TOP_LEVEL_ASSEMBLY_PART')
);
#17365=(
GEOMETRIC_REPRESENTATION_CONTEXT(3)
GLOBAL_UNCERTAINTY_ASSIGNED_CONTEXT((#17457))
GLOBAL_UNIT_ASSIGNED_CONTEXT((#17733,#17641,#17549))
REPRESENTATION_CONTEXT('Part 71','TOP_LEVEL_ASSEMBLY_PART')
);
#17366=(
GEOMETRIC_REPRESENTATION_CONTEXT(3)
GLOBAL_UNCERTAINTY_ASSIGNED_CONTEXT((#17458))
GLOBAL_UNIT_ASSIGNED_CONTEXT((#17734,#17642,#17550))
REPRESENTATION_CONTEXT('Part 72','TOP_LEVEL_ASSEMBLY_PART')
);
#17367=(
GEOMETRIC_REPRESENTATION_CONTEXT(3)
GLOBAL_UNCERTAINTY_ASSIGNED_CONTEXT((#17459))
GLOBAL_UNIT_ASSIGNED_CONTEXT((#17735,#17643,#17551))
REPRESENTATION_CONTEXT('Part 73','TOP_LEVEL_ASSEMBLY_PART')
);
#17368=(
GEOMETRIC_REPRESENTATION_CONTEXT(3)
GLOBAL_UNCERTAINTY_ASSIGNED_CONTEXT((#17460))
GLOBAL_UNIT_ASSIGNED_CONTEXT((#17736,#17644,#17552))
REPRESENTATION_CONTEXT('Part 74','TOP_LEVEL_ASSEMBLY_PART')
);
#17369=(
GEOMETRIC_REPRESENTATION_CONTEXT(3)
GLOBAL_UNCERTAINTY_ASSIGNED_CONTEXT((#17461))
GLOBAL_UNIT_ASSIGNED_CONTEXT((#17737,#17645,#17553))
REPRESENTATION_CONTEXT('Part 75','TOP_LEVEL_ASSEMBLY_PART')
);
#17370=(
GEOMETRIC_REPRESENTATION_CONTEXT(3)
GLOBAL_UNCERTAINTY_ASSIGNED_CONTEXT((#17462))
GLOBAL_UNIT_ASSIGNED_CONTEXT((#17738,#17646,#17554))
REPRESENTATION_CONTEXT('Part 76','TOP_LEVEL_ASSEMBLY_PART')
);
#17371=(
GEOMETRIC_REPRESENTATION_CONTEXT(3)
GLOBAL_UNCERTAINTY_ASSIGNED_CONTEXT((#17463))
GLOBAL_UNIT_ASSIGNED_CONTEXT((#17739,#17647,#17555))
REPRESENTATION_CONTEXT('Part 77','TOP_LEVEL_ASSEMBLY_PART')
);
#17372=(
GEOMETRIC_REPRESENTATION_CONTEXT(3)
GLOBAL_UNCERTAINTY_ASSIGNED_CONTEXT((#17464))
GLOBAL_UNIT_ASSIGNED_CONTEXT((#17740,#17648,#17556))
REPRESENTATION_CONTEXT('Part 88','TOP_LEVEL_ASSEMBLY_PART')
);
#17373=(
GEOMETRIC_REPRESENTATION_CONTEXT(3)
GLOBAL_UNCERTAINTY_ASSIGNED_CONTEXT((#17465))
GLOBAL_UNIT_ASSIGNED_CONTEXT((#17741,#17649,#17557))
REPRESENTATION_CONTEXT('Part 89','TOP_LEVEL_ASSEMBLY_PART')
);
#17374=(
GEOMETRIC_REPRESENTATION_CONTEXT(3)
GLOBAL_UNCERTAINTY_ASSIGNED_CONTEXT((#17466))
GLOBAL_UNIT_ASSIGNED_CONTEXT((#17742,#17650,#17558))
REPRESENTATION_CONTEXT('Part 90','TOP_LEVEL_ASSEMBLY_PART')
);
#17375=(
GEOMETRIC_REPRESENTATION_CONTEXT(3)
GLOBAL_UNCERTAINTY_ASSIGNED_CONTEXT((#17467))
GLOBAL_UNIT_ASSIGNED_CONTEXT((#17743,#17651,#17559))
REPRESENTATION_CONTEXT('Part 91','TOP_LEVEL_ASSEMBLY_PART')
);
#17376=(
GEOMETRIC_REPRESENTATION_CONTEXT(3)
GLOBAL_UNCERTAINTY_ASSIGNED_CONTEXT((#17468))
GLOBAL_UNIT_ASSIGNED_CONTEXT((#17744,#17652,#17560))
REPRESENTATION_CONTEXT('Part 11','TOP_LEVEL_ASSEMBLY_PART')
);
#17377=(
GEOMETRIC_REPRESENTATION_CONTEXT(3)
GLOBAL_UNCERTAINTY_ASSIGNED_CONTEXT((#17469))
GLOBAL_UNIT_ASSIGNED_CONTEXT((#17745,#17653,#17561))
REPRESENTATION_CONTEXT('Part 92','TOP_LEVEL_ASSEMBLY_PART')
);
#17378=(
GEOMETRIC_REPRESENTATION_CONTEXT(3)
GLOBAL_UNCERTAINTY_ASSIGNED_CONTEXT((#17470))
GLOBAL_UNIT_ASSIGNED_CONTEXT((#17746,#17654,#17562))
REPRESENTATION_CONTEXT('Part 1','TOP_LEVEL_ASSEMBLY_PART')
);
#17379=UNCERTAINTY_MEASURE_WITH_UNIT(LENGTH_MEASURE(1.E-8),#17655,
'DISTANCE_ACCURACY_VALUE','Maximum Tolerance applied to model');
#17380=UNCERTAINTY_MEASURE_WITH_UNIT(LENGTH_MEASURE(1.E-8),#17656,
'DISTANCE_ACCURACY_VALUE','Maximum Tolerance applied to model');
#17381=UNCERTAINTY_MEASURE_WITH_UNIT(LENGTH_MEASURE(1.E-8),#17657,
'DISTANCE_ACCURACY_VALUE','Maximum Tolerance applied to model');
#17382=UNCERTAINTY_MEASURE_WITH_UNIT(LENGTH_MEASURE(1.E-8),#17658,
'DISTANCE_ACCURACY_VALUE','Maximum Tolerance applied to model');
#17383=UNCERTAINTY_MEASURE_WITH_UNIT(LENGTH_MEASURE(1.E-8),#17659,
'DISTANCE_ACCURACY_VALUE','Maximum Tolerance applied to model');
#17384=UNCERTAINTY_MEASURE_WITH_UNIT(LENGTH_MEASURE(1.E-8),#17660,
'DISTANCE_ACCURACY_VALUE','Maximum Tolerance applied to model');
#17385=UNCERTAINTY_MEASURE_WITH_UNIT(LENGTH_MEASURE(1.E-8),#17661,
'DISTANCE_ACCURACY_VALUE','Maximum Tolerance applied to model');
#17386=UNCERTAINTY_MEASURE_WITH_UNIT(LENGTH_MEASURE(1.E-8),#17662,
'DISTANCE_ACCURACY_VALUE','Maximum Tolerance applied to model');
#17387=UNCERTAINTY_MEASURE_WITH_UNIT(LENGTH_MEASURE(1.E-8),#17663,
'DISTANCE_ACCURACY_VALUE','Maximum Tolerance applied to model');
#17388=UNCERTAINTY_MEASURE_WITH_UNIT(LENGTH_MEASURE(1.E-8),#17664,
'DISTANCE_ACCURACY_VALUE','Maximum Tolerance applied to model');
#17389=UNCERTAINTY_MEASURE_WITH_UNIT(LENGTH_MEASURE(1.E-8),#17665,
'DISTANCE_ACCURACY_VALUE','Maximum Tolerance applied to model');
#17390=UNCERTAINTY_MEASURE_WITH_UNIT(LENGTH_MEASURE(1.E-8),#17666,
'DISTANCE_ACCURACY_VALUE','Maximum Tolerance applied to model');
#17391=UNCERTAINTY_MEASURE_WITH_UNIT(LENGTH_MEASURE(1.E-8),#17667,
'DISTANCE_ACCURACY_VALUE','Maximum Tolerance applied to model');
#17392=UNCERTAINTY_MEASURE_WITH_UNIT(LENGTH_MEASURE(1.E-8),#17668,
'DISTANCE_ACCURACY_VALUE','Maximum Tolerance applied to model');
#17393=UNCERTAINTY_MEASURE_WITH_UNIT(LENGTH_MEASURE(1.E-8),#17669,
'DISTANCE_ACCURACY_VALUE','Maximum Tolerance applied to model');
#17394=UNCERTAINTY_MEASURE_WITH_UNIT(LENGTH_MEASURE(1.E-8),#17670,
'DISTANCE_ACCURACY_VALUE','Maximum Tolerance applied to model');
#17395=UNCERTAINTY_MEASURE_WITH_UNIT(LENGTH_MEASURE(1.E-8),#17671,
'DISTANCE_ACCURACY_VALUE','Maximum Tolerance applied to model');
#17396=UNCERTAINTY_MEASURE_WITH_UNIT(LENGTH_MEASURE(1.E-8),#17672,
'DISTANCE_ACCURACY_VALUE','Maximum Tolerance applied to model');
#17397=UNCERTAINTY_MEASURE_WITH_UNIT(LENGTH_MEASURE(1.E-8),#17673,
'DISTANCE_ACCURACY_VALUE','Maximum Tolerance applied to model');
#17398=UNCERTAINTY_MEASURE_WITH_UNIT(LENGTH_MEASURE(1.E-8),#17674,
'DISTANCE_ACCURACY_VALUE','Maximum Tolerance applied to model');
#17399=UNCERTAINTY_MEASURE_WITH_UNIT(LENGTH_MEASURE(1.E-8),#17675,
'DISTANCE_ACCURACY_VALUE','Maximum Tolerance applied to model');
#17400=UNCERTAINTY_MEASURE_WITH_UNIT(LENGTH_MEASURE(1.E-8),#17676,
'DISTANCE_ACCURACY_VALUE','Maximum Tolerance applied to model');
#17401=UNCERTAINTY_MEASURE_WITH_UNIT(LENGTH_MEASURE(1.E-8),#17677,
'DISTANCE_ACCURACY_VALUE','Maximum Tolerance applied to model');
#17402=UNCERTAINTY_MEASURE_WITH_UNIT(LENGTH_MEASURE(1.E-8),#17678,
'DISTANCE_ACCURACY_VALUE','Maximum Tolerance applied to model');
#17403=UNCERTAINTY_MEASURE_WITH_UNIT(LENGTH_MEASURE(1.E-8),#17679,
'DISTANCE_ACCURACY_VALUE','Maximum Tolerance applied to model');
#17404=UNCERTAINTY_MEASURE_WITH_UNIT(LENGTH_MEASURE(1.E-8),#17680,
'DISTANCE_ACCURACY_VALUE','Maximum Tolerance applied to model');
#17405=UNCERTAINTY_MEASURE_WITH_UNIT(LENGTH_MEASURE(1.E-8),#17681,
'DISTANCE_ACCURACY_VALUE','Maximum Tolerance applied to model');
#17406=UNCERTAINTY_MEASURE_WITH_UNIT(LENGTH_MEASURE(1.E-8),#17682,
'DISTANCE_ACCURACY_VALUE','Maximum Tolerance applied to model');
#17407=UNCERTAINTY_MEASURE_WITH_UNIT(LENGTH_MEASURE(1.E-8),#17683,
'DISTANCE_ACCURACY_VALUE','Maximum Tolerance applied to model');
#17408=UNCERTAINTY_MEASURE_WITH_UNIT(LENGTH_MEASURE(1.E-8),#17684,
'DISTANCE_ACCURACY_VALUE','Maximum Tolerance applied to model');
#17409=UNCERTAINTY_MEASURE_WITH_UNIT(LENGTH_MEASURE(1.E-8),#17685,
'DISTANCE_ACCURACY_VALUE','Maximum Tolerance applied to model');
#17410=UNCERTAINTY_MEASURE_WITH_UNIT(LENGTH_MEASURE(1.E-8),#17686,
'DISTANCE_ACCURACY_VALUE','Maximum Tolerance applied to model');
#17411=UNCERTAINTY_MEASURE_WITH_UNIT(LENGTH_MEASURE(1.E-8),#17687,
'DISTANCE_ACCURACY_VALUE','Maximum Tolerance applied to model');
#17412=UNCERTAINTY_MEASURE_WITH_UNIT(LENGTH_MEASURE(1.E-8),#17688,
'DISTANCE_ACCURACY_VALUE','Maximum Tolerance applied to model');
#17413=UNCERTAINTY_MEASURE_WITH_UNIT(LENGTH_MEASURE(1.E-8),#17689,
'DISTANCE_ACCURACY_VALUE','Maximum Tolerance applied to model');
#17414=UNCERTAINTY_MEASURE_WITH_UNIT(LENGTH_MEASURE(1.E-8),#17690,
'DISTANCE_ACCURACY_VALUE','Maximum Tolerance applied to model');
#17415=UNCERTAINTY_MEASURE_WITH_UNIT(LENGTH_MEASURE(1.E-8),#17691,
'DISTANCE_ACCURACY_VALUE','Maximum Tolerance applied to model');
#17416=UNCERTAINTY_MEASURE_WITH_UNIT(LENGTH_MEASURE(1.E-8),#17692,
'DISTANCE_ACCURACY_VALUE','Maximum Tolerance applied to model');
#17417=UNCERTAINTY_MEASURE_WITH_UNIT(LENGTH_MEASURE(1.E-8),#17693,
'DISTANCE_ACCURACY_VALUE','Maximum Tolerance applied to model');
#17418=UNCERTAINTY_MEASURE_WITH_UNIT(LENGTH_MEASURE(1.E-8),#17694,
'DISTANCE_ACCURACY_VALUE','Maximum Tolerance applied to model');
#17419=UNCERTAINTY_MEASURE_WITH_UNIT(LENGTH_MEASURE(1.E-8),#17695,
'DISTANCE_ACCURACY_VALUE','Maximum Tolerance applied to model');
#17420=UNCERTAINTY_MEASURE_WITH_UNIT(LENGTH_MEASURE(1.E-8),#17696,
'DISTANCE_ACCURACY_VALUE','Maximum Tolerance applied to model');
#17421=UNCERTAINTY_MEASURE_WITH_UNIT(LENGTH_MEASURE(1.E-8),#17697,
'DISTANCE_ACCURACY_VALUE','Maximum Tolerance applied to model');
#17422=UNCERTAINTY_MEASURE_WITH_UNIT(LENGTH_MEASURE(1.E-8),#17698,
'DISTANCE_ACCURACY_VALUE','Maximum Tolerance applied to model');
#17423=UNCERTAINTY_MEASURE_WITH_UNIT(LENGTH_MEASURE(1.E-8),#17699,
'DISTANCE_ACCURACY_VALUE','Maximum Tolerance applied to model');
#17424=UNCERTAINTY_MEASURE_WITH_UNIT(LENGTH_MEASURE(1.E-8),#17700,
'DISTANCE_ACCURACY_VALUE','Maximum Tolerance applied to model');
#17425=UNCERTAINTY_MEASURE_WITH_UNIT(LENGTH_MEASURE(1.E-8),#17701,
'DISTANCE_ACCURACY_VALUE','Maximum Tolerance applied to model');
#17426=UNCERTAINTY_MEASURE_WITH_UNIT(LENGTH_MEASURE(1.E-8),#17702,
'DISTANCE_ACCURACY_VALUE','Maximum Tolerance applied to model');
#17427=UNCERTAINTY_MEASURE_WITH_UNIT(LENGTH_MEASURE(1.E-8),#17703,
'DISTANCE_ACCURACY_VALUE','Maximum Tolerance applied to model');
#17428=UNCERTAINTY_MEASURE_WITH_UNIT(LENGTH_MEASURE(1.E-8),#17704,
'DISTANCE_ACCURACY_VALUE','Maximum Tolerance applied to model');
#17429=UNCERTAINTY_MEASURE_WITH_UNIT(LENGTH_MEASURE(1.E-8),#17705,
'DISTANCE_ACCURACY_VALUE','Maximum Tolerance applied to model');
#17430=UNCERTAINTY_MEASURE_WITH_UNIT(LENGTH_MEASURE(1.E-8),#17706,
'DISTANCE_ACCURACY_VALUE','Maximum Tolerance applied to model');
#17431=UNCERTAINTY_MEASURE_WITH_UNIT(LENGTH_MEASURE(1.E-8),#17707,
'DISTANCE_ACCURACY_VALUE','Maximum Tolerance applied to model');
#17432=UNCERTAINTY_MEASURE_WITH_UNIT(LENGTH_MEASURE(1.E-8),#17708,
'DISTANCE_ACCURACY_VALUE','Maximum Tolerance applied to model');
#17433=UNCERTAINTY_MEASURE_WITH_UNIT(LENGTH_MEASURE(1.E-8),#17709,
'DISTANCE_ACCURACY_VALUE','Maximum Tolerance applied to model');
#17434=UNCERTAINTY_MEASURE_WITH_UNIT(LENGTH_MEASURE(1.E-8),#17710,
'DISTANCE_ACCURACY_VALUE','Maximum Tolerance applied to model');
#17435=UNCERTAINTY_MEASURE_WITH_UNIT(LENGTH_MEASURE(1.E-8),#17711,
'DISTANCE_ACCURACY_VALUE','Maximum Tolerance applied to model');
#17436=UNCERTAINTY_MEASURE_WITH_UNIT(LENGTH_MEASURE(1.E-8),#17712,
'DISTANCE_ACCURACY_VALUE','Maximum Tolerance applied to model');
#17437=UNCERTAINTY_MEASURE_WITH_UNIT(LENGTH_MEASURE(1.E-8),#17713,
'DISTANCE_ACCURACY_VALUE','Maximum Tolerance applied to model');
#17438=UNCERTAINTY_MEASURE_WITH_UNIT(LENGTH_MEASURE(1.E-8),#17714,
'DISTANCE_ACCURACY_VALUE','Maximum Tolerance applied to model');
#17439=UNCERTAINTY_MEASURE_WITH_UNIT(LENGTH_MEASURE(1.E-8),#17715,
'DISTANCE_ACCURACY_VALUE','Maximum Tolerance applied to model');
#17440=UNCERTAINTY_MEASURE_WITH_UNIT(LENGTH_MEASURE(1.E-8),#17716,
'DISTANCE_ACCURACY_VALUE','Maximum Tolerance applied to model');
#17441=UNCERTAINTY_MEASURE_WITH_UNIT(LENGTH_MEASURE(1.E-8),#17717,
'DISTANCE_ACCURACY_VALUE','Maximum Tolerance applied to model');
#17442=UNCERTAINTY_MEASURE_WITH_UNIT(LENGTH_MEASURE(1.E-8),#17718,
'DISTANCE_ACCURACY_VALUE','Maximum Tolerance applied to model');
#17443=UNCERTAINTY_MEASURE_WITH_UNIT(LENGTH_MEASURE(1.E-8),#17719,
'DISTANCE_ACCURACY_VALUE','Maximum Tolerance applied to model');
#17444=UNCERTAINTY_MEASURE_WITH_UNIT(LENGTH_MEASURE(1.E-8),#17720,
'DISTANCE_ACCURACY_VALUE','Maximum Tolerance applied to model');
#17445=UNCERTAINTY_MEASURE_WITH_UNIT(LENGTH_MEASURE(1.E-8),#17721,
'DISTANCE_ACCURACY_VALUE','Maximum Tolerance applied to model');
#17446=UNCERTAINTY_MEASURE_WITH_UNIT(LENGTH_MEASURE(1.E-8),#17722,
'DISTANCE_ACCURACY_VALUE','Maximum Tolerance applied to model');
#17447=UNCERTAINTY_MEASURE_WITH_UNIT(LENGTH_MEASURE(1.E-8),#17723,
'DISTANCE_ACCURACY_VALUE','Maximum Tolerance applied to model');
#17448=UNCERTAINTY_MEASURE_WITH_UNIT(LENGTH_MEASURE(1.E-8),#17724,
'DISTANCE_ACCURACY_VALUE','Maximum Tolerance applied to model');
#17449=UNCERTAINTY_MEASURE_WITH_UNIT(LENGTH_MEASURE(1.E-8),#17725,
'DISTANCE_ACCURACY_VALUE','Maximum Tolerance applied to model');
#17450=UNCERTAINTY_MEASURE_WITH_UNIT(LENGTH_MEASURE(1.E-8),#17726,
'DISTANCE_ACCURACY_VALUE','Maximum Tolerance applied to model');
#17451=UNCERTAINTY_MEASURE_WITH_UNIT(LENGTH_MEASURE(1.E-8),#17727,
'DISTANCE_ACCURACY_VALUE','Maximum Tolerance applied to model');
#17452=UNCERTAINTY_MEASURE_WITH_UNIT(LENGTH_MEASURE(1.E-8),#17728,
'DISTANCE_ACCURACY_VALUE','Maximum Tolerance applied to model');
#17453=UNCERTAINTY_MEASURE_WITH_UNIT(LENGTH_MEASURE(1.E-8),#17729,
'DISTANCE_ACCURACY_VALUE','Maximum Tolerance applied to model');
#17454=UNCERTAINTY_MEASURE_WITH_UNIT(LENGTH_MEASURE(1.E-8),#17730,
'DISTANCE_ACCURACY_VALUE','Maximum Tolerance applied to model');
#17455=UNCERTAINTY_MEASURE_WITH_UNIT(LENGTH_MEASURE(1.E-8),#17731,
'DISTANCE_ACCURACY_VALUE','Maximum Tolerance applied to model');
#17456=UNCERTAINTY_MEASURE_WITH_UNIT(LENGTH_MEASURE(1.E-8),#17732,
'DISTANCE_ACCURACY_VALUE','Maximum Tolerance applied to model');
#17457=UNCERTAINTY_MEASURE_WITH_UNIT(LENGTH_MEASURE(1.E-8),#17733,
'DISTANCE_ACCURACY_VALUE','Maximum Tolerance applied to model');
#17458=UNCERTAINTY_MEASURE_WITH_UNIT(LENGTH_MEASURE(1.E-8),#17734,
'DISTANCE_ACCURACY_VALUE','Maximum Tolerance applied to model');
#17459=UNCERTAINTY_MEASURE_WITH_UNIT(LENGTH_MEASURE(1.E-8),#17735,
'DISTANCE_ACCURACY_VALUE','Maximum Tolerance applied to model');
#17460=UNCERTAINTY_MEASURE_WITH_UNIT(LENGTH_MEASURE(1.E-8),#17736,
'DISTANCE_ACCURACY_VALUE','Maximum Tolerance applied to model');
#17461=UNCERTAINTY_MEASURE_WITH_UNIT(LENGTH_MEASURE(1.E-8),#17737,
'DISTANCE_ACCURACY_VALUE','Maximum Tolerance applied to model');
#17462=UNCERTAINTY_MEASURE_WITH_UNIT(LENGTH_MEASURE(1.E-8),#17738,
'DISTANCE_ACCURACY_VALUE','Maximum Tolerance applied to model');
#17463=UNCERTAINTY_MEASURE_WITH_UNIT(LENGTH_MEASURE(1.E-8),#17739,
'DISTANCE_ACCURACY_VALUE','Maximum Tolerance applied to model');
#17464=UNCERTAINTY_MEASURE_WITH_UNIT(LENGTH_MEASURE(1.E-8),#17740,
'DISTANCE_ACCURACY_VALUE','Maximum Tolerance applied to model');
#17465=UNCERTAINTY_MEASURE_WITH_UNIT(LENGTH_MEASURE(1.E-8),#17741,
'DISTANCE_ACCURACY_VALUE','Maximum Tolerance applied to model');
#17466=UNCERTAINTY_MEASURE_WITH_UNIT(LENGTH_MEASURE(1.E-8),#17742,
'DISTANCE_ACCURACY_VALUE','Maximum Tolerance applied to model');
#17467=UNCERTAINTY_MEASURE_WITH_UNIT(LENGTH_MEASURE(1.E-8),#17743,
'DISTANCE_ACCURACY_VALUE','Maximum Tolerance applied to model');
#17468=UNCERTAINTY_MEASURE_WITH_UNIT(LENGTH_MEASURE(1.E-8),#17744,
'DISTANCE_ACCURACY_VALUE','Maximum Tolerance applied to model');
#17469=UNCERTAINTY_MEASURE_WITH_UNIT(LENGTH_MEASURE(1.E-8),#17745,
'DISTANCE_ACCURACY_VALUE','Maximum Tolerance applied to model');
#17470=UNCERTAINTY_MEASURE_WITH_UNIT(LENGTH_MEASURE(2.E-5),#17746,
'DISTANCE_ACCURACY_VALUE','Maximum Tolerance applied to model');
#17471=(
NAMED_UNIT(*)
SI_UNIT($,.STERADIAN.)
SOLID_ANGLE_UNIT()
);
#17472=(
NAMED_UNIT(*)
SI_UNIT($,.STERADIAN.)
SOLID_ANGLE_UNIT()
);
#17473=(
NAMED_UNIT(*)
SI_UNIT($,.STERADIAN.)
SOLID_ANGLE_UNIT()
);
#17474=(
NAMED_UNIT(*)
SI_UNIT($,.STERADIAN.)
SOLID_ANGLE_UNIT()
);
#17475=(
NAMED_UNIT(*)
SI_UNIT($,.STERADIAN.)
SOLID_ANGLE_UNIT()
);
#17476=(
NAMED_UNIT(*)
SI_UNIT($,.STERADIAN.)
SOLID_ANGLE_UNIT()
);
#17477=(
NAMED_UNIT(*)
SI_UNIT($,.STERADIAN.)
SOLID_ANGLE_UNIT()
);
#17478=(
NAMED_UNIT(*)
SI_UNIT($,.STERADIAN.)
SOLID_ANGLE_UNIT()
);
#17479=(
NAMED_UNIT(*)
SI_UNIT($,.STERADIAN.)
SOLID_ANGLE_UNIT()
);
#17480=(
NAMED_UNIT(*)
SI_UNIT($,.STERADIAN.)
SOLID_ANGLE_UNIT()
);
#17481=(
NAMED_UNIT(*)
SI_UNIT($,.STERADIAN.)
SOLID_ANGLE_UNIT()
);
#17482=(
NAMED_UNIT(*)
SI_UNIT($,.STERADIAN.)
SOLID_ANGLE_UNIT()
);
#17483=(
NAMED_UNIT(*)
SI_UNIT($,.STERADIAN.)
SOLID_ANGLE_UNIT()
);
#17484=(
NAMED_UNIT(*)
SI_UNIT($,.STERADIAN.)
SOLID_ANGLE_UNIT()
);
#17485=(
NAMED_UNIT(*)
SI_UNIT($,.STERADIAN.)
SOLID_ANGLE_UNIT()
);
#17486=(
NAMED_UNIT(*)
SI_UNIT($,.STERADIAN.)
SOLID_ANGLE_UNIT()
);
#17487=(
NAMED_UNIT(*)
SI_UNIT($,.STERADIAN.)
SOLID_ANGLE_UNIT()
);
#17488=(
NAMED_UNIT(*)
SI_UNIT($,.STERADIAN.)
SOLID_ANGLE_UNIT()
);
#17489=(
NAMED_UNIT(*)
SI_UNIT($,.STERADIAN.)
SOLID_ANGLE_UNIT()
);
#17490=(
NAMED_UNIT(*)
SI_UNIT($,.STERADIAN.)
SOLID_ANGLE_UNIT()
);
#17491=(
NAMED_UNIT(*)
SI_UNIT($,.STERADIAN.)
SOLID_ANGLE_UNIT()
);
#17492=(
NAMED_UNIT(*)
SI_UNIT($,.STERADIAN.)
SOLID_ANGLE_UNIT()
);
#17493=(
NAMED_UNIT(*)
SI_UNIT($,.STERADIAN.)
SOLID_ANGLE_UNIT()
);
#17494=(
NAMED_UNIT(*)
SI_UNIT($,.STERADIAN.)
SOLID_ANGLE_UNIT()
);
#17495=(
NAMED_UNIT(*)
SI_UNIT($,.STERADIAN.)
SOLID_ANGLE_UNIT()
);
#17496=(
NAMED_UNIT(*)
SI_UNIT($,.STERADIAN.)
SOLID_ANGLE_UNIT()
);
#17497=(
NAMED_UNIT(*)
SI_UNIT($,.STERADIAN.)
SOLID_ANGLE_UNIT()
);
#17498=(
NAMED_UNIT(*)
SI_UNIT($,.STERADIAN.)
SOLID_ANGLE_UNIT()
);
#17499=(
NAMED_UNIT(*)
SI_UNIT($,.STERADIAN.)
SOLID_ANGLE_UNIT()
);
#17500=(
NAMED_UNIT(*)
SI_UNIT($,.STERADIAN.)
SOLID_ANGLE_UNIT()
);
#17501=(
NAMED_UNIT(*)
SI_UNIT($,.STERADIAN.)
SOLID_ANGLE_UNIT()
);
#17502=(
NAMED_UNIT(*)
SI_UNIT($,.STERADIAN.)
SOLID_ANGLE_UNIT()
);
#17503=(
NAMED_UNIT(*)
SI_UNIT($,.STERADIAN.)
SOLID_ANGLE_UNIT()
);
#17504=(
NAMED_UNIT(*)
SI_UNIT($,.STERADIAN.)
SOLID_ANGLE_UNIT()
);
#17505=(
NAMED_UNIT(*)
SI_UNIT($,.STERADIAN.)
SOLID_ANGLE_UNIT()
);
#17506=(
NAMED_UNIT(*)
SI_UNIT($,.STERADIAN.)
SOLID_ANGLE_UNIT()
);
#17507=(
NAMED_UNIT(*)
SI_UNIT($,.STERADIAN.)
SOLID_ANGLE_UNIT()
);
#17508=(
NAMED_UNIT(*)
SI_UNIT($,.STERADIAN.)
SOLID_ANGLE_UNIT()
);
#17509=(
NAMED_UNIT(*)
SI_UNIT($,.STERADIAN.)
SOLID_ANGLE_UNIT()
);
#17510=(
NAMED_UNIT(*)
SI_UNIT($,.STERADIAN.)
SOLID_ANGLE_UNIT()
);
#17511=(
NAMED_UNIT(*)
SI_UNIT($,.STERADIAN.)
SOLID_ANGLE_UNIT()
);
#17512=(
NAMED_UNIT(*)
SI_UNIT($,.STERADIAN.)
SOLID_ANGLE_UNIT()
);
#17513=(
NAMED_UNIT(*)
SI_UNIT($,.STERADIAN.)
SOLID_ANGLE_UNIT()
);
#17514=(
NAMED_UNIT(*)
SI_UNIT($,.STERADIAN.)
SOLID_ANGLE_UNIT()
);
#17515=(
NAMED_UNIT(*)
SI_UNIT($,.STERADIAN.)
SOLID_ANGLE_UNIT()
);
#17516=(
NAMED_UNIT(*)
SI_UNIT($,.STERADIAN.)
SOLID_ANGLE_UNIT()
);
#17517=(
NAMED_UNIT(*)
SI_UNIT($,.STERADIAN.)
SOLID_ANGLE_UNIT()
);
#17518=(
NAMED_UNIT(*)
SI_UNIT($,.STERADIAN.)
SOLID_ANGLE_UNIT()
);
#17519=(
NAMED_UNIT(*)
SI_UNIT($,.STERADIAN.)
SOLID_ANGLE_UNIT()
);
#17520=(
NAMED_UNIT(*)
SI_UNIT($,.STERADIAN.)
SOLID_ANGLE_UNIT()
);
#17521=(
NAMED_UNIT(*)
SI_UNIT($,.STERADIAN.)
SOLID_ANGLE_UNIT()
);
#17522=(
NAMED_UNIT(*)
SI_UNIT($,.STERADIAN.)
SOLID_ANGLE_UNIT()
);
#17523=(
NAMED_UNIT(*)
SI_UNIT($,.STERADIAN.)
SOLID_ANGLE_UNIT()
);
#17524=(
NAMED_UNIT(*)
SI_UNIT($,.STERADIAN.)
SOLID_ANGLE_UNIT()
);
#17525=(
NAMED_UNIT(*)
SI_UNIT($,.STERADIAN.)
SOLID_ANGLE_UNIT()
);
#17526=(
NAMED_UNIT(*)
SI_UNIT($,.STERADIAN.)
SOLID_ANGLE_UNIT()
);
#17527=(
NAMED_UNIT(*)
SI_UNIT($,.STERADIAN.)
SOLID_ANGLE_UNIT()
);
#17528=(
NAMED_UNIT(*)
SI_UNIT($,.STERADIAN.)
SOLID_ANGLE_UNIT()
);
#17529=(
NAMED_UNIT(*)
SI_UNIT($,.STERADIAN.)
SOLID_ANGLE_UNIT()
);
#17530=(
NAMED_UNIT(*)
SI_UNIT($,.STERADIAN.)
SOLID_ANGLE_UNIT()
);
#17531=(
NAMED_UNIT(*)
SI_UNIT($,.STERADIAN.)
SOLID_ANGLE_UNIT()
);
#17532=(
NAMED_UNIT(*)
SI_UNIT($,.STERADIAN.)
SOLID_ANGLE_UNIT()
);
#17533=(
NAMED_UNIT(*)
SI_UNIT($,.STERADIAN.)
SOLID_ANGLE_UNIT()
);
#17534=(
NAMED_UNIT(*)
SI_UNIT($,.STERADIAN.)
SOLID_ANGLE_UNIT()
);
#17535=(
NAMED_UNIT(*)
SI_UNIT($,.STERADIAN.)
SOLID_ANGLE_UNIT()
);
#17536=(
NAMED_UNIT(*)
SI_UNIT($,.STERADIAN.)
SOLID_ANGLE_UNIT()
);
#17537=(
NAMED_UNIT(*)
SI_UNIT($,.STERADIAN.)
SOLID_ANGLE_UNIT()
);
#17538=(
NAMED_UNIT(*)
SI_UNIT($,.STERADIAN.)
SOLID_ANGLE_UNIT()
);
#17539=(
NAMED_UNIT(*)
SI_UNIT($,.STERADIAN.)
SOLID_ANGLE_UNIT()
);
#17540=(
NAMED_UNIT(*)
SI_UNIT($,.STERADIAN.)
SOLID_ANGLE_UNIT()
);
#17541=(
NAMED_UNIT(*)
SI_UNIT($,.STERADIAN.)
SOLID_ANGLE_UNIT()
);
#17542=(
NAMED_UNIT(*)
SI_UNIT($,.STERADIAN.)
SOLID_ANGLE_UNIT()
);
#17543=(
NAMED_UNIT(*)
SI_UNIT($,.STERADIAN.)
SOLID_ANGLE_UNIT()
);
#17544=(
NAMED_UNIT(*)
SI_UNIT($,.STERADIAN.)
SOLID_ANGLE_UNIT()
);
#17545=(
NAMED_UNIT(*)
SI_UNIT($,.STERADIAN.)
SOLID_ANGLE_UNIT()
);
#17546=(
NAMED_UNIT(*)
SI_UNIT($,.STERADIAN.)
SOLID_ANGLE_UNIT()
);
#17547=(
NAMED_UNIT(*)
SI_UNIT($,.STERADIAN.)
SOLID_ANGLE_UNIT()
);
#17548=(
NAMED_UNIT(*)
SI_UNIT($,.STERADIAN.)
SOLID_ANGLE_UNIT()
);
#17549=(
NAMED_UNIT(*)
SI_UNIT($,.STERADIAN.)
SOLID_ANGLE_UNIT()
);
#17550=(
NAMED_UNIT(*)
SI_UNIT($,.STERADIAN.)
SOLID_ANGLE_UNIT()
);
#17551=(
NAMED_UNIT(*)
SI_UNIT($,.STERADIAN.)
SOLID_ANGLE_UNIT()
);
#17552=(
NAMED_UNIT(*)
SI_UNIT($,.STERADIAN.)
SOLID_ANGLE_UNIT()
);
#17553=(
NAMED_UNIT(*)
SI_UNIT($,.STERADIAN.)
SOLID_ANGLE_UNIT()
);
#17554=(
NAMED_UNIT(*)
SI_UNIT($,.STERADIAN.)
SOLID_ANGLE_UNIT()
);
#17555=(
NAMED_UNIT(*)
SI_UNIT($,.STERADIAN.)
SOLID_ANGLE_UNIT()
);
#17556=(
NAMED_UNIT(*)
SI_UNIT($,.STERADIAN.)
SOLID_ANGLE_UNIT()
);
#17557=(
NAMED_UNIT(*)
SI_UNIT($,.STERADIAN.)
SOLID_ANGLE_UNIT()
);
#17558=(
NAMED_UNIT(*)
SI_UNIT($,.STERADIAN.)
SOLID_ANGLE_UNIT()
);
#17559=(
NAMED_UNIT(*)
SI_UNIT($,.STERADIAN.)
SOLID_ANGLE_UNIT()
);
#17560=(
NAMED_UNIT(*)
SI_UNIT($,.STERADIAN.)
SOLID_ANGLE_UNIT()
);
#17561=(
NAMED_UNIT(*)
SI_UNIT($,.STERADIAN.)
SOLID_ANGLE_UNIT()
);
#17562=(
NAMED_UNIT(*)
SI_UNIT($,.STERADIAN.)
SOLID_ANGLE_UNIT()
);
#17563=(
NAMED_UNIT(*)
PLANE_ANGLE_UNIT()
SI_UNIT($,.RADIAN.)
);
#17564=(
NAMED_UNIT(*)
PLANE_ANGLE_UNIT()
SI_UNIT($,.RADIAN.)
);
#17565=(
NAMED_UNIT(*)
PLANE_ANGLE_UNIT()
SI_UNIT($,.RADIAN.)
);
#17566=(
NAMED_UNIT(*)
PLANE_ANGLE_UNIT()
SI_UNIT($,.RADIAN.)
);
#17567=(
NAMED_UNIT(*)
PLANE_ANGLE_UNIT()
SI_UNIT($,.RADIAN.)
);
#17568=(
NAMED_UNIT(*)
PLANE_ANGLE_UNIT()
SI_UNIT($,.RADIAN.)
);
#17569=(
NAMED_UNIT(*)
PLANE_ANGLE_UNIT()
SI_UNIT($,.RADIAN.)
);
#17570=(
NAMED_UNIT(*)
PLANE_ANGLE_UNIT()
SI_UNIT($,.RADIAN.)
);
#17571=(
NAMED_UNIT(*)
PLANE_ANGLE_UNIT()
SI_UNIT($,.RADIAN.)
);
#17572=(
NAMED_UNIT(*)
PLANE_ANGLE_UNIT()
SI_UNIT($,.RADIAN.)
);
#17573=(
NAMED_UNIT(*)
PLANE_ANGLE_UNIT()
SI_UNIT($,.RADIAN.)
);
#17574=(
NAMED_UNIT(*)
PLANE_ANGLE_UNIT()
SI_UNIT($,.RADIAN.)
);
#17575=(
NAMED_UNIT(*)
PLANE_ANGLE_UNIT()
SI_UNIT($,.RADIAN.)
);
#17576=(
NAMED_UNIT(*)
PLANE_ANGLE_UNIT()
SI_UNIT($,.RADIAN.)
);
#17577=(
NAMED_UNIT(*)
PLANE_ANGLE_UNIT()
SI_UNIT($,.RADIAN.)
);
#17578=(
NAMED_UNIT(*)
PLANE_ANGLE_UNIT()
SI_UNIT($,.RADIAN.)
);
#17579=(
NAMED_UNIT(*)
PLANE_ANGLE_UNIT()
SI_UNIT($,.RADIAN.)
);
#17580=(
NAMED_UNIT(*)
PLANE_ANGLE_UNIT()
SI_UNIT($,.RADIAN.)
);
#17581=(
NAMED_UNIT(*)
PLANE_ANGLE_UNIT()
SI_UNIT($,.RADIAN.)
);
#17582=(
NAMED_UNIT(*)
PLANE_ANGLE_UNIT()
SI_UNIT($,.RADIAN.)
);
#17583=(
NAMED_UNIT(*)
PLANE_ANGLE_UNIT()
SI_UNIT($,.RADIAN.)
);
#17584=(
NAMED_UNIT(*)
PLANE_ANGLE_UNIT()
SI_UNIT($,.RADIAN.)
);
#17585=(
NAMED_UNIT(*)
PLANE_ANGLE_UNIT()
SI_UNIT($,.RADIAN.)
);
#17586=(
NAMED_UNIT(*)
PLANE_ANGLE_UNIT()
SI_UNIT($,.RADIAN.)
);
#17587=(
NAMED_UNIT(*)
PLANE_ANGLE_UNIT()
SI_UNIT($,.RADIAN.)
);
#17588=(
NAMED_UNIT(*)
PLANE_ANGLE_UNIT()
SI_UNIT($,.RADIAN.)
);
#17589=(
NAMED_UNIT(*)
PLANE_ANGLE_UNIT()
SI_UNIT($,.RADIAN.)
);
#17590=(
NAMED_UNIT(*)
PLANE_ANGLE_UNIT()
SI_UNIT($,.RADIAN.)
);
#17591=(
NAMED_UNIT(*)
PLANE_ANGLE_UNIT()
SI_UNIT($,.RADIAN.)
);
#17592=(
NAMED_UNIT(*)
PLANE_ANGLE_UNIT()
SI_UNIT($,.RADIAN.)
);
#17593=(
NAMED_UNIT(*)
PLANE_ANGLE_UNIT()
SI_UNIT($,.RADIAN.)
);
#17594=(
NAMED_UNIT(*)
PLANE_ANGLE_UNIT()
SI_UNIT($,.RADIAN.)
);
#17595=(
NAMED_UNIT(*)
PLANE_ANGLE_UNIT()
SI_UNIT($,.RADIAN.)
);
#17596=(
NAMED_UNIT(*)
PLANE_ANGLE_UNIT()
SI_UNIT($,.RADIAN.)
);
#17597=(
NAMED_UNIT(*)
PLANE_ANGLE_UNIT()
SI_UNIT($,.RADIAN.)
);
#17598=(
NAMED_UNIT(*)
PLANE_ANGLE_UNIT()
SI_UNIT($,.RADIAN.)
);
#17599=(
NAMED_UNIT(*)
PLANE_ANGLE_UNIT()
SI_UNIT($,.RADIAN.)
);
#17600=(
NAMED_UNIT(*)
PLANE_ANGLE_UNIT()
SI_UNIT($,.RADIAN.)
);
#17601=(
NAMED_UNIT(*)
PLANE_ANGLE_UNIT()
SI_UNIT($,.RADIAN.)
);
#17602=(
NAMED_UNIT(*)
PLANE_ANGLE_UNIT()
SI_UNIT($,.RADIAN.)
);
#17603=(
NAMED_UNIT(*)
PLANE_ANGLE_UNIT()
SI_UNIT($,.RADIAN.)
);
#17604=(
NAMED_UNIT(*)
PLANE_ANGLE_UNIT()
SI_UNIT($,.RADIAN.)
);
#17605=(
NAMED_UNIT(*)
PLANE_ANGLE_UNIT()
SI_UNIT($,.RADIAN.)
);
#17606=(
NAMED_UNIT(*)
PLANE_ANGLE_UNIT()
SI_UNIT($,.RADIAN.)
);
#17607=(
NAMED_UNIT(*)
PLANE_ANGLE_UNIT()
SI_UNIT($,.RADIAN.)
);
#17608=(
NAMED_UNIT(*)
PLANE_ANGLE_UNIT()
SI_UNIT($,.RADIAN.)
);
#17609=(
NAMED_UNIT(*)
PLANE_ANGLE_UNIT()
SI_UNIT($,.RADIAN.)
);
#17610=(
NAMED_UNIT(*)
PLANE_ANGLE_UNIT()
SI_UNIT($,.RADIAN.)
);
#17611=(
NAMED_UNIT(*)
PLANE_ANGLE_UNIT()
SI_UNIT($,.RADIAN.)
);
#17612=(
NAMED_UNIT(*)
PLANE_ANGLE_UNIT()
SI_UNIT($,.RADIAN.)
);
#17613=(
NAMED_UNIT(*)
PLANE_ANGLE_UNIT()
SI_UNIT($,.RADIAN.)
);
#17614=(
NAMED_UNIT(*)
PLANE_ANGLE_UNIT()
SI_UNIT($,.RADIAN.)
);
#17615=(
NAMED_UNIT(*)
PLANE_ANGLE_UNIT()
SI_UNIT($,.RADIAN.)
);
#17616=(
NAMED_UNIT(*)
PLANE_ANGLE_UNIT()
SI_UNIT($,.RADIAN.)
);
#17617=(
NAMED_UNIT(*)
PLANE_ANGLE_UNIT()
SI_UNIT($,.RADIAN.)
);
#17618=(
NAMED_UNIT(*)
PLANE_ANGLE_UNIT()
SI_UNIT($,.RADIAN.)
);
#17619=(
NAMED_UNIT(*)
PLANE_ANGLE_UNIT()
SI_UNIT($,.RADIAN.)
);
#17620=(
NAMED_UNIT(*)
PLANE_ANGLE_UNIT()
SI_UNIT($,.RADIAN.)
);
#17621=(
NAMED_UNIT(*)
PLANE_ANGLE_UNIT()
SI_UNIT($,.RADIAN.)
);
#17622=(
NAMED_UNIT(*)
PLANE_ANGLE_UNIT()
SI_UNIT($,.RADIAN.)
);
#17623=(
NAMED_UNIT(*)
PLANE_ANGLE_UNIT()
SI_UNIT($,.RADIAN.)
);
#17624=(
NAMED_UNIT(*)
PLANE_ANGLE_UNIT()
SI_UNIT($,.RADIAN.)
);
#17625=(
NAMED_UNIT(*)
PLANE_ANGLE_UNIT()
SI_UNIT($,.RADIAN.)
);
#17626=(
NAMED_UNIT(*)
PLANE_ANGLE_UNIT()
SI_UNIT($,.RADIAN.)
);
#17627=(
NAMED_UNIT(*)
PLANE_ANGLE_UNIT()
SI_UNIT($,.RADIAN.)
);
#17628=(
NAMED_UNIT(*)
PLANE_ANGLE_UNIT()
SI_UNIT($,.RADIAN.)
);
#17629=(
NAMED_UNIT(*)
PLANE_ANGLE_UNIT()
SI_UNIT($,.RADIAN.)
);
#17630=(
NAMED_UNIT(*)
PLANE_ANGLE_UNIT()
SI_UNIT($,.RADIAN.)
);
#17631=(
NAMED_UNIT(*)
PLANE_ANGLE_UNIT()
SI_UNIT($,.RADIAN.)
);
#17632=(
NAMED_UNIT(*)
PLANE_ANGLE_UNIT()
SI_UNIT($,.RADIAN.)
);
#17633=(
NAMED_UNIT(*)
PLANE_ANGLE_UNIT()
SI_UNIT($,.RADIAN.)
);
#17634=(
NAMED_UNIT(*)
PLANE_ANGLE_UNIT()
SI_UNIT($,.RADIAN.)
);
#17635=(
NAMED_UNIT(*)
PLANE_ANGLE_UNIT()
SI_UNIT($,.RADIAN.)
);
#17636=(
NAMED_UNIT(*)
PLANE_ANGLE_UNIT()
SI_UNIT($,.RADIAN.)
);
#17637=(
NAMED_UNIT(*)
PLANE_ANGLE_UNIT()
SI_UNIT($,.RADIAN.)
);
#17638=(
NAMED_UNIT(*)
PLANE_ANGLE_UNIT()
SI_UNIT($,.RADIAN.)
);
#17639=(
NAMED_UNIT(*)
PLANE_ANGLE_UNIT()
SI_UNIT($,.RADIAN.)
);
#17640=(
NAMED_UNIT(*)
PLANE_ANGLE_UNIT()
SI_UNIT($,.RADIAN.)
);
#17641=(
NAMED_UNIT(*)
PLANE_ANGLE_UNIT()
SI_UNIT($,.RADIAN.)
);
#17642=(
NAMED_UNIT(*)
PLANE_ANGLE_UNIT()
SI_UNIT($,.RADIAN.)
);
#17643=(
NAMED_UNIT(*)
PLANE_ANGLE_UNIT()
SI_UNIT($,.RADIAN.)
);
#17644=(
NAMED_UNIT(*)
PLANE_ANGLE_UNIT()
SI_UNIT($,.RADIAN.)
);
#17645=(
NAMED_UNIT(*)
PLANE_ANGLE_UNIT()
SI_UNIT($,.RADIAN.)
);
#17646=(
NAMED_UNIT(*)
PLANE_ANGLE_UNIT()
SI_UNIT($,.RADIAN.)
);
#17647=(
NAMED_UNIT(*)
PLANE_ANGLE_UNIT()
SI_UNIT($,.RADIAN.)
);
#17648=(
NAMED_UNIT(*)
PLANE_ANGLE_UNIT()
SI_UNIT($,.RADIAN.)
);
#17649=(
NAMED_UNIT(*)
PLANE_ANGLE_UNIT()
SI_UNIT($,.RADIAN.)
);
#17650=(
NAMED_UNIT(*)
PLANE_ANGLE_UNIT()
SI_UNIT($,.RADIAN.)
);
#17651=(
NAMED_UNIT(*)
PLANE_ANGLE_UNIT()
SI_UNIT($,.RADIAN.)
);
#17652=(
NAMED_UNIT(*)
PLANE_ANGLE_UNIT()
SI_UNIT($,.RADIAN.)
);
#17653=(
NAMED_UNIT(*)
PLANE_ANGLE_UNIT()
SI_UNIT($,.RADIAN.)
);
#17654=(
NAMED_UNIT(*)
PLANE_ANGLE_UNIT()
SI_UNIT($,.RADIAN.)
);
#17655=(
LENGTH_UNIT()
NAMED_UNIT(*)
SI_UNIT($,.METRE.)
);
#17656=(
LENGTH_UNIT()
NAMED_UNIT(*)
SI_UNIT($,.METRE.)
);
#17657=(
LENGTH_UNIT()
NAMED_UNIT(*)
SI_UNIT($,.METRE.)
);
#17658=(
LENGTH_UNIT()
NAMED_UNIT(*)
SI_UNIT($,.METRE.)
);
#17659=(
LENGTH_UNIT()
NAMED_UNIT(*)
SI_UNIT($,.METRE.)
);
#17660=(
LENGTH_UNIT()
NAMED_UNIT(*)
SI_UNIT($,.METRE.)
);
#17661=(
LENGTH_UNIT()
NAMED_UNIT(*)
SI_UNIT($,.METRE.)
);
#17662=(
LENGTH_UNIT()
NAMED_UNIT(*)
SI_UNIT($,.METRE.)
);
#17663=(
LENGTH_UNIT()
NAMED_UNIT(*)
SI_UNIT($,.METRE.)
);
#17664=(
LENGTH_UNIT()
NAMED_UNIT(*)
SI_UNIT($,.METRE.)
);
#17665=(
LENGTH_UNIT()
NAMED_UNIT(*)
SI_UNIT($,.METRE.)
);
#17666=(
LENGTH_UNIT()
NAMED_UNIT(*)
SI_UNIT($,.METRE.)
);
#17667=(
LENGTH_UNIT()
NAMED_UNIT(*)
SI_UNIT($,.METRE.)
);
#17668=(
LENGTH_UNIT()
NAMED_UNIT(*)
SI_UNIT($,.METRE.)
);
#17669=(
LENGTH_UNIT()
NAMED_UNIT(*)
SI_UNIT($,.METRE.)
);
#17670=(
LENGTH_UNIT()
NAMED_UNIT(*)
SI_UNIT($,.METRE.)
);
#17671=(
LENGTH_UNIT()
NAMED_UNIT(*)
SI_UNIT($,.METRE.)
);
#17672=(
LENGTH_UNIT()
NAMED_UNIT(*)
SI_UNIT($,.METRE.)
);
#17673=(
LENGTH_UNIT()
NAMED_UNIT(*)
SI_UNIT($,.METRE.)
);
#17674=(
LENGTH_UNIT()
NAMED_UNIT(*)
SI_UNIT($,.METRE.)
);
#17675=(
LENGTH_UNIT()
NAMED_UNIT(*)
SI_UNIT($,.METRE.)
);
#17676=(
LENGTH_UNIT()
NAMED_UNIT(*)
SI_UNIT($,.METRE.)
);
#17677=(
LENGTH_UNIT()
NAMED_UNIT(*)
SI_UNIT($,.METRE.)
);
#17678=(
LENGTH_UNIT()
NAMED_UNIT(*)
SI_UNIT($,.METRE.)
);
#17679=(
LENGTH_UNIT()
NAMED_UNIT(*)
SI_UNIT($,.METRE.)
);
#17680=(
LENGTH_UNIT()
NAMED_UNIT(*)
SI_UNIT($,.METRE.)
);
#17681=(
LENGTH_UNIT()
NAMED_UNIT(*)
SI_UNIT($,.METRE.)
);
#17682=(
LENGTH_UNIT()
NAMED_UNIT(*)
SI_UNIT($,.METRE.)
);
#17683=(
LENGTH_UNIT()
NAMED_UNIT(*)
SI_UNIT($,.METRE.)
);
#17684=(
LENGTH_UNIT()
NAMED_UNIT(*)
SI_UNIT($,.METRE.)
);
#17685=(
LENGTH_UNIT()
NAMED_UNIT(*)
SI_UNIT($,.METRE.)
);
#17686=(
LENGTH_UNIT()
NAMED_UNIT(*)
SI_UNIT($,.METRE.)
);
#17687=(
LENGTH_UNIT()
NAMED_UNIT(*)
SI_UNIT($,.METRE.)
);
#17688=(
LENGTH_UNIT()
NAMED_UNIT(*)
SI_UNIT($,.METRE.)
);
#17689=(
LENGTH_UNIT()
NAMED_UNIT(*)
SI_UNIT($,.METRE.)
);
#17690=(
LENGTH_UNIT()
NAMED_UNIT(*)
SI_UNIT($,.METRE.)
);
#17691=(
LENGTH_UNIT()
NAMED_UNIT(*)
SI_UNIT($,.METRE.)
);
#17692=(
LENGTH_UNIT()
NAMED_UNIT(*)
SI_UNIT($,.METRE.)
);
#17693=(
LENGTH_UNIT()
NAMED_UNIT(*)
SI_UNIT($,.METRE.)
);
#17694=(
LENGTH_UNIT()
NAMED_UNIT(*)
SI_UNIT($,.METRE.)
);
#17695=(
LENGTH_UNIT()
NAMED_UNIT(*)
SI_UNIT($,.METRE.)
);
#17696=(
LENGTH_UNIT()
NAMED_UNIT(*)
SI_UNIT($,.METRE.)
);
#17697=(
LENGTH_UNIT()
NAMED_UNIT(*)
SI_UNIT($,.METRE.)
);
#17698=(
LENGTH_UNIT()
NAMED_UNIT(*)
SI_UNIT($,.METRE.)
);
#17699=(
LENGTH_UNIT()
NAMED_UNIT(*)
SI_UNIT($,.METRE.)
);
#17700=(
LENGTH_UNIT()
NAMED_UNIT(*)
SI_UNIT($,.METRE.)
);
#17701=(
LENGTH_UNIT()
NAMED_UNIT(*)
SI_UNIT($,.METRE.)
);
#17702=(
LENGTH_UNIT()
NAMED_UNIT(*)
SI_UNIT($,.METRE.)
);
#17703=(
LENGTH_UNIT()
NAMED_UNIT(*)
SI_UNIT($,.METRE.)
);
#17704=(
LENGTH_UNIT()
NAMED_UNIT(*)
SI_UNIT($,.METRE.)
);
#17705=(
LENGTH_UNIT()
NAMED_UNIT(*)
SI_UNIT($,.METRE.)
);
#17706=(
LENGTH_UNIT()
NAMED_UNIT(*)
SI_UNIT($,.METRE.)
);
#17707=(
LENGTH_UNIT()
NAMED_UNIT(*)
SI_UNIT($,.METRE.)
);
#17708=(
LENGTH_UNIT()
NAMED_UNIT(*)
SI_UNIT($,.METRE.)
);
#17709=(
LENGTH_UNIT()
NAMED_UNIT(*)
SI_UNIT($,.METRE.)
);
#17710=(
LENGTH_UNIT()
NAMED_UNIT(*)
SI_UNIT($,.METRE.)
);
#17711=(
LENGTH_UNIT()
NAMED_UNIT(*)
SI_UNIT($,.METRE.)
);
#17712=(
LENGTH_UNIT()
NAMED_UNIT(*)
SI_UNIT($,.METRE.)
);
#17713=(
LENGTH_UNIT()
NAMED_UNIT(*)
SI_UNIT($,.METRE.)
);
#17714=(
LENGTH_UNIT()
NAMED_UNIT(*)
SI_UNIT($,.METRE.)
);
#17715=(
LENGTH_UNIT()
NAMED_UNIT(*)
SI_UNIT($,.METRE.)
);
#17716=(
LENGTH_UNIT()
NAMED_UNIT(*)
SI_UNIT($,.METRE.)
);
#17717=(
LENGTH_UNIT()
NAMED_UNIT(*)
SI_UNIT($,.METRE.)
);
#17718=(
LENGTH_UNIT()
NAMED_UNIT(*)
SI_UNIT($,.METRE.)
);
#17719=(
LENGTH_UNIT()
NAMED_UNIT(*)
SI_UNIT($,.METRE.)
);
#17720=(
LENGTH_UNIT()
NAMED_UNIT(*)
SI_UNIT($,.METRE.)
);
#17721=(
LENGTH_UNIT()
NAMED_UNIT(*)
SI_UNIT($,.METRE.)
);
#17722=(
LENGTH_UNIT()
NAMED_UNIT(*)
SI_UNIT($,.METRE.)
);
#17723=(
LENGTH_UNIT()
NAMED_UNIT(*)
SI_UNIT($,.METRE.)
);
#17724=(
LENGTH_UNIT()
NAMED_UNIT(*)
SI_UNIT($,.METRE.)
);
#17725=(
LENGTH_UNIT()
NAMED_UNIT(*)
SI_UNIT($,.METRE.)
);
#17726=(
LENGTH_UNIT()
NAMED_UNIT(*)
SI_UNIT($,.METRE.)
);
#17727=(
LENGTH_UNIT()
NAMED_UNIT(*)
SI_UNIT($,.METRE.)
);
#17728=(
LENGTH_UNIT()
NAMED_UNIT(*)
SI_UNIT($,.METRE.)
);
#17729=(
LENGTH_UNIT()
NAMED_UNIT(*)
SI_UNIT($,.METRE.)
);
#17730=(
LENGTH_UNIT()
NAMED_UNIT(*)
SI_UNIT($,.METRE.)
);
#17731=(
LENGTH_UNIT()
NAMED_UNIT(*)
SI_UNIT($,.METRE.)
);
#17732=(
LENGTH_UNIT()
NAMED_UNIT(*)
SI_UNIT($,.METRE.)
);
#17733=(
LENGTH_UNIT()
NAMED_UNIT(*)
SI_UNIT($,.METRE.)
);
#17734=(
LENGTH_UNIT()
NAMED_UNIT(*)
SI_UNIT($,.METRE.)
);
#17735=(
LENGTH_UNIT()
NAMED_UNIT(*)
SI_UNIT($,.METRE.)
);
#17736=(
LENGTH_UNIT()
NAMED_UNIT(*)
SI_UNIT($,.METRE.)
);
#17737=(
LENGTH_UNIT()
NAMED_UNIT(*)
SI_UNIT($,.METRE.)
);
#17738=(
LENGTH_UNIT()
NAMED_UNIT(*)
SI_UNIT($,.METRE.)
);
#17739=(
LENGTH_UNIT()
NAMED_UNIT(*)
SI_UNIT($,.METRE.)
);
#17740=(
LENGTH_UNIT()
NAMED_UNIT(*)
SI_UNIT($,.METRE.)
);
#17741=(
LENGTH_UNIT()
NAMED_UNIT(*)
SI_UNIT($,.METRE.)
);
#17742=(
LENGTH_UNIT()
NAMED_UNIT(*)
SI_UNIT($,.METRE.)
);
#17743=(
LENGTH_UNIT()
NAMED_UNIT(*)
SI_UNIT($,.METRE.)
);
#17744=(
LENGTH_UNIT()
NAMED_UNIT(*)
SI_UNIT($,.METRE.)
);
#17745=(
LENGTH_UNIT()
NAMED_UNIT(*)
SI_UNIT($,.METRE.)
);
#17746=(
LENGTH_UNIT()
NAMED_UNIT(*)
SI_UNIT($,.METRE.)
);
#17747=PRODUCT_DEFINITION_SHAPE('','',#17839);
#17748=PRODUCT_DEFINITION_SHAPE('','',#17840);
#17749=PRODUCT_DEFINITION_SHAPE('','',#17841);
#17750=PRODUCT_DEFINITION_SHAPE('','',#17842);
#17751=PRODUCT_DEFINITION_SHAPE('','',#17843);
#17752=PRODUCT_DEFINITION_SHAPE('','',#17844);
#17753=PRODUCT_DEFINITION_SHAPE('','',#17845);
#17754=PRODUCT_DEFINITION_SHAPE('','',#17846);
#17755=PRODUCT_DEFINITION_SHAPE('','',#17847);
#17756=PRODUCT_DEFINITION_SHAPE('','',#17848);
#17757=PRODUCT_DEFINITION_SHAPE('','',#17849);
#17758=PRODUCT_DEFINITION_SHAPE('','',#17850);
#17759=PRODUCT_DEFINITION_SHAPE('','',#17851);
#17760=PRODUCT_DEFINITION_SHAPE('','',#17852);
#17761=PRODUCT_DEFINITION_SHAPE('','',#17853);
#17762=PRODUCT_DEFINITION_SHAPE('','',#17854);
#17763=PRODUCT_DEFINITION_SHAPE('','',#17855);
#17764=PRODUCT_DEFINITION_SHAPE('','',#17856);
#17765=PRODUCT_DEFINITION_SHAPE('','',#17857);
#17766=PRODUCT_DEFINITION_SHAPE('','',#17858);
#17767=PRODUCT_DEFINITION_SHAPE('','',#17859);
#17768=PRODUCT_DEFINITION_SHAPE('','',#17860);
#17769=PRODUCT_DEFINITION_SHAPE('','',#17861);
#17770=PRODUCT_DEFINITION_SHAPE('','',#17862);
#17771=PRODUCT_DEFINITION_SHAPE('','',#17863);
#17772=PRODUCT_DEFINITION_SHAPE('','',#17864);
#17773=PRODUCT_DEFINITION_SHAPE('','',#17865);
#17774=PRODUCT_DEFINITION_SHAPE('','',#17866);
#17775=PRODUCT_DEFINITION_SHAPE('','',#17867);
#17776=PRODUCT_DEFINITION_SHAPE('','',#17868);
#17777=PRODUCT_DEFINITION_SHAPE('','',#17869);
#17778=PRODUCT_DEFINITION_SHAPE('','',#17870);
#17779=PRODUCT_DEFINITION_SHAPE('','',#17871);
#17780=PRODUCT_DEFINITION_SHAPE('','',#17872);
#17781=PRODUCT_DEFINITION_SHAPE('','',#17873);
#17782=PRODUCT_DEFINITION_SHAPE('','',#17874);
#17783=PRODUCT_DEFINITION_SHAPE('','',#17875);
#17784=PRODUCT_DEFINITION_SHAPE('','',#17876);
#17785=PRODUCT_DEFINITION_SHAPE('','',#17877);
#17786=PRODUCT_DEFINITION_SHAPE('','',#17878);
#17787=PRODUCT_DEFINITION_SHAPE('','',#17879);
#17788=PRODUCT_DEFINITION_SHAPE('','',#17880);
#17789=PRODUCT_DEFINITION_SHAPE('','',#17881);
#17790=PRODUCT_DEFINITION_SHAPE('','',#17882);
#17791=PRODUCT_DEFINITION_SHAPE('','',#17883);
#17792=PRODUCT_DEFINITION_SHAPE('','',#17884);
#17793=PRODUCT_DEFINITION_SHAPE('','',#17885);
#17794=PRODUCT_DEFINITION_SHAPE('','',#17886);
#17795=PRODUCT_DEFINITION_SHAPE('','',#17887);
#17796=PRODUCT_DEFINITION_SHAPE('','',#17888);
#17797=PRODUCT_DEFINITION_SHAPE('','',#17889);
#17798=PRODUCT_DEFINITION_SHAPE('','',#17890);
#17799=PRODUCT_DEFINITION_SHAPE('','',#17891);
#17800=PRODUCT_DEFINITION_SHAPE('','',#17892);
#17801=PRODUCT_DEFINITION_SHAPE('','',#17893);
#17802=PRODUCT_DEFINITION_SHAPE('','',#17894);
#17803=PRODUCT_DEFINITION_SHAPE('','',#17895);
#17804=PRODUCT_DEFINITION_SHAPE('','',#17896);
#17805=PRODUCT_DEFINITION_SHAPE('','',#17897);
#17806=PRODUCT_DEFINITION_SHAPE('','',#17898);
#17807=PRODUCT_DEFINITION_SHAPE('','',#17899);
#17808=PRODUCT_DEFINITION_SHAPE('','',#17900);
#17809=PRODUCT_DEFINITION_SHAPE('','',#17901);
#17810=PRODUCT_DEFINITION_SHAPE('','',#17902);
#17811=PRODUCT_DEFINITION_SHAPE('','',#17903);
#17812=PRODUCT_DEFINITION_SHAPE('','',#17904);
#17813=PRODUCT_DEFINITION_SHAPE('','',#17905);
#17814=PRODUCT_DEFINITION_SHAPE('','',#17906);
#17815=PRODUCT_DEFINITION_SHAPE('','',#17907);
#17816=PRODUCT_DEFINITION_SHAPE('','',#17908);
#17817=PRODUCT_DEFINITION_SHAPE('','',#17909);
#17818=PRODUCT_DEFINITION_SHAPE('','',#17910);
#17819=PRODUCT_DEFINITION_SHAPE('','',#17911);
#17820=PRODUCT_DEFINITION_SHAPE('','',#17912);
#17821=PRODUCT_DEFINITION_SHAPE('','',#17913);
#17822=PRODUCT_DEFINITION_SHAPE('','',#17914);
#17823=PRODUCT_DEFINITION_SHAPE('','',#17915);
#17824=PRODUCT_DEFINITION_SHAPE('','',#17916);
#17825=PRODUCT_DEFINITION_SHAPE('','',#17917);
#17826=PRODUCT_DEFINITION_SHAPE('','',#17918);
#17827=PRODUCT_DEFINITION_SHAPE('','',#17919);
#17828=PRODUCT_DEFINITION_SHAPE('','',#17920);
#17829=PRODUCT_DEFINITION_SHAPE('','',#17921);
#17830=PRODUCT_DEFINITION_SHAPE('','',#17922);
#17831=PRODUCT_DEFINITION_SHAPE('','',#17923);
#17832=PRODUCT_DEFINITION_SHAPE('','',#17924);
#17833=PRODUCT_DEFINITION_SHAPE('','',#17925);
#17834=PRODUCT_DEFINITION_SHAPE('','',#17926);
#17835=PRODUCT_DEFINITION_SHAPE('','',#17927);
#17836=PRODUCT_DEFINITION_SHAPE('','',#17928);
#17837=PRODUCT_DEFINITION_SHAPE('','',#17929);
#17838=PRODUCT_DEFINITION_SHAPE('','',#17930);
#17839=PRODUCT_DEFINITION('','',#18023,#17931);
#17840=PRODUCT_DEFINITION('','',#18024,#17932);
#17841=PRODUCT_DEFINITION('','',#18025,#17933);
#17842=PRODUCT_DEFINITION('','',#18026,#17934);
#17843=PRODUCT_DEFINITION('','',#18027,#17935);
#17844=PRODUCT_DEFINITION('','',#18028,#17936);
#17845=PRODUCT_DEFINITION('','',#18029,#17937);
#17846=PRODUCT_DEFINITION('','',#18030,#17938);
#17847=PRODUCT_DEFINITION('','',#18031,#17939);
#17848=PRODUCT_DEFINITION('','',#18032,#17940);
#17849=PRODUCT_DEFINITION('','',#18033,#17941);
#17850=PRODUCT_DEFINITION('','',#18034,#17942);
#17851=PRODUCT_DEFINITION('','',#18035,#17943);
#17852=PRODUCT_DEFINITION('','',#18036,#17944);
#17853=PRODUCT_DEFINITION('','',#18037,#17945);
#17854=PRODUCT_DEFINITION('','',#18038,#17946);
#17855=PRODUCT_DEFINITION('','',#18039,#17947);
#17856=PRODUCT_DEFINITION('','',#18040,#17948);
#17857=PRODUCT_DEFINITION('','',#18041,#17949);
#17858=PRODUCT_DEFINITION('','',#18042,#17950);
#17859=PRODUCT_DEFINITION('','',#18043,#17951);
#17860=PRODUCT_DEFINITION('','',#18044,#17952);
#17861=PRODUCT_DEFINITION('','',#18045,#17953);
#17862=PRODUCT_DEFINITION('','',#18046,#17954);
#17863=PRODUCT_DEFINITION('','',#18047,#17955);
#17864=PRODUCT_DEFINITION('','',#18048,#17956);
#17865=PRODUCT_DEFINITION('','',#18049,#17957);
#17866=PRODUCT_DEFINITION('','',#18050,#17958);
#17867=PRODUCT_DEFINITION('','',#18051,#17959);
#17868=PRODUCT_DEFINITION('','',#18052,#17960);
#17869=PRODUCT_DEFINITION('','',#18053,#17961);
#17870=PRODUCT_DEFINITION('','',#18054,#17962);
#17871=PRODUCT_DEFINITION('','',#18055,#17963);
#17872=PRODUCT_DEFINITION('','',#18056,#17964);
#17873=PRODUCT_DEFINITION('','',#18057,#17965);
#17874=PRODUCT_DEFINITION('','',#18058,#17966);
#17875=PRODUCT_DEFINITION('','',#18059,#17967);
#17876=PRODUCT_DEFINITION('','',#18060,#17968);
#17877=PRODUCT_DEFINITION('','',#18061,#17969);
#17878=PRODUCT_DEFINITION('','',#18062,#17970);
#17879=PRODUCT_DEFINITION('','',#18063,#17971);
#17880=PRODUCT_DEFINITION('','',#18064,#17972);
#17881=PRODUCT_DEFINITION('','',#18065,#17973);
#17882=PRODUCT_DEFINITION('','',#18066,#17974);
#17883=PRODUCT_DEFINITION('','',#18067,#17975);
#17884=PRODUCT_DEFINITION('','',#18068,#17976);
#17885=PRODUCT_DEFINITION('','',#18069,#17977);
#17886=PRODUCT_DEFINITION('','',#18070,#17978);
#17887=PRODUCT_DEFINITION('','',#18071,#17979);
#17888=PRODUCT_DEFINITION('','',#18072,#17980);
#17889=PRODUCT_DEFINITION('','',#18073,#17981);
#17890=PRODUCT_DEFINITION('','',#18074,#17982);
#17891=PRODUCT_DEFINITION('','',#18075,#17983);
#17892=PRODUCT_DEFINITION('','',#18076,#17984);
#17893=PRODUCT_DEFINITION('','',#18077,#17985);
#17894=PRODUCT_DEFINITION('','',#18078,#17986);
#17895=PRODUCT_DEFINITION('','',#18079,#17987);
#17896=PRODUCT_DEFINITION('','',#18080,#17988);
#17897=PRODUCT_DEFINITION('','',#18081,#17989);
#17898=PRODUCT_DEFINITION('','',#18082,#17990);
#17899=PRODUCT_DEFINITION('','',#18083,#17991);
#17900=PRODUCT_DEFINITION('','',#18084,#17992);
#17901=PRODUCT_DEFINITION('','',#18085,#17993);
#17902=PRODUCT_DEFINITION('','',#18086,#17994);
#17903=PRODUCT_DEFINITION('','',#18087,#17995);
#17904=PRODUCT_DEFINITION('','',#18088,#17996);
#17905=PRODUCT_DEFINITION('','',#18089,#17997);
#17906=PRODUCT_DEFINITION('','',#18090,#17998);
#17907=PRODUCT_DEFINITION('','',#18091,#17999);
#17908=PRODUCT_DEFINITION('','',#18092,#18000);
#17909=PRODUCT_DEFINITION('','',#18093,#18001);
#17910=PRODUCT_DEFINITION('','',#18094,#18002);
#17911=PRODUCT_DEFINITION('','',#18095,#18003);
#17912=PRODUCT_DEFINITION('','',#18096,#18004);
#17913=PRODUCT_DEFINITION('','',#18097,#18005);
#17914=PRODUCT_DEFINITION('','',#18098,#18006);
#17915=PRODUCT_DEFINITION('','',#18099,#18007);
#17916=PRODUCT_DEFINITION('','',#18100,#18008);
#17917=PRODUCT_DEFINITION('','',#18101,#18009);
#17918=PRODUCT_DEFINITION('','',#18102,#18010);
#17919=PRODUCT_DEFINITION('','',#18103,#18011);
#17920=PRODUCT_DEFINITION('','',#18104,#18012);
#17921=PRODUCT_DEFINITION('','',#18105,#18013);
#17922=PRODUCT_DEFINITION('','',#18106,#18014);
#17923=PRODUCT_DEFINITION('','',#18107,#18015);
#17924=PRODUCT_DEFINITION('','',#18108,#18016);
#17925=PRODUCT_DEFINITION('','',#18109,#18017);
#17926=PRODUCT_DEFINITION('','',#18110,#18018);
#17927=PRODUCT_DEFINITION('','',#18111,#18019);
#17928=PRODUCT_DEFINITION('','',#18112,#18020);
#17929=PRODUCT_DEFINITION('','',#18113,#18021);
#17930=PRODUCT_DEFINITION('','',#18114,#18022);
#17931=PRODUCT_DEFINITION_CONTEXT('',#18575,'design');
#17932=PRODUCT_DEFINITION_CONTEXT('',#18576,'design');
#17933=PRODUCT_DEFINITION_CONTEXT('',#18577,'design');
#17934=PRODUCT_DEFINITION_CONTEXT('',#18578,'design');
#17935=PRODUCT_DEFINITION_CONTEXT('',#18579,'design');
#17936=PRODUCT_DEFINITION_CONTEXT('',#18580,'design');
#17937=PRODUCT_DEFINITION_CONTEXT('',#18581,'design');
#17938=PRODUCT_DEFINITION_CONTEXT('',#18582,'design');
#17939=PRODUCT_DEFINITION_CONTEXT('',#18583,'design');
#17940=PRODUCT_DEFINITION_CONTEXT('',#18584,'design');
#17941=PRODUCT_DEFINITION_CONTEXT('',#18585,'design');
#17942=PRODUCT_DEFINITION_CONTEXT('',#18586,'design');
#17943=PRODUCT_DEFINITION_CONTEXT('',#18587,'design');
#17944=PRODUCT_DEFINITION_CONTEXT('',#18588,'design');
#17945=PRODUCT_DEFINITION_CONTEXT('',#18589,'design');
#17946=PRODUCT_DEFINITION_CONTEXT('',#18590,'design');
#17947=PRODUCT_DEFINITION_CONTEXT('',#18591,'design');
#17948=PRODUCT_DEFINITION_CONTEXT('',#18592,'design');
#17949=PRODUCT_DEFINITION_CONTEXT('',#18593,'design');
#17950=PRODUCT_DEFINITION_CONTEXT('',#18594,'design');
#17951=PRODUCT_DEFINITION_CONTEXT('',#18595,'design');
#17952=PRODUCT_DEFINITION_CONTEXT('',#18596,'design');
#17953=PRODUCT_DEFINITION_CONTEXT('',#18597,'design');
#17954=PRODUCT_DEFINITION_CONTEXT('',#18598,'design');
#17955=PRODUCT_DEFINITION_CONTEXT('',#18599,'design');
#17956=PRODUCT_DEFINITION_CONTEXT('',#18600,'design');
#17957=PRODUCT_DEFINITION_CONTEXT('',#18601,'design');
#17958=PRODUCT_DEFINITION_CONTEXT('',#18602,'design');
#17959=PRODUCT_DEFINITION_CONTEXT('',#18603,'design');
#17960=PRODUCT_DEFINITION_CONTEXT('',#18604,'design');
#17961=PRODUCT_DEFINITION_CONTEXT('',#18605,'design');
#17962=PRODUCT_DEFINITION_CONTEXT('',#18606,'design');
#17963=PRODUCT_DEFINITION_CONTEXT('',#18607,'design');
#17964=PRODUCT_DEFINITION_CONTEXT('',#18608,'design');
#17965=PRODUCT_DEFINITION_CONTEXT('',#18609,'design');
#17966=PRODUCT_DEFINITION_CONTEXT('',#18610,'design');
#17967=PRODUCT_DEFINITION_CONTEXT('',#18611,'design');
#17968=PRODUCT_DEFINITION_CONTEXT('',#18612,'design');
#17969=PRODUCT_DEFINITION_CONTEXT('',#18613,'design');
#17970=PRODUCT_DEFINITION_CONTEXT('',#18614,'design');
#17971=PRODUCT_DEFINITION_CONTEXT('',#18615,'design');
#17972=PRODUCT_DEFINITION_CONTEXT('',#18616,'design');
#17973=PRODUCT_DEFINITION_CONTEXT('',#18617,'design');
#17974=PRODUCT_DEFINITION_CONTEXT('',#18618,'design');
#17975=PRODUCT_DEFINITION_CONTEXT('',#18619,'design');
#17976=PRODUCT_DEFINITION_CONTEXT('',#18620,'design');
#17977=PRODUCT_DEFINITION_CONTEXT('',#18621,'design');
#17978=PRODUCT_DEFINITION_CONTEXT('',#18622,'design');
#17979=PRODUCT_DEFINITION_CONTEXT('',#18623,'design');
#17980=PRODUCT_DEFINITION_CONTEXT('',#18624,'design');
#17981=PRODUCT_DEFINITION_CONTEXT('',#18625,'design');
#17982=PRODUCT_DEFINITION_CONTEXT('',#18626,'design');
#17983=PRODUCT_DEFINITION_CONTEXT('',#18627,'design');
#17984=PRODUCT_DEFINITION_CONTEXT('',#18628,'design');
#17985=PRODUCT_DEFINITION_CONTEXT('',#18629,'design');
#17986=PRODUCT_DEFINITION_CONTEXT('',#18630,'design');
#17987=PRODUCT_DEFINITION_CONTEXT('',#18631,'design');
#17988=PRODUCT_DEFINITION_CONTEXT('',#18632,'design');
#17989=PRODUCT_DEFINITION_CONTEXT('',#18633,'design');
#17990=PRODUCT_DEFINITION_CONTEXT('',#18634,'design');
#17991=PRODUCT_DEFINITION_CONTEXT('',#18635,'design');
#17992=PRODUCT_DEFINITION_CONTEXT('',#18636,'design');
#17993=PRODUCT_DEFINITION_CONTEXT('',#18637,'design');
#17994=PRODUCT_DEFINITION_CONTEXT('',#18638,'design');
#17995=PRODUCT_DEFINITION_CONTEXT('',#18639,'design');
#17996=PRODUCT_DEFINITION_CONTEXT('',#18640,'design');
#17997=PRODUCT_DEFINITION_CONTEXT('',#18641,'design');
#17998=PRODUCT_DEFINITION_CONTEXT('',#18642,'design');
#17999=PRODUCT_DEFINITION_CONTEXT('',#18643,'design');
#18000=PRODUCT_DEFINITION_CONTEXT('',#18644,'design');
#18001=PRODUCT_DEFINITION_CONTEXT('',#18645,'design');
#18002=PRODUCT_DEFINITION_CONTEXT('',#18646,'design');
#18003=PRODUCT_DEFINITION_CONTEXT('',#18647,'design');
#18004=PRODUCT_DEFINITION_CONTEXT('',#18648,'design');
#18005=PRODUCT_DEFINITION_CONTEXT('',#18649,'design');
#18006=PRODUCT_DEFINITION_CONTEXT('',#18650,'design');
#18007=PRODUCT_DEFINITION_CONTEXT('',#18651,'design');
#18008=PRODUCT_DEFINITION_CONTEXT('',#18652,'design');
#18009=PRODUCT_DEFINITION_CONTEXT('',#18653,'design');
#18010=PRODUCT_DEFINITION_CONTEXT('',#18654,'design');
#18011=PRODUCT_DEFINITION_CONTEXT('',#18655,'design');
#18012=PRODUCT_DEFINITION_CONTEXT('',#18656,'design');
#18013=PRODUCT_DEFINITION_CONTEXT('',#18657,'design');
#18014=PRODUCT_DEFINITION_CONTEXT('',#18658,'design');
#18015=PRODUCT_DEFINITION_CONTEXT('',#18659,'design');
#18016=PRODUCT_DEFINITION_CONTEXT('',#18660,'design');
#18017=PRODUCT_DEFINITION_CONTEXT('',#18661,'design');
#18018=PRODUCT_DEFINITION_CONTEXT('',#18662,'design');
#18019=PRODUCT_DEFINITION_CONTEXT('',#18663,'design');
#18020=PRODUCT_DEFINITION_CONTEXT('',#18664,'design');
#18021=PRODUCT_DEFINITION_CONTEXT('',#18665,'design');
#18022=PRODUCT_DEFINITION_CONTEXT('',#18666,'design');
#18023=PRODUCT_DEFINITION_FORMATION_WITH_SPECIFIED_SOURCE('','',#18207,
 .NOT_KNOWN.);
#18024=PRODUCT_DEFINITION_FORMATION_WITH_SPECIFIED_SOURCE('','',#18208,
 .NOT_KNOWN.);
#18025=PRODUCT_DEFINITION_FORMATION_WITH_SPECIFIED_SOURCE('','',#18209,
 .NOT_KNOWN.);
#18026=PRODUCT_DEFINITION_FORMATION_WITH_SPECIFIED_SOURCE('','',#18210,
 .NOT_KNOWN.);
#18027=PRODUCT_DEFINITION_FORMATION_WITH_SPECIFIED_SOURCE('','',#18211,
 .NOT_KNOWN.);
#18028=PRODUCT_DEFINITION_FORMATION_WITH_SPECIFIED_SOURCE('','',#18212,
 .NOT_KNOWN.);
#18029=PRODUCT_DEFINITION_FORMATION_WITH_SPECIFIED_SOURCE('','',#18213,
 .NOT_KNOWN.);
#18030=PRODUCT_DEFINITION_FORMATION_WITH_SPECIFIED_SOURCE('','',#18214,
 .NOT_KNOWN.);
#18031=PRODUCT_DEFINITION_FORMATION_WITH_SPECIFIED_SOURCE('','',#18215,
 .NOT_KNOWN.);
#18032=PRODUCT_DEFINITION_FORMATION_WITH_SPECIFIED_SOURCE('','',#18216,
 .NOT_KNOWN.);
#18033=PRODUCT_DEFINITION_FORMATION_WITH_SPECIFIED_SOURCE('','',#18217,
 .NOT_KNOWN.);
#18034=PRODUCT_DEFINITION_FORMATION_WITH_SPECIFIED_SOURCE('','',#18218,
 .NOT_KNOWN.);
#18035=PRODUCT_DEFINITION_FORMATION_WITH_SPECIFIED_SOURCE('','',#18219,
 .NOT_KNOWN.);
#18036=PRODUCT_DEFINITION_FORMATION_WITH_SPECIFIED_SOURCE('','',#18220,
 .NOT_KNOWN.);
#18037=PRODUCT_DEFINITION_FORMATION_WITH_SPECIFIED_SOURCE('','',#18221,
 .NOT_KNOWN.);
#18038=PRODUCT_DEFINITION_FORMATION_WITH_SPECIFIED_SOURCE('','',#18222,
 .NOT_KNOWN.);
#18039=PRODUCT_DEFINITION_FORMATION_WITH_SPECIFIED_SOURCE('','',#18223,
 .NOT_KNOWN.);
#18040=PRODUCT_DEFINITION_FORMATION_WITH_SPECIFIED_SOURCE('','',#18224,
 .NOT_KNOWN.);
#18041=PRODUCT_DEFINITION_FORMATION_WITH_SPECIFIED_SOURCE('','',#18225,
 .NOT_KNOWN.);
#18042=PRODUCT_DEFINITION_FORMATION_WITH_SPECIFIED_SOURCE('','',#18226,
 .NOT_KNOWN.);
#18043=PRODUCT_DEFINITION_FORMATION_WITH_SPECIFIED_SOURCE('','',#18227,
 .NOT_KNOWN.);
#18044=PRODUCT_DEFINITION_FORMATION_WITH_SPECIFIED_SOURCE('','',#18228,
 .NOT_KNOWN.);
#18045=PRODUCT_DEFINITION_FORMATION_WITH_SPECIFIED_SOURCE('','',#18229,
 .NOT_KNOWN.);
#18046=PRODUCT_DEFINITION_FORMATION_WITH_SPECIFIED_SOURCE('','',#18230,
 .NOT_KNOWN.);
#18047=PRODUCT_DEFINITION_FORMATION_WITH_SPECIFIED_SOURCE('','',#18231,
 .NOT_KNOWN.);
#18048=PRODUCT_DEFINITION_FORMATION_WITH_SPECIFIED_SOURCE('','',#18232,
 .NOT_KNOWN.);
#18049=PRODUCT_DEFINITION_FORMATION_WITH_SPECIFIED_SOURCE('','',#18233,
 .NOT_KNOWN.);
#18050=PRODUCT_DEFINITION_FORMATION_WITH_SPECIFIED_SOURCE('','',#18234,
 .NOT_KNOWN.);
#18051=PRODUCT_DEFINITION_FORMATION_WITH_SPECIFIED_SOURCE('','',#18235,
 .NOT_KNOWN.);
#18052=PRODUCT_DEFINITION_FORMATION_WITH_SPECIFIED_SOURCE('','',#18236,
 .NOT_KNOWN.);
#18053=PRODUCT_DEFINITION_FORMATION_WITH_SPECIFIED_SOURCE('','',#18237,
 .NOT_KNOWN.);
#18054=PRODUCT_DEFINITION_FORMATION_WITH_SPECIFIED_SOURCE('','',#18238,
 .NOT_KNOWN.);
#18055=PRODUCT_DEFINITION_FORMATION_WITH_SPECIFIED_SOURCE('','',#18239,
 .NOT_KNOWN.);
#18056=PRODUCT_DEFINITION_FORMATION_WITH_SPECIFIED_SOURCE('','',#18240,
 .NOT_KNOWN.);
#18057=PRODUCT_DEFINITION_FORMATION_WITH_SPECIFIED_SOURCE('','',#18241,
 .NOT_KNOWN.);
#18058=PRODUCT_DEFINITION_FORMATION_WITH_SPECIFIED_SOURCE('','',#18242,
 .NOT_KNOWN.);
#18059=PRODUCT_DEFINITION_FORMATION_WITH_SPECIFIED_SOURCE('','',#18243,
 .NOT_KNOWN.);
#18060=PRODUCT_DEFINITION_FORMATION_WITH_SPECIFIED_SOURCE('','',#18244,
 .NOT_KNOWN.);
#18061=PRODUCT_DEFINITION_FORMATION_WITH_SPECIFIED_SOURCE('','',#18245,
 .NOT_KNOWN.);
#18062=PRODUCT_DEFINITION_FORMATION_WITH_SPECIFIED_SOURCE('','',#18246,
 .NOT_KNOWN.);
#18063=PRODUCT_DEFINITION_FORMATION_WITH_SPECIFIED_SOURCE('','',#18247,
 .NOT_KNOWN.);
#18064=PRODUCT_DEFINITION_FORMATION_WITH_SPECIFIED_SOURCE('','',#18248,
 .NOT_KNOWN.);
#18065=PRODUCT_DEFINITION_FORMATION_WITH_SPECIFIED_SOURCE('','',#18249,
 .NOT_KNOWN.);
#18066=PRODUCT_DEFINITION_FORMATION_WITH_SPECIFIED_SOURCE('','',#18250,
 .NOT_KNOWN.);
#18067=PRODUCT_DEFINITION_FORMATION_WITH_SPECIFIED_SOURCE('','',#18251,
 .NOT_KNOWN.);
#18068=PRODUCT_DEFINITION_FORMATION_WITH_SPECIFIED_SOURCE('','',#18252,
 .NOT_KNOWN.);
#18069=PRODUCT_DEFINITION_FORMATION_WITH_SPECIFIED_SOURCE('','',#18253,
 .NOT_KNOWN.);
#18070=PRODUCT_DEFINITION_FORMATION_WITH_SPECIFIED_SOURCE('','',#18254,
 .NOT_KNOWN.);
#18071=PRODUCT_DEFINITION_FORMATION_WITH_SPECIFIED_SOURCE('','',#18255,
 .NOT_KNOWN.);
#18072=PRODUCT_DEFINITION_FORMATION_WITH_SPECIFIED_SOURCE('','',#18256,
 .NOT_KNOWN.);
#18073=PRODUCT_DEFINITION_FORMATION_WITH_SPECIFIED_SOURCE('','',#18257,
 .NOT_KNOWN.);
#18074=PRODUCT_DEFINITION_FORMATION_WITH_SPECIFIED_SOURCE('','',#18258,
 .NOT_KNOWN.);
#18075=PRODUCT_DEFINITION_FORMATION_WITH_SPECIFIED_SOURCE('','',#18259,
 .NOT_KNOWN.);
#18076=PRODUCT_DEFINITION_FORMATION_WITH_SPECIFIED_SOURCE('','',#18260,
 .NOT_KNOWN.);
#18077=PRODUCT_DEFINITION_FORMATION_WITH_SPECIFIED_SOURCE('','',#18261,
 .NOT_KNOWN.);
#18078=PRODUCT_DEFINITION_FORMATION_WITH_SPECIFIED_SOURCE('','',#18262,
 .NOT_KNOWN.);
#18079=PRODUCT_DEFINITION_FORMATION_WITH_SPECIFIED_SOURCE('','',#18263,
 .NOT_KNOWN.);
#18080=PRODUCT_DEFINITION_FORMATION_WITH_SPECIFIED_SOURCE('','',#18264,
 .NOT_KNOWN.);
#18081=PRODUCT_DEFINITION_FORMATION_WITH_SPECIFIED_SOURCE('','',#18265,
 .NOT_KNOWN.);
#18082=PRODUCT_DEFINITION_FORMATION_WITH_SPECIFIED_SOURCE('','',#18266,
 .NOT_KNOWN.);
#18083=PRODUCT_DEFINITION_FORMATION_WITH_SPECIFIED_SOURCE('','',#18267,
 .NOT_KNOWN.);
#18084=PRODUCT_DEFINITION_FORMATION_WITH_SPECIFIED_SOURCE('','',#18268,
 .NOT_KNOWN.);
#18085=PRODUCT_DEFINITION_FORMATION_WITH_SPECIFIED_SOURCE('','',#18269,
 .NOT_KNOWN.);
#18086=PRODUCT_DEFINITION_FORMATION_WITH_SPECIFIED_SOURCE('','',#18270,
 .NOT_KNOWN.);
#18087=PRODUCT_DEFINITION_FORMATION_WITH_SPECIFIED_SOURCE('','',#18271,
 .NOT_KNOWN.);
#18088=PRODUCT_DEFINITION_FORMATION_WITH_SPECIFIED_SOURCE('','',#18272,
 .NOT_KNOWN.);
#18089=PRODUCT_DEFINITION_FORMATION_WITH_SPECIFIED_SOURCE('','',#18273,
 .NOT_KNOWN.);
#18090=PRODUCT_DEFINITION_FORMATION_WITH_SPECIFIED_SOURCE('','',#18274,
 .NOT_KNOWN.);
#18091=PRODUCT_DEFINITION_FORMATION_WITH_SPECIFIED_SOURCE('','',#18275,
 .NOT_KNOWN.);
#18092=PRODUCT_DEFINITION_FORMATION_WITH_SPECIFIED_SOURCE('','',#18276,
 .NOT_KNOWN.);
#18093=PRODUCT_DEFINITION_FORMATION_WITH_SPECIFIED_SOURCE('','',#18277,
 .NOT_KNOWN.);
#18094=PRODUCT_DEFINITION_FORMATION_WITH_SPECIFIED_SOURCE('','',#18278,
 .NOT_KNOWN.);
#18095=PRODUCT_DEFINITION_FORMATION_WITH_SPECIFIED_SOURCE('','',#18279,
 .NOT_KNOWN.);
#18096=PRODUCT_DEFINITION_FORMATION_WITH_SPECIFIED_SOURCE('','',#18280,
 .NOT_KNOWN.);
#18097=PRODUCT_DEFINITION_FORMATION_WITH_SPECIFIED_SOURCE('','',#18281,
 .NOT_KNOWN.);
#18098=PRODUCT_DEFINITION_FORMATION_WITH_SPECIFIED_SOURCE('','',#18282,
 .NOT_KNOWN.);
#18099=PRODUCT_DEFINITION_FORMATION_WITH_SPECIFIED_SOURCE('','',#18283,
 .NOT_KNOWN.);
#18100=PRODUCT_DEFINITION_FORMATION_WITH_SPECIFIED_SOURCE('','',#18284,
 .NOT_KNOWN.);
#18101=PRODUCT_DEFINITION_FORMATION_WITH_SPECIFIED_SOURCE('','',#18285,
 .NOT_KNOWN.);
#18102=PRODUCT_DEFINITION_FORMATION_WITH_SPECIFIED_SOURCE('','',#18286,
 .NOT_KNOWN.);
#18103=PRODUCT_DEFINITION_FORMATION_WITH_SPECIFIED_SOURCE('','',#18287,
 .NOT_KNOWN.);
#18104=PRODUCT_DEFINITION_FORMATION_WITH_SPECIFIED_SOURCE('','',#18288,
 .NOT_KNOWN.);
#18105=PRODUCT_DEFINITION_FORMATION_WITH_SPECIFIED_SOURCE('','',#18289,
 .NOT_KNOWN.);
#18106=PRODUCT_DEFINITION_FORMATION_WITH_SPECIFIED_SOURCE('','',#18290,
 .NOT_KNOWN.);
#18107=PRODUCT_DEFINITION_FORMATION_WITH_SPECIFIED_SOURCE('','',#18291,
 .NOT_KNOWN.);
#18108=PRODUCT_DEFINITION_FORMATION_WITH_SPECIFIED_SOURCE('','',#18292,
 .NOT_KNOWN.);
#18109=PRODUCT_DEFINITION_FORMATION_WITH_SPECIFIED_SOURCE('','',#18293,
 .NOT_KNOWN.);
#18110=PRODUCT_DEFINITION_FORMATION_WITH_SPECIFIED_SOURCE('','',#18294,
 .NOT_KNOWN.);
#18111=PRODUCT_DEFINITION_FORMATION_WITH_SPECIFIED_SOURCE('','',#18295,
 .NOT_KNOWN.);
#18112=PRODUCT_DEFINITION_FORMATION_WITH_SPECIFIED_SOURCE('','',#18296,
 .NOT_KNOWN.);
#18113=PRODUCT_DEFINITION_FORMATION_WITH_SPECIFIED_SOURCE('','',#18297,
 .NOT_KNOWN.);
#18114=PRODUCT_DEFINITION_FORMATION_WITH_SPECIFIED_SOURCE('','',#18298,
 .NOT_KNOWN.);
#18115=PRODUCT_RELATED_PRODUCT_CATEGORY('','',(#18207));
#18116=PRODUCT_RELATED_PRODUCT_CATEGORY('','',(#18208));
#18117=PRODUCT_RELATED_PRODUCT_CATEGORY('','',(#18209));
#18118=PRODUCT_RELATED_PRODUCT_CATEGORY('','',(#18210));
#18119=PRODUCT_RELATED_PRODUCT_CATEGORY('','',(#18211));
#18120=PRODUCT_RELATED_PRODUCT_CATEGORY('','',(#18212));
#18121=PRODUCT_RELATED_PRODUCT_CATEGORY('','',(#18213));
#18122=PRODUCT_RELATED_PRODUCT_CATEGORY('','',(#18214));
#18123=PRODUCT_RELATED_PRODUCT_CATEGORY('','',(#18215));
#18124=PRODUCT_RELATED_PRODUCT_CATEGORY('','',(#18216));
#18125=PRODUCT_RELATED_PRODUCT_CATEGORY('','',(#18217));
#18126=PRODUCT_RELATED_PRODUCT_CATEGORY('','',(#18218));
#18127=PRODUCT_RELATED_PRODUCT_CATEGORY('','',(#18219));
#18128=PRODUCT_RELATED_PRODUCT_CATEGORY('','',(#18220));
#18129=PRODUCT_RELATED_PRODUCT_CATEGORY('','',(#18221));
#18130=PRODUCT_RELATED_PRODUCT_CATEGORY('','',(#18222));
#18131=PRODUCT_RELATED_PRODUCT_CATEGORY('','',(#18223));
#18132=PRODUCT_RELATED_PRODUCT_CATEGORY('','',(#18224));
#18133=PRODUCT_RELATED_PRODUCT_CATEGORY('','',(#18225));
#18134=PRODUCT_RELATED_PRODUCT_CATEGORY('','',(#18226));
#18135=PRODUCT_RELATED_PRODUCT_CATEGORY('','',(#18227));
#18136=PRODUCT_RELATED_PRODUCT_CATEGORY('','',(#18228));
#18137=PRODUCT_RELATED_PRODUCT_CATEGORY('','',(#18229));
#18138=PRODUCT_RELATED_PRODUCT_CATEGORY('','',(#18230));
#18139=PRODUCT_RELATED_PRODUCT_CATEGORY('','',(#18231));
#18140=PRODUCT_RELATED_PRODUCT_CATEGORY('','',(#18232));
#18141=PRODUCT_RELATED_PRODUCT_CATEGORY('','',(#18233));
#18142=PRODUCT_RELATED_PRODUCT_CATEGORY('','',(#18234));
#18143=PRODUCT_RELATED_PRODUCT_CATEGORY('','',(#18235));
#18144=PRODUCT_RELATED_PRODUCT_CATEGORY('','',(#18236));
#18145=PRODUCT_RELATED_PRODUCT_CATEGORY('','',(#18237));
#18146=PRODUCT_RELATED_PRODUCT_CATEGORY('','',(#18238));
#18147=PRODUCT_RELATED_PRODUCT_CATEGORY('','',(#18239));
#18148=PRODUCT_RELATED_PRODUCT_CATEGORY('','',(#18240));
#18149=PRODUCT_RELATED_PRODUCT_CATEGORY('','',(#18241));
#18150=PRODUCT_RELATED_PRODUCT_CATEGORY('','',(#18242));
#18151=PRODUCT_RELATED_PRODUCT_CATEGORY('','',(#18243));
#18152=PRODUCT_RELATED_PRODUCT_CATEGORY('','',(#18244));
#18153=PRODUCT_RELATED_PRODUCT_CATEGORY('','',(#18245));
#18154=PRODUCT_RELATED_PRODUCT_CATEGORY('','',(#18246));
#18155=PRODUCT_RELATED_PRODUCT_CATEGORY('','',(#18247));
#18156=PRODUCT_RELATED_PRODUCT_CATEGORY('','',(#18248));
#18157=PRODUCT_RELATED_PRODUCT_CATEGORY('','',(#18249));
#18158=PRODUCT_RELATED_PRODUCT_CATEGORY('','',(#18250));
#18159=PRODUCT_RELATED_PRODUCT_CATEGORY('','',(#18251));
#18160=PRODUCT_RELATED_PRODUCT_CATEGORY('','',(#18252));
#18161=PRODUCT_RELATED_PRODUCT_CATEGORY('','',(#18253));
#18162=PRODUCT_RELATED_PRODUCT_CATEGORY('','',(#18254));
#18163=PRODUCT_RELATED_PRODUCT_CATEGORY('','',(#18255));
#18164=PRODUCT_RELATED_PRODUCT_CATEGORY('','',(#18256));
#18165=PRODUCT_RELATED_PRODUCT_CATEGORY('','',(#18257));
#18166=PRODUCT_RELATED_PRODUCT_CATEGORY('','',(#18258));
#18167=PRODUCT_RELATED_PRODUCT_CATEGORY('','',(#18259));
#18168=PRODUCT_RELATED_PRODUCT_CATEGORY('','',(#18260));
#18169=PRODUCT_RELATED_PRODUCT_CATEGORY('','',(#18261));
#18170=PRODUCT_RELATED_PRODUCT_CATEGORY('','',(#18262));
#18171=PRODUCT_RELATED_PRODUCT_CATEGORY('','',(#18263));
#18172=PRODUCT_RELATED_PRODUCT_CATEGORY('','',(#18264));
#18173=PRODUCT_RELATED_PRODUCT_CATEGORY('','',(#18265));
#18174=PRODUCT_RELATED_PRODUCT_CATEGORY('','',(#18266));
#18175=PRODUCT_RELATED_PRODUCT_CATEGORY('','',(#18267));
#18176=PRODUCT_RELATED_PRODUCT_CATEGORY('','',(#18268));
#18177=PRODUCT_RELATED_PRODUCT_CATEGORY('','',(#18269));
#18178=PRODUCT_RELATED_PRODUCT_CATEGORY('','',(#18270));
#18179=PRODUCT_RELATED_PRODUCT_CATEGORY('','',(#18271));
#18180=PRODUCT_RELATED_PRODUCT_CATEGORY('','',(#18272));
#18181=PRODUCT_RELATED_PRODUCT_CATEGORY('','',(#18273));
#18182=PRODUCT_RELATED_PRODUCT_CATEGORY('','',(#18274));
#18183=PRODUCT_RELATED_PRODUCT_CATEGORY('','',(#18275));
#18184=PRODUCT_RELATED_PRODUCT_CATEGORY('','',(#18276));
#18185=PRODUCT_RELATED_PRODUCT_CATEGORY('','',(#18277));
#18186=PRODUCT_RELATED_PRODUCT_CATEGORY('','',(#18278));
#18187=PRODUCT_RELATED_PRODUCT_CATEGORY('','',(#18279));
#18188=PRODUCT_RELATED_PRODUCT_CATEGORY('','',(#18280));
#18189=PRODUCT_RELATED_PRODUCT_CATEGORY('','',(#18281));
#18190=PRODUCT_RELATED_PRODUCT_CATEGORY('','',(#18282));
#18191=PRODUCT_RELATED_PRODUCT_CATEGORY('','',(#18283));
#18192=PRODUCT_RELATED_PRODUCT_CATEGORY('','',(#18284));
#18193=PRODUCT_RELATED_PRODUCT_CATEGORY('','',(#18285));
#18194=PRODUCT_RELATED_PRODUCT_CATEGORY('','',(#18286));
#18195=PRODUCT_RELATED_PRODUCT_CATEGORY('','',(#18287));
#18196=PRODUCT_RELATED_PRODUCT_CATEGORY('','',(#18288));
#18197=PRODUCT_RELATED_PRODUCT_CATEGORY('','',(#18289));
#18198=PRODUCT_RELATED_PRODUCT_CATEGORY('','',(#18290));
#18199=PRODUCT_RELATED_PRODUCT_CATEGORY('','',(#18291));
#18200=PRODUCT_RELATED_PRODUCT_CATEGORY('','',(#18292));
#18201=PRODUCT_RELATED_PRODUCT_CATEGORY('','',(#18293));
#18202=PRODUCT_RELATED_PRODUCT_CATEGORY('','',(#18294));
#18203=PRODUCT_RELATED_PRODUCT_CATEGORY('','',(#18295));
#18204=PRODUCT_RELATED_PRODUCT_CATEGORY('','',(#18296));
#18205=PRODUCT_RELATED_PRODUCT_CATEGORY('','',(#18297));
#18206=PRODUCT_RELATED_PRODUCT_CATEGORY('','',(#18298));
#18207=PRODUCT('Part 14','Part 14','Part 14',(#18391));
#18208=PRODUCT('Part 15','Part 15','Part 15',(#18392));
#18209=PRODUCT('Part 16','Part 16','Part 16',(#18393));
#18210=PRODUCT('Part 17','Part 17','Part 17',(#18394));
#18211=PRODUCT('Part 18','Part 18','Part 18',(#18395));
#18212=PRODUCT('Part 19','Part 19','Part 19',(#18396));
#18213=PRODUCT('Part 20','Part 20','Part 20',(#18397));
#18214=PRODUCT('Part 21','Part 21','Part 21',(#18398));
#18215=PRODUCT('Part 22','Part 22','Part 22',(#18399));
#18216=PRODUCT('Part 44','Part 44','Part 44',(#18400));
#18217=PRODUCT('Part 46','Part 46','Part 46',(#18401));
#18218=PRODUCT('Part 47','Part 47','Part 47',(#18402));
#18219=PRODUCT('Part 48','Part 48','Part 48',(#18403));
#18220=PRODUCT('Part 49','Part 49','Part 49',(#18404));
#18221=PRODUCT('Part 51','Part 51','Part 51',(#18405));
#18222=PRODUCT('Part 52','Part 52','Part 52',(#18406));
#18223=PRODUCT('Part 53','Part 53','Part 53',(#18407));
#18224=PRODUCT('Part 54','Part 54','Part 54',(#18408));
#18225=PRODUCT('Part 56','Part 56','Part 56',(#18409));
#18226=PRODUCT('Part 57','Part 57','Part 57',(#18410));
#18227=PRODUCT('Part 58','Part 58','Part 58',(#18411));
#18228=PRODUCT('Part 78','Part 78','Part 78',(#18412));
#18229=PRODUCT('Part 79','Part 79','Part 79',(#18413));
#18230=PRODUCT('Part 80','Part 80','Part 80',(#18414));
#18231=PRODUCT('Part 81','Part 81','Part 81',(#18415));
#18232=PRODUCT('Part 82','Part 82','Part 82',(#18416));
#18233=PRODUCT('Part 83','Part 83','Part 83',(#18417));
#18234=PRODUCT('Part 84','Part 84','Part 84',(#18418));
#18235=PRODUCT('Part 85','Part 85','Part 85',(#18419));
#18236=PRODUCT('Part 86','Part 86','Part 86',(#18420));
#18237=PRODUCT('Part 87','Part 87','Part 87',(#18421));
#18238=PRODUCT('Part 2','Part 2','Part 2',(#18422));
#18239=PRODUCT('Part 3','Part 3','Part 3',(#18423));
#18240=PRODUCT('Part 4','Part 4','Part 4',(#18424));
#18241=PRODUCT('Part 5','Part 5','Part 5',(#18425));
#18242=PRODUCT('Part 6','Part 6','Part 6',(#18426));
#18243=PRODUCT('Part 7','Part 7','Part 7',(#18427));
#18244=PRODUCT('Part 8','Part 8','Part 8',(#18428));
#18245=PRODUCT('Part 9','Part 9','Part 9',(#18429));
#18246=PRODUCT('Part 10','Part 10','Part 10',(#18430));
#18247=PRODUCT('Part 12','Part 12','Part 12',(#18431));
#18248=PRODUCT('Part 13','Part 13','Part 13',(#18432));
#18249=PRODUCT('Part 23','Part 23','Part 23',(#18433));
#18250=PRODUCT('Part 24','Part 24','Part 24',(#18434));
#18251=PRODUCT('Part 25','Part 25','Part 25',(#18435));
#18252=PRODUCT('Part 26','Part 26','Part 26',(#18436));
#18253=PRODUCT('Part 27','Part 27','Part 27',(#18437));
#18254=PRODUCT('Part 28','Part 28','Part 28',(#18438));
#18255=PRODUCT('Part 29','Part 29','Part 29',(#18439));
#18256=PRODUCT('Part 30','Part 30','Part 30',(#18440));
#18257=PRODUCT('Part 31','Part 31','Part 31',(#18441));
#18258=PRODUCT('Part 32','Part 32','Part 32',(#18442));
#18259=PRODUCT('Part 33','Part 33','Part 33',(#18443));
#18260=PRODUCT('Part 34','Part 34','Part 34',(#18444));
#18261=PRODUCT('Part 35','Part 35','Part 35',(#18445));
#18262=PRODUCT('Part 36','Part 36','Part 36',(#18446));
#18263=PRODUCT('Part 37','Part 37','Part 37',(#18447));
#18264=PRODUCT('Part 38','Part 38','Part 38',(#18448));
#18265=PRODUCT('Part 39','Part 39','Part 39',(#18449));
#18266=PRODUCT('Part 40','Part 40','Part 40',(#18450));
#18267=PRODUCT('Part 41','Part 41','Part 41',(#18451));
#18268=PRODUCT('Part 42','Part 42','Part 42',(#18452));
#18269=PRODUCT('Part 43','Part 43','Part 43',(#18453));
#18270=PRODUCT('Part 45','Part 45','Part 45',(#18454));
#18271=PRODUCT('Part 50','Part 50','Part 50',(#18455));
#18272=PRODUCT('Part 55','Part 55','Part 55',(#18456));
#18273=PRODUCT('Part 59','Part 59','Part 59',(#18457));
#18274=PRODUCT('Part 60','Part 60','Part 60',(#18458));
#18275=PRODUCT('Part 61','Part 61','Part 61',(#18459));
#18276=PRODUCT('Part 62','Part 62','Part 62',(#18460));
#18277=PRODUCT('Part 63','Part 63','Part 63',(#18461));
#18278=PRODUCT('Part 64','Part 64','Part 64',(#18462));
#18279=PRODUCT('Part 65','Part 65','Part 65',(#18463));
#18280=PRODUCT('Part 66','Part 66','Part 66',(#18464));
#18281=PRODUCT('Part 67','Part 67','Part 67',(#18465));
#18282=PRODUCT('Part 68','Part 68','Part 68',(#18466));
#18283=PRODUCT('Part 69','Part 69','Part 69',(#18467));
#18284=PRODUCT('Part 70','Part 70','Part 70',(#18468));
#18285=PRODUCT('Part 71','Part 71','Part 71',(#18469));
#18286=PRODUCT('Part 72','Part 72','Part 72',(#18470));
#18287=PRODUCT('Part 73','Part 73','Part 73',(#18471));
#18288=PRODUCT('Part 74','Part 74','Part 74',(#18472));
#18289=PRODUCT('Part 75','Part 75','Part 75',(#18473));
#18290=PRODUCT('Part 76','Part 76','Part 76',(#18474));
#18291=PRODUCT('Part 77','Part 77','Part 77',(#18475));
#18292=PRODUCT('Part 88','Part 88','Part 88',(#18476));
#18293=PRODUCT('Part 89','Part 89','Part 89',(#18477));
#18294=PRODUCT('Part 90','Part 90','Part 90',(#18478));
#18295=PRODUCT('Part 91','Part 91','Part 91',(#18479));
#18296=PRODUCT('Part 11','Part 11','Part 11',(#18480));
#18297=PRODUCT('Part 92','Part 92','Part 92',(#18481));
#18298=PRODUCT('Part 1','Part 1','Part 1',(#18482));
#18299=PRODUCT_CATEGORY('','');
#18300=PRODUCT_CATEGORY('','');
#18301=PRODUCT_CATEGORY('','');
#18302=PRODUCT_CATEGORY('','');
#18303=PRODUCT_CATEGORY('','');
#18304=PRODUCT_CATEGORY('','');
#18305=PRODUCT_CATEGORY('','');
#18306=PRODUCT_CATEGORY('','');
#18307=PRODUCT_CATEGORY('','');
#18308=PRODUCT_CATEGORY('','');
#18309=PRODUCT_CATEGORY('','');
#18310=PRODUCT_CATEGORY('','');
#18311=PRODUCT_CATEGORY('','');
#18312=PRODUCT_CATEGORY('','');
#18313=PRODUCT_CATEGORY('','');
#18314=PRODUCT_CATEGORY('','');
#18315=PRODUCT_CATEGORY('','');
#18316=PRODUCT_CATEGORY('','');
#18317=PRODUCT_CATEGORY('','');
#18318=PRODUCT_CATEGORY('','');
#18319=PRODUCT_CATEGORY('','');
#18320=PRODUCT_CATEGORY('','');
#18321=PRODUCT_CATEGORY('','');
#18322=PRODUCT_CATEGORY('','');
#18323=PRODUCT_CATEGORY('','');
#18324=PRODUCT_CATEGORY('','');
#18325=PRODUCT_CATEGORY('','');
#18326=PRODUCT_CATEGORY('','');
#18327=PRODUCT_CATEGORY('','');
#18328=PRODUCT_CATEGORY('','');
#18329=PRODUCT_CATEGORY('','');
#18330=PRODUCT_CATEGORY('','');
#18331=PRODUCT_CATEGORY('','');
#18332=PRODUCT_CATEGORY('','');
#18333=PRODUCT_CATEGORY('','');
#18334=PRODUCT_CATEGORY('','');
#18335=PRODUCT_CATEGORY('','');
#18336=PRODUCT_CATEGORY('','');
#18337=PRODUCT_CATEGORY('','');
#18338=PRODUCT_CATEGORY('','');
#18339=PRODUCT_CATEGORY('','');
#18340=PRODUCT_CATEGORY('','');
#18341=PRODUCT_CATEGORY('','');
#18342=PRODUCT_CATEGORY('','');
#18343=PRODUCT_CATEGORY('','');
#18344=PRODUCT_CATEGORY('','');
#18345=PRODUCT_CATEGORY('','');
#18346=PRODUCT_CATEGORY('','');
#18347=PRODUCT_CATEGORY('','');
#18348=PRODUCT_CATEGORY('','');
#18349=PRODUCT_CATEGORY('','');
#18350=PRODUCT_CATEGORY('','');
#18351=PRODUCT_CATEGORY('','');
#18352=PRODUCT_CATEGORY('','');
#18353=PRODUCT_CATEGORY('','');
#18354=PRODUCT_CATEGORY('','');
#18355=PRODUCT_CATEGORY('','');
#18356=PRODUCT_CATEGORY('','');
#18357=PRODUCT_CATEGORY('','');
#18358=PRODUCT_CATEGORY('','');
#18359=PRODUCT_CATEGORY('','');
#18360=PRODUCT_CATEGORY('','');
#18361=PRODUCT_CATEGORY('','');
#18362=PRODUCT_CATEGORY('','');
#18363=PRODUCT_CATEGORY('','');
#18364=PRODUCT_CATEGORY('','');
#18365=PRODUCT_CATEGORY('','');
#18366=PRODUCT_CATEGORY('','');
#18367=PRODUCT_CATEGORY('','');
#18368=PRODUCT_CATEGORY('','');
#18369=PRODUCT_CATEGORY('','');
#18370=PRODUCT_CATEGORY('','');
#18371=PRODUCT_CATEGORY('','');
#18372=PRODUCT_CATEGORY('','');
#18373=PRODUCT_CATEGORY('','');
#18374=PRODUCT_CATEGORY('','');
#18375=PRODUCT_CATEGORY('','');
#18376=PRODUCT_CATEGORY('','');
#18377=PRODUCT_CATEGORY('','');
#18378=PRODUCT_CATEGORY('','');
#18379=PRODUCT_CATEGORY('','');
#18380=PRODUCT_CATEGORY('','');
#18381=PRODUCT_CATEGORY('','');
#18382=PRODUCT_CATEGORY('','');
#18383=PRODUCT_CATEGORY('','');
#18384=PRODUCT_CATEGORY('','');
#18385=PRODUCT_CATEGORY('','');
#18386=PRODUCT_CATEGORY('','');
#18387=PRODUCT_CATEGORY('','');
#18388=PRODUCT_CATEGORY('','');
#18389=PRODUCT_CATEGORY('','');
#18390=PRODUCT_CATEGORY('','');
#18391=PRODUCT_CONTEXT('',#18575,'mechanical');
#18392=PRODUCT_CONTEXT('',#18576,'mechanical');
#18393=PRODUCT_CONTEXT('',#18577,'mechanical');
#18394=PRODUCT_CONTEXT('',#18578,'mechanical');
#18395=PRODUCT_CONTEXT('',#18579,'mechanical');
#18396=PRODUCT_CONTEXT('',#18580,'mechanical');
#18397=PRODUCT_CONTEXT('',#18581,'mechanical');
#18398=PRODUCT_CONTEXT('',#18582,'mechanical');
#18399=PRODUCT_CONTEXT('',#18583,'mechanical');
#18400=PRODUCT_CONTEXT('',#18584,'mechanical');
#18401=PRODUCT_CONTEXT('',#18585,'mechanical');
#18402=PRODUCT_CONTEXT('',#18586,'mechanical');
#18403=PRODUCT_CONTEXT('',#18587,'mechanical');
#18404=PRODUCT_CONTEXT('',#18588,'mechanical');
#18405=PRODUCT_CONTEXT('',#18589,'mechanical');
#18406=PRODUCT_CONTEXT('',#18590,'mechanical');
#18407=PRODUCT_CONTEXT('',#18591,'mechanical');
#18408=PRODUCT_CONTEXT('',#18592,'mechanical');
#18409=PRODUCT_CONTEXT('',#18593,'mechanical');
#18410=PRODUCT_CONTEXT('',#18594,'mechanical');
#18411=PRODUCT_CONTEXT('',#18595,'mechanical');
#18412=PRODUCT_CONTEXT('',#18596,'mechanical');
#18413=PRODUCT_CONTEXT('',#18597,'mechanical');
#18414=PRODUCT_CONTEXT('',#18598,'mechanical');
#18415=PRODUCT_CONTEXT('',#18599,'mechanical');
#18416=PRODUCT_CONTEXT('',#18600,'mechanical');
#18417=PRODUCT_CONTEXT('',#18601,'mechanical');
#18418=PRODUCT_CONTEXT('',#18602,'mechanical');
#18419=PRODUCT_CONTEXT('',#18603,'mechanical');
#18420=PRODUCT_CONTEXT('',#18604,'mechanical');
#18421=PRODUCT_CONTEXT('',#18605,'mechanical');
#18422=PRODUCT_CONTEXT('',#18606,'mechanical');
#18423=PRODUCT_CONTEXT('',#18607,'mechanical');
#18424=PRODUCT_CONTEXT('',#18608,'mechanical');
#18425=PRODUCT_CONTEXT('',#18609,'mechanical');
#18426=PRODUCT_CONTEXT('',#18610,'mechanical');
#18427=PRODUCT_CONTEXT('',#18611,'mechanical');
#18428=PRODUCT_CONTEXT('',#18612,'mechanical');
#18429=PRODUCT_CONTEXT('',#18613,'mechanical');
#18430=PRODUCT_CONTEXT('',#18614,'mechanical');
#18431=PRODUCT_CONTEXT('',#18615,'mechanical');
#18432=PRODUCT_CONTEXT('',#18616,'mechanical');
#18433=PRODUCT_CONTEXT('',#18617,'mechanical');
#18434=PRODUCT_CONTEXT('',#18618,'mechanical');
#18435=PRODUCT_CONTEXT('',#18619,'mechanical');
#18436=PRODUCT_CONTEXT('',#18620,'mechanical');
#18437=PRODUCT_CONTEXT('',#18621,'mechanical');
#18438=PRODUCT_CONTEXT('',#18622,'mechanical');
#18439=PRODUCT_CONTEXT('',#18623,'mechanical');
#18440=PRODUCT_CONTEXT('',#18624,'mechanical');
#18441=PRODUCT_CONTEXT('',#18625,'mechanical');
#18442=PRODUCT_CONTEXT('',#18626,'mechanical');
#18443=PRODUCT_CONTEXT('',#18627,'mechanical');
#18444=PRODUCT_CONTEXT('',#18628,'mechanical');
#18445=PRODUCT_CONTEXT('',#18629,'mechanical');
#18446=PRODUCT_CONTEXT('',#18630,'mechanical');
#18447=PRODUCT_CONTEXT('',#18631,'mechanical');
#18448=PRODUCT_CONTEXT('',#18632,'mechanical');
#18449=PRODUCT_CONTEXT('',#18633,'mechanical');
#18450=PRODUCT_CONTEXT('',#18634,'mechanical');
#18451=PRODUCT_CONTEXT('',#18635,'mechanical');
#18452=PRODUCT_CONTEXT('',#18636,'mechanical');
#18453=PRODUCT_CONTEXT('',#18637,'mechanical');
#18454=PRODUCT_CONTEXT('',#18638,'mechanical');
#18455=PRODUCT_CONTEXT('',#18639,'mechanical');
#18456=PRODUCT_CONTEXT('',#18640,'mechanical');
#18457=PRODUCT_CONTEXT('',#18641,'mechanical');
#18458=PRODUCT_CONTEXT('',#18642,'mechanical');
#18459=PRODUCT_CONTEXT('',#18643,'mechanical');
#18460=PRODUCT_CONTEXT('',#18644,'mechanical');
#18461=PRODUCT_CONTEXT('',#18645,'mechanical');
#18462=PRODUCT_CONTEXT('',#18646,'mechanical');
#18463=PRODUCT_CONTEXT('',#18647,'mechanical');
#18464=PRODUCT_CONTEXT('',#18648,'mechanical');
#18465=PRODUCT_CONTEXT('',#18649,'mechanical');
#18466=PRODUCT_CONTEXT('',#18650,'mechanical');
#18467=PRODUCT_CONTEXT('',#18651,'mechanical');
#18468=PRODUCT_CONTEXT('',#18652,'mechanical');
#18469=PRODUCT_CONTEXT('',#18653,'mechanical');
#18470=PRODUCT_CONTEXT('',#18654,'mechanical');
#18471=PRODUCT_CONTEXT('',#18655,'mechanical');
#18472=PRODUCT_CONTEXT('',#18656,'mechanical');
#18473=PRODUCT_CONTEXT('',#18657,'mechanical');
#18474=PRODUCT_CONTEXT('',#18658,'mechanical');
#18475=PRODUCT_CONTEXT('',#18659,'mechanical');
#18476=PRODUCT_CONTEXT('',#18660,'mechanical');
#18477=PRODUCT_CONTEXT('',#18661,'mechanical');
#18478=PRODUCT_CONTEXT('',#18662,'mechanical');
#18479=PRODUCT_CONTEXT('',#18663,'mechanical');
#18480=PRODUCT_CONTEXT('',#18664,'mechanical');
#18481=PRODUCT_CONTEXT('',#18665,'mechanical');
#18482=PRODUCT_CONTEXT('',#18666,'mechanical');
#18483=APPLICATION_PROTOCOL_DEFINITION('international standard',
'ap242_managed_model_based_3d_engineering',2020,#18575);
#18484=APPLICATION_PROTOCOL_DEFINITION('international standard',
'ap242_managed_model_based_3d_engineering',2020,#18576);
#18485=APPLICATION_PROTOCOL_DEFINITION('international standard',
'ap242_managed_model_based_3d_engineering',2020,#18577);
#18486=APPLICATION_PROTOCOL_DEFINITION('international standard',
'ap242_managed_model_based_3d_engineering',2020,#18578);
#18487=APPLICATION_PROTOCOL_DEFINITION('international standard',
'ap242_managed_model_based_3d_engineering',2020,#18579);
#18488=APPLICATION_PROTOCOL_DEFINITION('international standard',
'ap242_managed_model_based_3d_engineering',2020,#18580);
#18489=APPLICATION_PROTOCOL_DEFINITION('international standard',
'ap242_managed_model_based_3d_engineering',2020,#18581);
#18490=APPLICATION_PROTOCOL_DEFINITION('international standard',
'ap242_managed_model_based_3d_engineering',2020,#18582);
#18491=APPLICATION_PROTOCOL_DEFINITION('international standard',
'ap242_managed_model_based_3d_engineering',2020,#18583);
#18492=APPLICATION_PROTOCOL_DEFINITION('international standard',
'ap242_managed_model_based_3d_engineering',2020,#18584);
#18493=APPLICATION_PROTOCOL_DEFINITION('international standard',
'ap242_managed_model_based_3d_engineering',2020,#18585);
#18494=APPLICATION_PROTOCOL_DEFINITION('international standard',
'ap242_managed_model_based_3d_engineering',2020,#18586);
#18495=APPLICATION_PROTOCOL_DEFINITION('international standard',
'ap242_managed_model_based_3d_engineering',2020,#18587);
#18496=APPLICATION_PROTOCOL_DEFINITION('international standard',
'ap242_managed_model_based_3d_engineering',2020,#18588);
#18497=APPLICATION_PROTOCOL_DEFINITION('international standard',
'ap242_managed_model_based_3d_engineering',2020,#18589);
#18498=APPLICATION_PROTOCOL_DEFINITION('international standard',
'ap242_managed_model_based_3d_engineering',2020,#18590);
#18499=APPLICATION_PROTOCOL_DEFINITION('international standard',
'ap242_managed_model_based_3d_engineering',2020,#18591);
#18500=APPLICATION_PROTOCOL_DEFINITION('international standard',
'ap242_managed_model_based_3d_engineering',2020,#18592);
#18501=APPLICATION_PROTOCOL_DEFINITION('international standard',
'ap242_managed_model_based_3d_engineering',2020,#18593);
#18502=APPLICATION_PROTOCOL_DEFINITION('international standard',
'ap242_managed_model_based_3d_engineering',2020,#18594);
#18503=APPLICATION_PROTOCOL_DEFINITION('international standard',
'ap242_managed_model_based_3d_engineering',2020,#18595);
#18504=APPLICATION_PROTOCOL_DEFINITION('international standard',
'ap242_managed_model_based_3d_engineering',2020,#18596);
#18505=APPLICATION_PROTOCOL_DEFINITION('international standard',
'ap242_managed_model_based_3d_engineering',2020,#18597);
#18506=APPLICATION_PROTOCOL_DEFINITION('international standard',
'ap242_managed_model_based_3d_engineering',2020,#18598);
#18507=APPLICATION_PROTOCOL_DEFINITION('international standard',
'ap242_managed_model_based_3d_engineering',2020,#18599);
#18508=APPLICATION_PROTOCOL_DEFINITION('international standard',
'ap242_managed_model_based_3d_engineering',2020,#18600);
#18509=APPLICATION_PROTOCOL_DEFINITION('international standard',
'ap242_managed_model_based_3d_engineering',2020,#18601);
#18510=APPLICATION_PROTOCOL_DEFINITION('international standard',
'ap242_managed_model_based_3d_engineering',2020,#18602);
#18511=APPLICATION_PROTOCOL_DEFINITION('international standard',
'ap242_managed_model_based_3d_engineering',2020,#18603);
#18512=APPLICATION_PROTOCOL_DEFINITION('international standard',
'ap242_managed_model_based_3d_engineering',2020,#18604);
#18513=APPLICATION_PROTOCOL_DEFINITION('international standard',
'ap242_managed_model_based_3d_engineering',2020,#18605);
#18514=APPLICATION_PROTOCOL_DEFINITION('international standard',
'ap242_managed_model_based_3d_engineering',2020,#18606);
#18515=APPLICATION_PROTOCOL_DEFINITION('international standard',
'ap242_managed_model_based_3d_engineering',2020,#18607);
#18516=APPLICATION_PROTOCOL_DEFINITION('international standard',
'ap242_managed_model_based_3d_engineering',2020,#18608);
#18517=APPLICATION_PROTOCOL_DEFINITION('international standard',
'ap242_managed_model_based_3d_engineering',2020,#18609);
#18518=APPLICATION_PROTOCOL_DEFINITION('international standard',
'ap242_managed_model_based_3d_engineering',2020,#18610);
#18519=APPLICATION_PROTOCOL_DEFINITION('international standard',
'ap242_managed_model_based_3d_engineering',2020,#18611);
#18520=APPLICATION_PROTOCOL_DEFINITION('international standard',
'ap242_managed_model_based_3d_engineering',2020,#18612);
#18521=APPLICATION_PROTOCOL_DEFINITION('international standard',
'ap242_managed_model_based_3d_engineering',2020,#18613);
#18522=APPLICATION_PROTOCOL_DEFINITION('international standard',
'ap242_managed_model_based_3d_engineering',2020,#18614);
#18523=APPLICATION_PROTOCOL_DEFINITION('international standard',
'ap242_managed_model_based_3d_engineering',2020,#18615);
#18524=APPLICATION_PROTOCOL_DEFINITION('international standard',
'ap242_managed_model_based_3d_engineering',2020,#18616);
#18525=APPLICATION_PROTOCOL_DEFINITION('international standard',
'ap242_managed_model_based_3d_engineering',2020,#18617);
#18526=APPLICATION_PROTOCOL_DEFINITION('international standard',
'ap242_managed_model_based_3d_engineering',2020,#18618);
#18527=APPLICATION_PROTOCOL_DEFINITION('international standard',
'ap242_managed_model_based_3d_engineering',2020,#18619);
#18528=APPLICATION_PROTOCOL_DEFINITION('international standard',
'ap242_managed_model_based_3d_engineering',2020,#18620);
#18529=APPLICATION_PROTOCOL_DEFINITION('international standard',
'ap242_managed_model_based_3d_engineering',2020,#18621);
#18530=APPLICATION_PROTOCOL_DEFINITION('international standard',
'ap242_managed_model_based_3d_engineering',2020,#18622);
#18531=APPLICATION_PROTOCOL_DEFINITION('international standard',
'ap242_managed_model_based_3d_engineering',2020,#18623);
#18532=APPLICATION_PROTOCOL_DEFINITION('international standard',
'ap242_managed_model_based_3d_engineering',2020,#18624);
#18533=APPLICATION_PROTOCOL_DEFINITION('international standard',
'ap242_managed_model_based_3d_engineering',2020,#18625);
#18534=APPLICATION_PROTOCOL_DEFINITION('international standard',
'ap242_managed_model_based_3d_engineering',2020,#18626);
#18535=APPLICATION_PROTOCOL_DEFINITION('international standard',
'ap242_managed_model_based_3d_engineering',2020,#18627);
#18536=APPLICATION_PROTOCOL_DEFINITION('international standard',
'ap242_managed_model_based_3d_engineering',2020,#18628);
#18537=APPLICATION_PROTOCOL_DEFINITION('international standard',
'ap242_managed_model_based_3d_engineering',2020,#18629);
#18538=APPLICATION_PROTOCOL_DEFINITION('international standard',
'ap242_managed_model_based_3d_engineering',2020,#18630);
#18539=APPLICATION_PROTOCOL_DEFINITION('international standard',
'ap242_managed_model_based_3d_engineering',2020,#18631);
#18540=APPLICATION_PROTOCOL_DEFINITION('international standard',
'ap242_managed_model_based_3d_engineering',2020,#18632);
#18541=APPLICATION_PROTOCOL_DEFINITION('international standard',
'ap242_managed_model_based_3d_engineering',2020,#18633);
#18542=APPLICATION_PROTOCOL_DEFINITION('international standard',
'ap242_managed_model_based_3d_engineering',2020,#18634);
#18543=APPLICATION_PROTOCOL_DEFINITION('international standard',
'ap242_managed_model_based_3d_engineering',2020,#18635);
#18544=APPLICATION_PROTOCOL_DEFINITION('international standard',
'ap242_managed_model_based_3d_engineering',2020,#18636);
#18545=APPLICATION_PROTOCOL_DEFINITION('international standard',
'ap242_managed_model_based_3d_engineering',2020,#18637);
#18546=APPLICATION_PROTOCOL_DEFINITION('international standard',
'ap242_managed_model_based_3d_engineering',2020,#18638);
#18547=APPLICATION_PROTOCOL_DEFINITION('international standard',
'ap242_managed_model_based_3d_engineering',2020,#18639);
#18548=APPLICATION_PROTOCOL_DEFINITION('international standard',
'ap242_managed_model_based_3d_engineering',2020,#18640);
#18549=APPLICATION_PROTOCOL_DEFINITION('international standard',
'ap242_managed_model_based_3d_engineering',2020,#18641);
#18550=APPLICATION_PROTOCOL_DEFINITION('international standard',
'ap242_managed_model_based_3d_engineering',2020,#18642);
#18551=APPLICATION_PROTOCOL_DEFINITION('international standard',
'ap242_managed_model_based_3d_engineering',2020,#18643);
#18552=APPLICATION_PROTOCOL_DEFINITION('international standard',
'ap242_managed_model_based_3d_engineering',2020,#18644);
#18553=APPLICATION_PROTOCOL_DEFINITION('international standard',
'ap242_managed_model_based_3d_engineering',2020,#18645);
#18554=APPLICATION_PROTOCOL_DEFINITION('international standard',
'ap242_managed_model_based_3d_engineering',2020,#18646);
#18555=APPLICATION_PROTOCOL_DEFINITION('international standard',
'ap242_managed_model_based_3d_engineering',2020,#18647);
#18556=APPLICATION_PROTOCOL_DEFINITION('international standard',
'ap242_managed_model_based_3d_engineering',2020,#18648);
#18557=APPLICATION_PROTOCOL_DEFINITION('international standard',
'ap242_managed_model_based_3d_engineering',2020,#18649);
#18558=APPLICATION_PROTOCOL_DEFINITION('international standard',
'ap242_managed_model_based_3d_engineering',2020,#18650);
#18559=APPLICATION_PROTOCOL_DEFINITION('international standard',
'ap242_managed_model_based_3d_engineering',2020,#18651);
#18560=APPLICATION_PROTOCOL_DEFINITION('international standard',
'ap242_managed_model_based_3d_engineering',2020,#18652);
#18561=APPLICATION_PROTOCOL_DEFINITION('international standard',
'ap242_managed_model_based_3d_engineering',2020,#18653);
#18562=APPLICATION_PROTOCOL_DEFINITION('international standard',
'ap242_managed_model_based_3d_engineering',2020,#18654);
#18563=APPLICATION_PROTOCOL_DEFINITION('international standard',
'ap242_managed_model_based_3d_engineering',2020,#18655);
#18564=APPLICATION_PROTOCOL_DEFINITION('international standard',
'ap242_managed_model_based_3d_engineering',2020,#18656);
#18565=APPLICATION_PROTOCOL_DEFINITION('international standard',
'ap242_managed_model_based_3d_engineering',2020,#18657);
#18566=APPLICATION_PROTOCOL_DEFINITION('international standard',
'ap242_managed_model_based_3d_engineering',2020,#18658);
#18567=APPLICATION_PROTOCOL_DEFINITION('international standard',
'ap242_managed_model_based_3d_engineering',2020,#18659);
#18568=APPLICATION_PROTOCOL_DEFINITION('international standard',
'ap242_managed_model_based_3d_engineering',2020,#18660);
#18569=APPLICATION_PROTOCOL_DEFINITION('international standard',
'ap242_managed_model_based_3d_engineering',2020,#18661);
#18570=APPLICATION_PROTOCOL_DEFINITION('international standard',
'ap242_managed_model_based_3d_engineering',2020,#18662);
#18571=APPLICATION_PROTOCOL_DEFINITION('international standard',
'ap242_managed_model_based_3d_engineering',2020,#18663);
#18572=APPLICATION_PROTOCOL_DEFINITION('international standard',
'ap242_managed_model_based_3d_engineering',2020,#18664);
#18573=APPLICATION_PROTOCOL_DEFINITION('international standard',
'ap242_managed_model_based_3d_engineering',2020,#18665);
#18574=APPLICATION_PROTOCOL_DEFINITION('international standard',
'ap242_managed_model_based_3d_engineering',2020,#18666);
#18575=APPLICATION_CONTEXT('managed model based 3d engineering');
#18576=APPLICATION_CONTEXT('managed model based 3d engineering');
#18577=APPLICATION_CONTEXT('managed model based 3d engineering');
#18578=APPLICATION_CONTEXT('managed model based 3d engineering');
#18579=APPLICATION_CONTEXT('managed model based 3d engineering');
#18580=APPLICATION_CONTEXT('managed model based 3d engineering');
#18581=APPLICATION_CONTEXT('managed model based 3d engineering');
#18582=APPLICATION_CONTEXT('managed model based 3d engineering');
#18583=APPLICATION_CONTEXT('managed model based 3d engineering');
#18584=APPLICATION_CONTEXT('managed model based 3d engineering');
#18585=APPLICATION_CONTEXT('managed model based 3d engineering');
#18586=APPLICATION_CONTEXT('managed model based 3d engineering');
#18587=APPLICATION_CONTEXT('managed model based 3d engineering');
#18588=APPLICATION_CONTEXT('managed model based 3d engineering');
#18589=APPLICATION_CONTEXT('managed model based 3d engineering');
#18590=APPLICATION_CONTEXT('managed model based 3d engineering');
#18591=APPLICATION_CONTEXT('managed model based 3d engineering');
#18592=APPLICATION_CONTEXT('managed model based 3d engineering');
#18593=APPLICATION_CONTEXT('managed model based 3d engineering');
#18594=APPLICATION_CONTEXT('managed model based 3d engineering');
#18595=APPLICATION_CONTEXT('managed model based 3d engineering');
#18596=APPLICATION_CONTEXT('managed model based 3d engineering');
#18597=APPLICATION_CONTEXT('managed model based 3d engineering');
#18598=APPLICATION_CONTEXT('managed model based 3d engineering');
#18599=APPLICATION_CONTEXT('managed model based 3d engineering');
#18600=APPLICATION_CONTEXT('managed model based 3d engineering');
#18601=APPLICATION_CONTEXT('managed model based 3d engineering');
#18602=APPLICATION_CONTEXT('managed model based 3d engineering');
#18603=APPLICATION_CONTEXT('managed model based 3d engineering');
#18604=APPLICATION_CONTEXT('managed model based 3d engineering');
#18605=APPLICATION_CONTEXT('managed model based 3d engineering');
#18606=APPLICATION_CONTEXT('managed model based 3d engineering');
#18607=APPLICATION_CONTEXT('managed model based 3d engineering');
#18608=APPLICATION_CONTEXT('managed model based 3d engineering');
#18609=APPLICATION_CONTEXT('managed model based 3d engineering');
#18610=APPLICATION_CONTEXT('managed model based 3d engineering');
#18611=APPLICATION_CONTEXT('managed model based 3d engineering');
#18612=APPLICATION_CONTEXT('managed model based 3d engineering');
#18613=APPLICATION_CONTEXT('managed model based 3d engineering');
#18614=APPLICATION_CONTEXT('managed model based 3d engineering');
#18615=APPLICATION_CONTEXT('managed model based 3d engineering');
#18616=APPLICATION_CONTEXT('managed model based 3d engineering');
#18617=APPLICATION_CONTEXT('managed model based 3d engineering');
#18618=APPLICATION_CONTEXT('managed model based 3d engineering');
#18619=APPLICATION_CONTEXT('managed model based 3d engineering');
#18620=APPLICATION_CONTEXT('managed model based 3d engineering');
#18621=APPLICATION_CONTEXT('managed model based 3d engineering');
#18622=APPLICATION_CONTEXT('managed model based 3d engineering');
#18623=APPLICATION_CONTEXT('managed model based 3d engineering');
#18624=APPLICATION_CONTEXT('managed model based 3d engineering');
#18625=APPLICATION_CONTEXT('managed model based 3d engineering');
#18626=APPLICATION_CONTEXT('managed model based 3d engineering');
#18627=APPLICATION_CONTEXT('managed model based 3d engineering');
#18628=APPLICATION_CONTEXT('managed model based 3d engineering');
#18629=APPLICATION_CONTEXT('managed model based 3d engineering');
#18630=APPLICATION_CONTEXT('managed model based 3d engineering');
#18631=APPLICATION_CONTEXT('managed model based 3d engineering');
#18632=APPLICATION_CONTEXT('managed model based 3d engineering');
#18633=APPLICATION_CONTEXT('managed model based 3d engineering');
#18634=APPLICATION_CONTEXT('managed model based 3d engineering');
#18635=APPLICATION_CONTEXT('managed model based 3d engineering');
#18636=APPLICATION_CONTEXT('managed model based 3d engineering');
#18637=APPLICATION_CONTEXT('managed model based 3d engineering');
#18638=APPLICATION_CONTEXT('managed model based 3d engineering');
#18639=APPLICATION_CONTEXT('managed model based 3d engineering');
#18640=APPLICATION_CONTEXT('managed model based 3d engineering');
#18641=APPLICATION_CONTEXT('managed model based 3d engineering');
#18642=APPLICATION_CONTEXT('managed model based 3d engineering');
#18643=APPLICATION_CONTEXT('managed model based 3d engineering');
#18644=APPLICATION_CONTEXT('managed model based 3d engineering');
#18645=APPLICATION_CONTEXT('managed model based 3d engineering');
#18646=APPLICATION_CONTEXT('managed model based 3d engineering');
#18647=APPLICATION_CONTEXT('managed model based 3d engineering');
#18648=APPLICATION_CONTEXT('managed model based 3d engineering');
#18649=APPLICATION_CONTEXT('managed model based 3d engineering');
#18650=APPLICATION_CONTEXT('managed model based 3d engineering');
#18651=APPLICATION_CONTEXT('managed model based 3d engineering');
#18652=APPLICATION_CONTEXT('managed model based 3d engineering');
#18653=APPLICATION_CONTEXT('managed model based 3d engineering');
#18654=APPLICATION_CONTEXT('managed model based 3d engineering');
#18655=APPLICATION_CONTEXT('managed model based 3d engineering');
#18656=APPLICATION_CONTEXT('managed model based 3d engineering');
#18657=APPLICATION_CONTEXT('managed model based 3d engineering');
#18658=APPLICATION_CONTEXT('managed model based 3d engineering');
#18659=APPLICATION_CONTEXT('managed model based 3d engineering');
#18660=APPLICATION_CONTEXT('managed model based 3d engineering');
#18661=APPLICATION_CONTEXT('managed model based 3d engineering');
#18662=APPLICATION_CONTEXT('managed model based 3d engineering');
#18663=APPLICATION_CONTEXT('managed model based 3d engineering');
#18664=APPLICATION_CONTEXT('managed model based 3d engineering');
#18665=APPLICATION_CONTEXT('managed model based 3d engineering');
#18666=APPLICATION_CONTEXT('managed model based 3d engineering');
ENDSEC;
END-ISO-10303-21;
